"","T_CD4","T_CD8","T_reg","mDC","mono-mac","myeloid","pDC","plasma","tumour_1","tumour_2"
"0",6.36008898339729e-05,6.3600889833974e-05,6.3600889833973e-05,0.0162436987084602,0.00533482109476551,6.36008898339723e-05,6.36008898339722e-05,8.45956203997328e-05,0.784817286990702,0.193201593136503
"1",0.0090976788220043,0.0485114245721226,0.0237656729989627,0.0208415793586813,0.198485874487212,9.08707996406878e-05,9.0870799640688e-05,0.00795981229835807,0.592811825974382,0.0983443898889959
"2",6.44461150695799e-05,6.44461150695788e-05,0.000314909415639377,0.000104105500668019,0.000108859154540456,0.000928493661705806,6.44461150695801e-05,0.00162738622490662,0.91145060239027,0.0852723053070608
"3",0.00866573409664657,0.431552942793733,0.0382933472835553,0.0210668139064015,0.451703595996677,0.0197408647638964,0.000187735011009365,0.0281668946260621,0.000187735011009365,0.000434336511009687
"4",6.37327070611515e-05,0.0138118466199295,0.0126456412069411,7.51234541055419e-05,0.0307462388095012,6.37327070611521e-05,6.37327070611525e-05,0.00741931475316553,0.107872747481436,0.827237889553737
"5",0.000206406300999362,0.0982800905993712,0.0197663674669708,0.0803208195606565,0.00648479831544315,0.0034637387833242,0.0169398835078767,0.00228589110316283,0.173337755640932,0.598914248721263
"6",0.031071796645437,0.0746120071954705,0.0123643005552183,0.000380734025243884,0.0472796712529512,9.17050390654193e-05,9.17050390654192e-05,0.00016422321829934,0.707180523904533,0.126763333124715
"7",0.000134068578436812,0.998793382794068,0.000134068578436884,0.000134068578436823,0.000134068578436825,0.000134068578436817,0.000134068578436821,0.000134068578436789,0.000134068578436971,0.00013406857843678
"8",5.12834122463885e-05,4.54441846020906e-05,4.54441846020855e-05,6.21461090168775e-05,0.984630801848203,4.54441846020821e-05,0.0147508252788865,0.000277722423498564,4.54441872175127e-05,4.54441871249235e-05
"9",9.22781439301994e-05,0.0442158122837146,9.22781439301993e-05,9.42878901705597e-05,0.000120002834439335,0.00293438881283155,9.22781439301991e-05,0.00295026952468462,0.772523771658881,0.176884632563488
"10",0.00301535920946543,6.59044139366636e-05,6.59044139366636e-05,6.59044139366635e-05,8.54489836043089e-05,6.59044139366632e-05,0.015882683461244,0.000169625622440489,0.887869658371023,0.0927136066964759
"11",6.47060315871978e-05,0.066980107290471,0.0504492526220655,0.0294212314773786,0.834157761797081,0.00572205654712448,0.0129387288214779,0.000136743345705167,6.47060365961455e-05,6.47060305130745e-05
"12",0.0633475309088385,0.315324792755276,0.00645813271881675,0.0691617826070128,0.00393778174814976,0.015098366579104,0.0704610217837776,0.00399697969670393,0.0636454993859828,0.388568111816338
"13",6.38800840998545e-05,0.17335946359012,6.38800840998543e-05,0.00183656950762728,6.38800840998539e-05,6.38800840998543e-05,6.38800840998539e-05,9.78063767360437e-05,0.0125177186756887,0.811869041429329
"14",6.42584169526655e-05,6.4258416952667e-05,6.42584169526645e-05,0.00379425091262758,0.00526466248593855,6.42584169526651e-05,0.000201520359137511,6.42584169526654e-05,0.000307803870896334,0.990110470286637
"15",0.242261491225415,0.597927832910382,0.0193117514501895,0.000202392714256936,0.0515837327359445,0.000202392714256877,0.000202392714256883,0.087903228107318,0.000202392714257242,0.000202392713723468
"16",6.57286682362977e-05,6.57286682363245e-05,8.84040225792798e-05,8.40458191698881e-05,0.982623486007441,0.000365654737194699,6.57286682362998e-05,6.57286682362957e-05,0.000216741705357485,0.0163587530353122
"17",9.20510598920595e-05,9.20510598920955e-05,9.20510598920627e-05,9.20510598921081e-05,9.20510598920995e-05,9.20510598920717e-05,0.00813359081606715,0.336099526989261,0.000123861044598607,0.655090714790721
"18",0.00901067827157298,0.00809169037254241,9.37580301259672e-05,9.07493909877227e-05,8.37618148205876e-05,6.45718338637066e-05,0.0121084360262555,0.0239674225942612,0.946246214688928,0.000242716976642362
"19",0.000136815500280625,0.966181360936878,0.000174646093840893,0.0279789239677998,0.000136815500339584,0.000136815500280616,0.00484417599973795,0.000136815500280609,0.000136815500280623,0.000136815500280624
"20",9.19824593538857e-05,0.174828686294417,0.00981935810946749,9.19824593538858e-05,0.000122812527264221,0.00603852416796923,0.00069203440146903,0.000110614817455724,0.721078543391511,0.0871254613717387
"21",0.000159632267436483,9.37768753980782e-05,9.36038012686955e-05,0.000220698245457037,0.739186469416157,0.00238921545989482,9.36038012686959e-05,0.257575792530582,9.36038012687237e-05,9.36038012688471e-05
"22",0.0101455063776028,6.52001010844532e-05,0.000140008790343845,6.52001010844571e-05,9.38333574133733e-05,6.52001010844588e-05,0.00734943568617998,7.4880714256857e-05,0.822530001640598,0.159470733130351
"23",0.0209318945147318,0.0619723808038981,6.41538731250008e-05,6.86803394458995e-05,0.0288248095186026,6.41538731250017e-05,0.00626233200647268,0.0167976216584079,0.814453255774158,0.0505607176380328
"24",0.000133062153489462,0.000133062153489464,0.00142681158925629,0.000133062153489463,0.000133062153489463,0.000133062153489463,0.000133062153489464,0.429406815136247,0.000191128125998266,0.568176872227561
"25",0.00912752160057888,0.965695489365786,0.0192832308439447,0.00532794079595591,9.29740632220232e-05,0.000100947078165847,9.29740630793388e-05,9.29740630793292e-05,9.29740630793285e-05,9.29740631083102e-05
"26",0.000129311218364037,0.315711128452889,0.0152210034116721,0.000129311218364037,0.000129311218364036,0.000129311218364037,0.000129311218364037,0.000129311218364037,0.191524859799171,0.476767141026083
"27",6.63126154112302e-05,6.63126031392952e-05,6.63126057556756e-05,6.63126057556515e-05,6.63126050093875e-05,6.63126087903619e-05,6.63126057556766e-05,6.63125987022721e-05,0.000186439115827222,0.999283060035853
"28",6.51769767024873e-05,6.51769767024758e-05,6.51769767024833e-05,6.51769767024835e-05,8.66541659238507e-05,6.51769767024856e-05,6.51769767024846e-05,0.000102626488665436,0.304958922885719,0.694460734599476
"29",6.37514438568688e-05,0.00153849425658918,6.37514438568688e-05,0.00345913325245241,0.0901802002434918,6.37514438568687e-05,6.37514438568687e-05,6.37514438568689e-05,0.757185075246433,0.147318339781749
"30",0.00013274253080387,0.564427640467912,0.000135146263807086,0.000131801668333901,0.000131801668333901,0.00492330831747175,0.000131801668333901,0.0183519059383206,0.403282638574457,0.00835121290222587
"31",0.0206643678745251,0.337195656863226,0.0032514324160376,0.00747573810320084,0.107266163668797,0.00013096056746072,0.000130960567460719,0.000130960567460719,0.488662085754141,0.0350916736176898
"32",0.000130830358618229,0.225504228290573,0.000130830358618229,0.00013083035861823,0.189790658957212,0.000130830358618229,0.000130830358618229,0.00194499900897938,0.498179292796305,0.0839266691538394
"33",0.000125442586677493,9.21884180701716e-05,0.00010893783318284,0.000187694597986053,0.747580616392713,0.000799534301763137,9.2188418070166e-05,0.000137504729401446,0.250775657046567,0.000100235675569353
"34",0.0132491018017223,0.0567175610820201,0.0864966681339996,0.0108836195041691,0.0157276495796487,0.0115121362755026,0.00279133424324227,0.0105139272942867,0.755089753196174,0.0370182488892343
"35",4.51687738649295e-05,4.51687738649168e-05,4.51687738649276e-05,0.00234104486342219,4.6759322775074e-05,4.51687738649306e-05,4.51687738649274e-05,4.51687738649349e-05,0.966981330857583,0.0303598523130301
"36",0.00295690999492357,0.170281378328915,0.212961401500403,0.000190088852941556,0.000190088852941571,0.000190088852941554,0.000190088852941554,0.609029009815204,0.000190088852910549,0.00382085609587686
"37",6.50649158141871e-05,0.0677330851787956,6.50649158141903e-05,6.50649158141902e-05,6.50649158141857e-05,0.0313435466595328,0.00293486637139017,9.49676369604021e-05,0.000109702540973949,0.89752357194909
"38",0.12039293836279,0.630605915532011,0.000130932632340545,0.000130932632340544,0.24463612829356,0.000130932632340544,0.00357937795628944,0.000130976693646994,0.000130932632340547,0.00013093263234055
"39",0.00325213527190375,0.44007693857001,0.00470636683970357,0.000130950997860565,0.000130950997860564,0.000130950997860564,0.0100075553602637,0.00361667641104689,0.0842049687127148,0.453742505840776
"40",0.0173009306593287,0.911778883337196,0.00304553116286489,0.0251382371777061,0.00438252050040352,0.000187710778283343,0.000187710778283344,0.0376030540470786,0.000187710778144782,0.000187710780710966
"41",0.000146344706415923,0.910048699430502,0.0599630954002166,0.0290506775775176,0.000131863814224588,0.000131863814224582,0.000131863814224578,0.00013186381422458,0.000131863814224569,0.000131863814224577
"42",0.00815061619404567,0.12680691621655,0.0170669551870611,6.38439378505056e-05,0.029691722057871,0.00874340753554978,6.38439378505049e-05,0.0110888623847023,0.038744335498251,0.759579497050269
"43",0.0143778480566189,0.589607991545186,0.000205507514877887,0.351961998009557,0.00532174319205633,0.017894667755152,0.000187811301215115,0.0200668100229945,0.000187811301215115,0.00018781130112652
"44",6.5819292457435e-05,6.58192924574287e-05,6.5819292457433e-05,6.58192924574353e-05,7.26435315438692e-05,6.58192924574358e-05,6.58192924574292e-05,6.58192924574299e-05,0.000118681496429061,0.999347939924825
"45",6.55509551370143e-05,8.00849092577414e-05,6.9626756662992e-05,0.0682967135171599,0.845324613101354,0.00047054847248213,6.55509551370134e-05,0.0854962094242432,6.55509550350883e-05,6.55509535309998e-05
"46",0.000132400368863422,0.515298111286199,0.0245115586962951,0.000132400368863422,0.4343327827836,0.0208496490802943,0.00434589630929475,0.000132400368863419,0.000132400368863424,0.000132400368863422
"47",0.000109968748576309,0.995455576444702,0.000156354674293154,9.328399839582e-05,9.32839983395451e-05,9.85391012284648e-05,0.00371314103946581,9.32839983958213e-05,9.32839982071368e-05,9.32839983958114e-05
"48",0.00494245616274369,0.211134906719995,0.137830211096026,0.00419513916722388,0.00013143438982706,0.000131434389338241,0.000131434389338243,0.641240114902319,0.000131434396275416,0.000131434386913144
"49",0.000188404410778987,0.322340888181556,0.132442254848922,0.000188404410778987,0.174549013905536,0.000188404410778987,0.0090304703394293,0.0220106234533436,0.33834335535046,0.000718180688416445
"50",9.81360489861958e-05,0.027181385871951,9.19252909739429e-05,0.00409653699932214,0.605233289801859,9.19252909739413e-05,0.00082387637314284,0.00814785354553231,0.354113292779353,0.000121777997905195
"51",6.49115540728788e-05,0.00684765754353033,0.00311978740392769,8.89617905452514e-05,9.51198163899298e-05,0.0198335148002562,6.4911554072878e-05,6.4911554072878e-05,0.96967847284795,0.000141751135182017
"52",0.250893389609497,0.175107727656641,0.000132063019220356,0.000132063028027975,0.00013206302008672,0.000132063019220356,0.000942963678271237,0.572263540937816,0.000132063013745001,0.000132063017474421
"53",0.000187731918503805,0.241318046711939,0.000824123521539655,0.414930136224829,0.249208570052438,0.000187731918503804,0.00515154481333639,0.0878166510019022,0.000187731918503804,0.00018773191850382
"54",3.17356316827263e-05,3.17565566284114e-05,3.17501877426249e-05,3.17512342408345e-05,3.17588721679991e-05,0.999714246760377,3.17501918744609e-05,3.17501866515607e-05,3.17501888923966e-05,3.17501897424684e-05
"55",0.0186754553398257,0.379657774747433,0.0091505297038047,0.00207223805504019,0.544707058061558,0.0452136608051705,0.000130820821791823,0.000130820821791823,0.000130820821791824,0.000130820821791823
"56",0.00361024387831534,0.437353751928247,0.0179832886978177,0.000186303606286586,0.369639525765827,0.000186303606286586,0.00497546392740528,0.027718738764556,0.0267829112836032,0.111563468541655
"57",0.00016766281193549,0.987195966158737,0.000148298149721092,9.29443268867502e-05,9.29443268867508e-05,9.29443268867505e-05,0.0119294220531455,9.39291917016882e-05,9.2944327212098e-05,9.29443268867675e-05
"58",9.11844076547045e-05,0.0896386113560733,9.11844076547045e-05,0.000898147902335111,0.0371156173099093,9.11844076547037e-05,0.00113153705460436,0.000790768287968039,0.20103377052398,0.669117994342166
"59",0.022992186501186,0.0280165132244051,0.00670438960191315,0.0151498130423734,0.0838078887760452,8.92478770839281e-05,0.00225609188687531,0.0146222165608706,0.208694497888282,0.617667154640965
"60",0.00508733661738848,0.239278743716703,0.0184713876349474,0.0363452063743825,0.236959124796089,0.000185182918467757,0.00128123863999007,0.000185182918467757,0.139440427455681,0.322766168927882
"61",0.00294799921519926,0.540962818784484,0.000130625361715607,0.22502036032969,0.230285069500894,0.000130625361715608,0.000130625361715608,0.000130625361715606,0.000130625361715608,0.000130625361153717
"62",9.39935572954961e-05,9.39935572955084e-05,9.39935572954913e-05,9.39935572955048e-05,9.39935574108973e-05,9.39935572954865e-05,9.39935572954903e-05,0.999154057983929,9.39935573658485e-05,9.39935575216773e-05
"63",0.000132016042261148,0.508797405502999,0.000132016042261148,0.000132016042261148,0.000132016042261148,0.0225265436487785,0.000132016042261148,0.000132248488380884,0.453374814457635,0.0145089076909017
"64",0.00714523433616766,0.0182635011331307,0.0159067339702067,0.000794657710342016,0.0587523851848717,0.00494424493447766,6.40392022491411e-05,6.40392022491399e-05,0.848944168926335,0.0451209953999705
"65",9.27707089182389e-05,0.238139049435252,9.27707089182395e-05,9.27707089182383e-05,0.000100683585282699,9.27707089182388e-05,9.27707089182383e-05,0.000113174171848697,0.712755970417404,0.0484272688456214
"66",0.054398567323452,0.448203939515386,0.0138012947973341,0.00813178512212993,0.468405893764373,0.00567159523581362,0.000130549133554727,0.000721883834077912,0.000130549133554728,0.000403942140324296
"67",0.00479527798770439,0.0297870712272922,0.0110570843289183,0.00504711090056388,0.0949946183171028,6.28935633508032e-05,0.00250268641781888,0.0984697990645224,0.724103486782461,0.0291799714102653
"68",0.00292252964717349,0.159183618893967,0.00691045322484626,0.00614923121050009,0.0139088902654286,6.30910777217441e-05,0.00144747891652364,6.30910777217451e-05,0.75186121407029,0.0574904016158272
"69",0.00453282892958667,0.972236980196306,0.0182132141365964,0.000131546640883125,0.00359398073086558,0.000145723831875778,0.000131546640883126,0.00075108561123755,0.000131546640883128,0.000131546640883098
"70",0.000130921513433305,0.389024856581014,0.0244605735050923,0.00389404759184177,0.000130921513333985,0.0032728217975997,0.00359592892205357,0.575228085548074,0.000130921513433304,0.000130921514123761
"71",0.0484364213771708,0.370210951916534,0.166691862080351,0.000187518512151939,0.406047445248619,0.00767572681337137,0.000187518512151938,0.000187518512151939,0.000187518512151901,0.000187518515346629
"72",0.000132186360316186,0.0488389992253646,0.000132186360316187,0.000132186360316187,0.000132186360316183,0.00278998800007533,0.00962735868347747,0.378036011897397,0.53758486446418,0.0225940322882412
"73",0.0136328848575082,0.221579778644801,9.05847598397455e-05,0.08765083807006,0.0171118433293668,9.05847598397455e-05,0.0049467763460825,9.52488999828715e-05,0.0190510204228304,0.635750439909688
"74",0.00018588834711179,0.577516790060485,0.0260537721910839,0.0374205222873336,0.00664083703248733,0.0837590012574315,0.00018588834711179,0.053724012857109,0.0106656662867007,0.203847621333145
"75",0.000113000392347216,0.968268179155151,0.000105608673264806,9.38328507240139e-05,9.38328507240146e-05,0.0309502146748878,9.38328507240152e-05,9.38328507240082e-05,9.3832850724016e-05,9.38328507291799e-05
"76",0.000129909029758605,0.141254036281435,0.043269689864978,0.00718973534054563,0.0354022900863564,0.0142386278901542,0.00205020032642389,0.0743807395015868,0.2333067701382,0.448778001540562
"77",0.0216494731215139,0.106756773149725,0.014422989212614,0.000131355000910286,0.324608826470617,0.0155687970772553,0.0126926404368703,0.000131355000910286,0.027913453838108,0.476124336691475
"78",9.0360166590856e-05,0.118869102405325,9.0360166590856e-05,0.0174829690249208,0.062833872983769,9.0360166590856e-05,9.03601665908559e-05,0.0190115089565723,0.220753929137679,0.560687176825371
"79",0.0225599300498203,0.169510066292024,0.0442644768389183,0.0220024195044458,0.00831084154625002,0.00721012475172176,0.00235876137926711,0.000127982925284513,0.208220176916216,0.515435219796052
"80",9.16673102747013e-05,0.204432397632599,0.0760205851071132,0.0122467182538258,9.16673102747008e-05,0.0100504312061357,0.00424237339496578,0.00104748549960109,0.0743511909385627,0.617425483346647
"81",0.0198291880877438,0.371099591997466,0.000129578688551814,0.000129578688551814,0.026914720844315,0.000129578688551814,0.000129578688551814,0.000129578688551815,0.124705204832529,0.456803400795187
"82",0.00848705149754515,0.178738724375682,0.000130187511044446,0.000130187511044446,0.0148916912631496,0.00284073374284173,0.000304472698667579,0.187016844766351,0.0876495019518237,0.519810604681851
"83",0.583318545367113,0.000132560129197999,0.0318599507509735,0.000132560129197997,0.000132560129198036,0.0140283102032716,0.00161557974230153,0.000132560129198012,0.000132560129198006,0.36851481329035
"84",0.0118531879548727,0.0834184790469275,0.000151068724820963,0.000131356409269639,0.482947549870599,0.000131356409269639,0.000131356409269639,0.00015488115907159,0.420889926724576,0.000190837291323866
"85",0.0142157096406955,0.049241327373662,0.00679635683884708,0.0176936190837661,0.308354742063327,0.000130413622097257,0.00178834114549996,0.00416332536466343,0.489837905067396,0.107778259800046
"86",6.36541615159106e-05,0.0958927222997162,0.00574086315229749,7.38290533776333e-05,0.0890114814678496,6.36541615159108e-05,0.000788014144455258,6.36541615159108e-05,0.807992051152615,0.000310076245141483
"87",6.29223965434675e-05,0.146422094789482,0.000839306759923794,0.00537698573988954,0.00227044064513406,0.00189838954628512,0.0019378622206074,0.0241799990276821,0.816721327516325,0.000290671358128309
"88",6.33246243394598e-05,0.1031822626069,0.015963631730096,0.00683705649982647,0.0701914607036165,6.33246243394596e-05,0.000788860706499301,8.94137281304479e-05,0.782748663075809,0.0200720017004427
"89",0.00540510525118822,0.206317384584352,0.000248926938487724,0.00849758507827223,0.182938998489952,0.00721388980035056,0.00274827849655374,0.00917758207101245,0.577138310974249,0.000313938315581
"90",3.16317421962066e-05,3.16302056161856e-05,3.16303285105845e-05,3.1631860378572e-05,3.16303290245011e-05,0.999715324223986,3.16303301776322e-05,3.16303252833085e-05,3.16303264197592e-05,3.1630328407016e-05
"91",0.0340413798208363,0.172469945727409,0.000133722020169465,0.000133722020169448,0.000133722020169435,0.0345256050372403,0.000133722020169461,0.748750460606008,0.00954399870827786,0.000133722019551314
"92",9.23674162563675e-05,9.23674164716423e-05,9.2367416256361e-05,9.23674162014544e-05,9.23674161127328e-05,9.23674161881593e-05,9.23674162563706e-05,0.999168693251959,9.23674166260167e-05,9.23674176715e-05
"93",0.2573766360313,0.40870208154627,0.0153231003103147,0.000264242349790555,0.0254638993774088,0.0880936470715114,0.000264242349790556,0.198394714988234,0.00183492240199315,0.00428251357338645
"94",0.00997268092174812,0.125786977270214,0.0100803508829874,0.0146364066248063,0.222515632238382,0.000129476197607582,0.00748974860992616,0.00806821393019328,0.114336917998217,0.486983595325918
"95",0.0288509065666524,0.166681084099292,0.00424510229096645,0.0117600647778907,0.19504370585683,0.00982353913885154,0.000193798347426473,0.000133199218425758,0.09436440321392,0.488904196489744
"96",9.1202685849869e-05,0.21595170093299,0.0243654245223222,9.12026858498685e-05,0.0111221556228241,9.12026858498685e-05,0.00610517670198761,9.12026858498685e-05,0.141719466908753,0.600371264567723
"97",0.0273335638076508,0.0839995865273033,9.06142074849415e-05,0.00127214094324886,0.000121635142183288,0.00649714229559045,0.00194771272544863,0.00125996664520789,0.299251352541481,0.578226285164401
"98",0.0343609639978499,0.164410460560501,0.0677221657802219,0.00903356935894543,0.180499148031218,0.000185196639329134,0.000185196639329134,0.0719438297585795,0.0621200669793944,0.409539402254631
"99",0.0064615972940192,0.417834418898352,0.000130022981087124,0.000130022981087125,0.477932782176147,0.0191253666079659,0.0122014222241267,0.000206195821998905,0.000130022981087126,0.0658481480341285
"100",0.00018478093564552,0.212828515851986,0.0536473152251513,0.0212022216949404,0.0879348967894456,0.00018478093564552,0.00395488903817227,0.0717998974059971,0.133223694552479,0.415039007570537
"101",0.0182991981843267,0.150991934707295,0.00360802610630206,0.019640015636764,0.22268999525713,0.000342272531061621,0.000187703269839424,0.000234939895058909,0.171643245715238,0.412362668696985
"102",0.206900666334397,0.614988552884472,0.133951265909447,0.00018675586704824,0.00018675586704824,0.00598243574983772,0.0161066733868762,0.0213233822665515,0.000186755867048242,0.000186755867273079
"103",0.0312410744396677,0.208747816531947,0.0429569304214973,0.0464816052910365,0.459365200050097,0.000186738670600394,0.0006066515470961,0.196749985175679,0.009609674176546,0.00405432369583302
"104",0.00191891804317518,0.00910074818089076,0.000922279118765822,9.56153372535991e-05,8.15720327286306e-05,6.45351122454589e-05,6.45351122454588e-05,0.00334616195529863,0.886992800342247,0.0974128347651498
"105",0.00212377397414725,0.0791582297588204,6.34031135351259e-05,0.00517977425605636,0.0820414709378319,6.34031135351257e-05,6.34031135351256e-05,6.40492786609672e-05,0.788659043087057,0.0425834493668206
"106",9.10804630132826e-05,0.0342232611741765,0.0114372404907278,0.0700324682898603,0.000101915102123609,0.00476111426428433,9.10804630132823e-05,0.239649056943614,0.616990265049447,0.0226225177597405
"107",8.96176221982572e-05,0.0607835621517249,8.96176221982566e-05,0.00322691698910628,0.269569776820105,8.96176221982567e-05,0.00189062147837027,0.000118205055712446,0.623442366053467,0.0406996985849194
"108",0.0125902823511625,0.034775811647729,0.00883733406735332,5.70916926272323e-05,0.0953018129873299,0.00761656372473313,0.001168626576044,0.00153483528220069,0.810942084435979,0.0271755572348417
"109",0.00273324712098498,0.219409036472579,0.0298505864570245,0.00365029107754097,0.149498954107298,0.000130218418879602,0.000975670160512326,0.00737585929325205,0.550144175352225,0.0362319615397046
"110",6.30242493178925e-05,0.112186824922232,0.0175645319917066,0.00246976571860048,0.0822951456443833,0.00173680600785146,6.30242493178925e-05,0.00822429668180442,0.689818566850832,0.085578013683954
"111",0.000198963774799648,0.477766959112522,0.260338415732115,0.000198963774799646,0.000198963774800106,0.00353335643144589,0.00019896377479965,0.000198963774799529,0.0455272813960748,0.211839168453844
"112",0.0535846438623594,0.909148702338542,0.00013289955370788,0.00013289955370788,0.00013289955370788,0.000132899553707879,0.000132899553707879,0.0363363569231435,0.00013289955370788,0.000132899553707879
"113",0.000136960969392413,0.0541971693280422,0.000131470172484408,0.000131470172484406,0.0033560259964905,0.000131470172484404,0.00560279343925378,0.931817186296964,0.00436398327991986,0.000131470172484404
"114",0.0461564485506558,0.292810541488216,0.0466469523733288,0.0137386278130389,0.591441571499231,0.000130450917722516,0.00104027189053346,0.00777423363182861,0.000130450917722517,0.000130450917722516
"115",0.0205580913950181,0.402026526340837,0.0900045651910219,0.00288868954626392,0.0127372140995579,0.0305988858489967,0.00135599974802155,0.00935518900305801,0.0985475627456463,0.331927276081578
"116",8.91802377298773e-05,0.17089015078943,8.91802377298777e-05,0.00571676611696533,0.0393933382914103,0.00102052400265002,8.91802377298768e-05,0.00155718479829099,0.165324329067671,0.615830166220393
"117",0.0230146040837889,0.120881274251826,0.00483391108317314,0.0103430580685786,0.169286397889836,0.00315380219120595,0.00256864037542633,9.45702735216734e-05,0.146521263950367,0.519302477832277
"118",0.000131478561040451,0.479157950408053,0.00013147856104045,0.49121974659707,0.000131478561040462,0.000131478561040451,0.00013147856104045,0.000131478561040444,0.0287019530675934,0.000131478561040451
"119",0.0468057934611001,0.134734912539051,0.0222028746074676,0.0214169404352228,0.215969793682001,0.000130339580901645,0.00218795559870359,0.000130339580901644,0.000231464395793855,0.556189586118857
"120",0.00997923896859959,0.250406492330019,0.0899970997021016,0.0093750946188361,0.0204119228382789,0.0171957986744605,0.00825310874766947,0.000129754161898717,0.142826767848838,0.451424722109298
"121",0.0173121996552525,0.765985866537732,0.0124771140081794,0.115162315773739,0.0381430374310488,0.0062463654469913,0.00597250774451178,0.0384425371969459,0.000129028102799847,0.000129028102799846
"122",0.117658624950673,0.790405330711513,0.034566437175046,0.00663497883600886,0.000130725509954149,0.0260059477897852,0.00177118073646727,0.022565323270465,0.000130725509954147,0.000130725510133366
"123",0.04272108511061,0.57587486066043,0.000188728339576483,0.00798605966711127,0.000188728339576493,0.0103975679209038,0.000188728339576483,0.00018872833957648,0.000188728339576484,0.362076784943063
"124",6.43646158731944e-05,6.43646158731968e-05,6.4364615873192e-05,0.00367924513165612,0.000101353648644216,6.43646158731926e-05,6.4364615873193e-05,0.00162376999589622,0.870908846736158,0.12336496140828
"125",6.35298014974615e-05,0.00155654220392646,0.00435861248169955,9.09192975958023e-05,0.000106114673408,6.3529801497462e-05,0.00131999403557386,0.00015967331463513,0.921223652273343,0.0710574321168228
"126",9.14601301149451e-05,0.0809194991048327,0.0180947213325036,0.0681451034130789,0.194953631290175,0.000656483229013226,9.14601301149452e-05,0.0190306897602792,0.548815407112704,0.0692015444971834
"127",0.000188333146624909,0.321712706429412,0.0311060303875386,0.000188333146624909,0.0350824942320415,0.000188333146624909,0.0106138905171793,0.280622602605497,0.320083721629459,0.00021355475899844
"128",6.29689487792006e-05,0.0792443272572008,0.00130725850708455,0.0107664200895519,0.00711836046217102,0.0050043199318234,6.29689487792005e-05,0.110007146430814,0.752265647358244,0.0341605820655526
"129",0.0021923083735242,0.205764972912626,6.41567843311881e-05,0.0052649130545096,0.00805648391692784,0.0017617561708432,0.000315090501982373,0.0288081334949612,0.737895860380082,0.00987632441021164
"130",0.00651810248050409,0.127746547975689,9.0478646816134e-05,0.000350774222132864,0.235120852604792,0.00416294477703964,9.0478646816134e-05,9.14164150805896e-05,0.601452911628312,0.0243754926028174
"131",0.0139490829493172,0.203820093438622,6.38013679828838e-05,0.00707228922052226,6.38013679828835e-05,0.00114343755961253,0.000125964820407321,6.38013679828847e-05,0.74588496169229,0.0278127662152801
"132",6.49542881034482e-05,6.49542881034505e-05,0.0317112196479307,6.49542881034478e-05,7.0065924976083e-05,6.49542881034472e-05,6.49542881034468e-05,9.14414061434139e-05,0.967653436381001,0.000149065199431892
"133",0.236214407602243,0.633674405022417,0.000141091185610207,0.000131747105473404,0.000131747105473405,0.000131747105473406,0.000131747105473406,0.000131747105473406,0.000131747105473399,0.129179613556888
"134",0.0115584068272481,0.17470474648864,0.000127991548367116,0.0239307511561323,0.185989266112254,0.0143181638321556,0.000284445307943996,0.00386575490465265,0.0834125471520188,0.501807926670587
"135",0.0401382361345658,0.764525420168316,0.0214977706926412,0.00905745128486807,0.000184025144737826,0.00877157752582365,0.000184025144737826,0.145801723361605,0.0096557453979669,0.000184025144737827
"136",0.00520460011059275,0.159485839489976,0.0295664674215316,0.000186597843519028,0.166901480453052,0.0128614789106748,0.000186597843519028,0.118793537050072,0.086163693239605,0.420649707637459
"137",0.1477714825704,0.498959468650515,0.0345221207643218,0.000187552129539438,0.292871274961789,0.000187552129539439,0.000187552129539438,0.00682927267064172,0.000187552129539438,0.018296171864175
"138",0.01182755369514,0.240551508499273,0.00548822072290963,0.000557782150100024,0.409761695859707,0.0011256724967361,0.0990538946326898,0.231263191193911,0.000185240374767004,0.000185240374767004
"139",0.000643043064823619,0.155798027776243,0.0211577304514788,0.014463717355072,0.226899630035361,0.00012922754183363,0.00308718094110505,0.0485580795793117,0.0289577603603355,0.500305602894435
"140",0.000187680962363042,0.331713618741581,0.000187680962363042,0.0171268493583817,0.230864546107691,0.000187680962363042,0.00215610732371284,0.162201779926408,0.000187680962363042,0.255186374692773
"141",0.0405911277997386,0.283146456470811,0.0175211487390616,9.22110703267488e-05,9.22110703267476e-05,9.22110703267495e-05,9.22110703267488e-05,9.2211070326749e-05,0.072321960260153,0.585958251378602
"142",0.0133763652892665,9.20146081570324e-05,9.2014608157032e-05,9.2014608157031e-05,0.00695106856029562,9.2014608157032e-05,9.20146081570318e-05,0.186102944595735,0.744052453203616,0.049057095310301
"143",0.0447506430980547,0.187073083060238,0.0240742789276503,0.0109645205003657,0.0469610482406164,9.18963771871602e-05,0.00176941539197328,0.000101502402900984,0.6759630867652,0.00825052523581386
"144",0.0144184406246148,0.0474076974256564,0.00246653949082254,0.021847707503633,0.0852766801696519,0.000871662142109437,6.35106077669184e-05,8.00435966405093e-05,0.77921080707622,0.0483569113628848
"145",6.40926701590914e-05,0.100883826758718,6.40926701590911e-05,6.40926701590913e-05,0.00968030032859089,6.40926701590911e-05,0.0013667468602401,0.000903432911023989,0.81272998692941,0.0741793355313808
"146",0.00516213488374883,0.0182238589368829,0.0311788309457796,0.000617109089264444,0.00302952993527227,0.00565561512648747,4.41553299684945e-05,0.0225563411577405,0.903285233007589,0.010247191587267
"147",6.40463883564291e-05,0.168743122206559,6.4046388356429e-05,0.00830498235506874,9.63355835254012e-05,0.00437414668236519,6.4046388356429e-05,7.30043045038386e-05,0.783908983556195,0.0343072861467132
"148",9.17869950424858e-05,0.0588761324354736,0.00201231360809407,9.17869950424851e-05,0.238550498029713,0.00181120091139255,9.17869950424851e-05,9.43031555347438e-05,0.674638105710371,0.0237420851642934
"149",0.0342367509491752,0.0399099164049135,0.0276345490352656,0.0010845135863356,0.111740956972664,0.00169200235153458,6.36331917049464e-05,0.00665343827261326,0.728699042080856,0.0482851971549371
"150",0.00361544666312283,0.0905957208069125,6.33499445278422e-05,6.81868320615347e-05,0.0613430862136678,0.00500871034769242,0.00124675765645872,6.70492646924889e-05,0.789571449421725,0.0484202428491387
"151",9.22251324211835e-05,0.000112285257246778,0.0125269967887231,0.00761020182982103,9.22251322615155e-05,0.0114355500409394,0.00639676420317937,0.96154930135044,9.22251324211784e-05,9.2225132546704e-05
"152",0.00449066176277457,0.0569414042315889,6.43205626627381e-05,0.00858807682955635,0.0175278367318032,0.00188477138370414,0.00325163518642123,9.75420983842703e-05,0.904819491941284,0.00233425927182079
"153",0.341166027969407,0.41063484686155,0.0187513323842171,0.000268203089291873,0.140380848357844,0.000268203089291873,0.006124734270562,0.000268203089291873,0.0117996584876619,0.0703379424008821
"154",0.0158678140840331,0.0326541530984416,0.0265395500566886,6.47681081559551e-05,6.68669037521822e-05,6.47681081559555e-05,6.47681081559555e-05,0.000197552580570972,0.146854225599448,0.777625533352598
"155",0.0970631390387865,0.707084100756306,0.0936041965559759,0.000130953719527347,0.00198550038759054,0.0927457283743067,0.00699352000892454,0.000130953719527347,0.000130953719527353,0.000130953719527339
"156",0.0106525318529877,0.189556804296081,0.000130397912174288,0.00152464783596813,0.480144928426892,0.000130397912174289,0.000130397912174288,0.000130397912174289,0.0480815854103651,0.269517910529008
"157",0.0319543072861537,0.162231932475824,0.014484262687817,0.0578367626703489,0.049461649758088,0.00166641869097771,0.000585240665694805,0.0561645004545776,0.0791372251836545,0.546477700126864
"158",0.108677073019855,0.288673008772757,0.0033867395902314,0.000187364439934606,0.289447900975484,0.0102138211059635,0.00818899953896225,0.290850363676943,0.000187364439934608,0.000187364439934606
"159",0.000872200634073433,0.259263794240842,9.26398140193459e-05,0.00341113625620681,9.26398140193448e-05,9.26398140193454e-05,9.26398140193451e-05,0.00119786581007152,0.000273885261649253,0.734610558541079
"160",0.000145483637456509,0.953674058256029,0.00906384809927746,0.00931207039994071,0.000132031053923449,0.000132031057001247,0.00209367255348767,0.0251827428290647,0.000132031056996791,0.000132031056822346
"161",9.31174513303345e-05,0.03044608353936,0.0516608014897498,9.3117451330331e-05,0.000122287515934802,0.0611022108866784,0.00573125902160316,0.0040770905047695,0.846559106727815,0.000114925411428328
"162",9.18431966287301e-05,9.18431966287268e-05,9.18431966287302e-05,0.00689826704836317,0.256555062394859,9.18431966287311e-05,9.184319662873e-05,0.0124151295600386,0.708813413059381,0.0148589119542147
"163",0.00311994538437076,0.279927287976813,0.0207288714918967,0.000129217817473081,0.160058945954323,0.0142155475878222,0.000129217817473081,0.000129217817473081,0.521284896033508,0.000276852118847307
"164",0.00477421768491202,0.219892807572984,9.14413417216757e-05,9.14413417216763e-05,0.0267396462525606,0.0123370921141079,0.00525643667973875,0.00418204068230058,0.686299277026748,0.0403355993032043
"165",6.30981952699989e-05,0.0482078292218693,6.30981952699995e-05,0.00461935491065207,0.0117867683291244,6.30981952699989e-05,0.00272102675245825,6.98349337539976e-05,0.867289786129,0.0651161051373321
"166",0.00698101492729175,0.124028092483596,9.12544644743622e-05,0.0015775064769579,0.183104256022456,0.003371463952537,9.12544644743623e-05,9.12544644743619e-05,0.637695504320209,0.04296839842353
"167",4.37856584265371e-05,0.0956042755932472,0.0111243784495963,0.000849988874999629,0.0444422756436264,0.00933109921749882,4.37856584265371e-05,6.11744882457339e-05,0.820823495445713,0.01767574097022
"168",0.00798893502861264,0.0173260412315814,0.0100311941046955,0.000788467577382293,0.128633679478005,0.00771365030323035,0.000695881557324304,0.00316233018719172,0.779156316043583,0.0445035044883938
"169",9.02845250474294e-05,0.121885238294123,0.00714269450951757,0.00402634436600658,0.12529457706946,0.0156967728464133,9.02845250474293e-05,0.0717946219573333,0.633602395065872,0.0203767868411784
"170",0.00836083601092141,0.102808729017964,6.33932725803218e-05,0.000650978509927929,7.1624462852734e-05,6.33932725803217e-05,0.00348640491940832,0.000105062063454154,0.819198542920552,0.0651910355497596
"171",3.16121810768029e-05,3.14255853466571e-05,0.999717006152893,3.14190567849719e-05,3.14228375805369e-05,3.1422838462222e-05,3.14228295479625e-05,3.14228381966958e-05,3.14228372925468e-05,3.14228428182141e-05
"172",0.0159109390484999,0.0707420871984257,0.000130811194038665,0.00921531358180712,0.0160772037862876,0.000130811194038665,0.000130811194038665,0.883686197744927,0.000130811194038666,0.00384501386389832
"173",0.000130668462957339,0.416053689411791,0.000130668462957338,0.0930449940614391,0.464811379199634,0.000130668462957338,0.000130668462957338,0.025305926549392,0.000130668462957339,0.000130668462957339
"174",0.000470252813479888,0.0272808694623068,0.00373470353397805,0.00354124273580857,0.0571251408888277,0.00245826876592799,0.0030655089408213,0.074887567406858,0.29200480634206,0.535431639109931
"175",0.000134998612133868,0.724252481088375,0.027483508837847,0.000131228020352726,0.000131228020352728,0.000131228020352725,0.000131228020352726,0.247341643339527,0.000131228020352727,0.000131228020352716
"176",0.0985654615439988,0.399176880829156,0.133900579495896,0.00302311540274338,0.0233076143681459,0.00120321592135206,0.0141152860299003,0.1638472794013,0.122591036848082,0.0402695301594253
"177",0.0240421105748347,0.926284728057185,0.0409801748647421,0.00013230316967706,0.00013230317132221,0.00789916747486595,0.000132303171330398,0.000132303171330399,0.000132303171330397,0.000132303173381517
"178",0.023563541887187,0.0165101748571768,0.180088292324629,0.000131823291021898,0.220846714283633,0.000131823291021898,0.000131823291021898,0.00333587849004001,0.114116207766196,0.441143720518073
"179",0.01422094840943,0.503499548216469,0.000132619877211925,0.000130773052756246,0.0188951622953285,0.000130773052756249,0.00265520361454082,0.460073425375995,0.000130773052756247,0.00013077305275625
"180",6.52274299500901e-05,0.0825000111300547,6.52274299500844e-05,6.52274299500862e-05,6.5227429880453e-05,0.0402358807758716,0.0099268023594226,0.866945941158265,6.52274301948001e-05,6.52274264607007e-05
"181",0.0178443190355113,0.329127400806176,0.0901485084532108,0.0140090988307748,0.00285046206373984,0.000130876326299956,0.000130876326299956,0.0476849519034208,0.000196233920614649,0.497877272333952
"182",0.0103613989187482,0.0753824573852719,0.00216741954456439,0.0644858066393254,0.167089667527927,0.000379447092990798,0.00457934667452748,9.03648964628942e-05,0.647089423496988,0.0283746678231938
"183",6.24689063390049e-05,0.0829745205425159,6.24689063390051e-05,0.000137443606234312,0.132952839562018,0.000122963726082285,0.00398905754520952,0.0101665016466465,0.719280268929036,0.0502514666295798
"184",0.000130318005430878,0.0500752495745334,0.0114524025091144,0.00503145549873928,0.321919417594884,0.00136810443532682,0.00112313858365804,0.0992773277974033,0.4683091426593,0.0413134433416106
"185",0.0153160976200964,0.136517190369931,0.0363919232770837,0.000127695988618939,0.31402692742458,0.000127695988618938,0.00213944021697012,0.0156536602270982,0.381979520779283,0.0977198481077194
"186",0.00320667588434833,0.123733562022026,0.0187080785450374,0.00682417608426486,0.35308644053509,0.00570159460810427,0.00297574868269189,0.0820495087667278,0.403525751693843,0.000188463177866604
"187",0.0340516017195502,0.200080175934903,0.0106532114163427,0.00448508891790168,0.256347310752951,0.00580998536620079,0.00144008236653266,0.119637833478088,0.312838772094645,0.0546559379528845
"188",0.00235959685676823,0.0907629734459283,6.35898978873671e-05,0.00399222125801811,6.64274665705514e-05,0.0032732242250455,0.0065552263353967,0.0955127934349481,0.74236651930241,0.0550474277770274
"189",0.0164530191743788,0.239169641199096,0.0109615103427116,0.00323976501584769,0.173225399702274,0.000130300937618363,0.000130300937618363,0.00484211455601344,0.508476155978903,0.0433717921555383
"190",0.00817922852737836,0.0823534371865386,0.00890337040782626,0.000494775392898131,0.0112612177615153,0.0025661553696697,0.00200324369420157,8.35453578293212e-05,0.801755263864401,0.0823997624377419
"191",6.3717880277546e-05,0.0687341898536916,7.25232735859673e-05,0.00165184685153952,0.000124028213928667,0.00254852288052313,0.00517895539974388,0.00361891101167515,0.866435702403746,0.0515716022312882
"192",0.000133193334169686,0.0333572495346061,0.00409200682651103,0.000130653218257233,0.0359708567756565,0.00177612539226655,0.00624899508035439,0.918029613401664,0.000130653218257234,0.000130653218257233
"193",0.0124610342921609,0.0263377276992294,6.41673472581571e-05,0.00106451887782532,0.0129393734053499,0.0010799013891255,0.00180271243353119,0.0172543067114819,0.0968331990440594,0.830163058799978
"194",6.4112994236406e-05,0.0828016852511071,6.41129942364059e-05,6.41129942364056e-05,0.000100163454316373,0.0345208762045384,6.41129942364061e-05,0.0041996406666992,0.0242815179486374,0.853839664497756
"195",0.00339363350730059,0.465948347208307,0.0174208462740633,0.00950398352288456,0.270556361910315,0.00919180724842759,0.00474203958438582,0.218869003531823,0.000186988606246628,0.000186988606246622
"196",0.053443048747794,0.177743468018425,0.00883053950581727,0.0105460777319341,0.216604701361117,0.000131029853254461,0.000131029853254461,0.0169961998265706,0.0257231460947962,0.489850759007037
"197",0.0350518171743725,0.0486373172855499,6.42415401531322e-05,7.81437472355281e-05,0.00207646490707517,0.00542328774909195,6.42415401531319e-05,7.53791594919018e-05,0.103683390169765,0.804845716727112
"198",0.0065049370597113,0.640672117327981,0.0348298918075775,0.0101042017789787,0.307232194258654,0.000131007968446642,0.000131007968446643,0.000132625893310557,0.000131007968446647,0.000131007968446643
"199",0.235233729750494,0.638534344330945,0.0126833296325302,0.000187206359698295,0.000187206359698299,0.0341509033870302,0.00306812535206655,0.000187206359698298,0.0755807421081409,0.000187206359698297
"200",0.0368158537633384,0.482214912110372,0.016649528099089,0.0110301857061303,0.227349542898766,0.0127512292748216,0.00414618647530075,0.000187116770400022,0.000187116770400021,0.208668328131382
"201",0.0421429672912686,0.0413470770776383,0.0175689865875502,0.00639457001928325,0.136896950847039,0.0175378160433665,9.18757110524188e-05,0.00468322598091727,0.12471726102905,0.608619269412835
"202",0.00150293699094211,0.0175304831422938,7.11015808337675e-05,0.00331257720371984,0.00739540140176151,6.38814051387821e-05,0.00412502462070699,0.000113728266493335,0.911801403317182,0.0540834620709277
"203",9.41642509177665e-05,0.0176543516779059,9.41642509177653e-05,9.4164250917766e-05,0.785349233267155,9.41642509177638e-05,0.000764874154651398,0.0676767667033085,0.0714380924671157,0.0567400247261919
"204",0.00493349513908147,0.0276369346547012,0.0195932020079671,4.39962135537505e-05,0.00802225208423076,0.00311049256902507,4.39962135537508e-05,7.27665339842675e-05,0.894554790907222,0.0419880736766803
"205",0.00651739480990067,0.0542832582177815,0.00685713266595326,0.00159212259542219,0.0662811007565469,0.00746651712846126,0.00503021597923946,5.60965824170238e-05,0.82265305280298,0.0292631084612975
"206",0.0126819581670379,0.144377416650669,0.00154237832747609,0.00466585962828202,0.00673026535148832,6.29892523565279e-05,6.29892523565282e-05,0.0269677605968801,0.789714884061325,0.0131934987121286
"207",9.12400346301539e-05,0.136277064437095,0.0947014057528952,0.0100688029417463,0.000121771760056026,9.12400346301533e-05,9.12400346301545e-05,9.12400346301534e-05,0.716086552718861,0.0423794422508251
"208",0.0270012984805285,0.28040596103028,0.0298065282282167,0.0200276123182635,0.00799110734152992,0.0248562277695003,0.000186028822367576,0.122996508796192,0.455257205739117,0.0314715214740054
"209",0.000188864156688608,0.119377957304251,0.027616785549964,0.0789215436946926,0.440375860547329,0.000188864156688608,0.000188864156688608,0.152937515434517,0.180014880842492,0.000188864156688604
"210",0.00333584336546897,0.202065250576636,0.00984856989046524,0.00249618330417877,0.0213926522944738,6.30980683102365e-05,6.30980683102364e-05,0.00276043814051951,0.752763793246854,0.00521107304478345
"211",0.0840971036516107,0.303282765896336,0.000153820515042686,0.000133129736223875,0.000133129735699831,0.000133129736223873,0.000133129736223876,0.611667531520158,0.000133129736257199,0.000133129736223883
"212",0.00706353877341506,0.440442879621488,0.0677580541117988,0.03072599083846,0.0551310856599132,0.124118546916082,0.000267118398463552,0.00781615167811777,0.0236183889148259,0.243058245087436
"213",0.00448504652439943,0.364543612151035,0.0744774643364957,0.210884749481619,0.000129961831453957,0.000129961831453958,0.000129961831453958,0.344959318349181,0.000129961831453957,0.000129961831453957
"214",0.0211283536594456,0.226529234564629,0.0121022997181411,0.0113699270948519,0.181050306789372,0.0314776598767445,0.00555791709056397,0.0229082061730501,0.0309243198293744,0.456951775203827
"215",0.00729668786712834,0.0230864282174087,0.015256193901167,6.29109712313647e-05,0.0828009162305084,6.29109712313645e-05,0.000825786257845518,0.00532570208708815,0.123238330561864,0.742044132934528
"216",9.30168807927285e-05,0.0223090154463309,9.30168807927244e-05,0.0998487375103786,9.30168807830803e-05,0.83882324890072,9.30168807927371e-05,0.0384608968554597,9.30168831290562e-05,9.30168808204985e-05
"217",0.000132504621233041,0.368924485573339,0.000132504621233043,0.438543936461086,0.000132504621233038,0.000132504621233041,0.000132504621233042,0.000132504621233044,0.000132504621233045,0.191604045616943
"218",0.0422518979750538,0.92199298950696,0.000139038756212372,0.000139038756212382,0.000139038756213774,0.0347818412244982,0.000139038756212369,0.000139038756212317,0.000139038756211954,0.000139038756212372
"219",0.00264131242769203,0.0757121204335924,0.0372984252396029,0.00621553133146238,0.174174988234255,0.00165749479081511,0.000426965674001895,0.0066653732545634,0.14294247277611,0.552265315837905
"220",9.07915144777968e-05,9.07915144777973e-05,9.07915144777964e-05,0.00262328993423077,0.370075819437221,9.07915144777968e-05,0.00358711904391438,9.87209211177197e-05,0.126192299976944,0.497059584628661
"221",0.000134407232938095,0.998785200631882,0.000134407232938086,0.000139541504322697,0.000134407232935567,0.000134407232938074,0.000134407232938079,0.0001344072329381,0.000134407233151003,0.000134407233018047
"222",0.00471029324896273,0.606759974787334,0.0212208806551668,0.000188971725130517,0.000188971725130517,0.00286420560735269,0.000188971725130517,0.331477344509331,0.00832323152894245,0.0240771544875193
"223",0.00398662864426838,0.000130781204823221,0.0099523869672495,0.0229988922517863,0.468310340223156,0.000130781204823221,0.000130781204823221,0.21050322617175,0.0598891972125605,0.223966984914759
"224",6.23156819767934e-05,0.0562088061633157,0.00650352629961571,0.00195715691436332,0.114914945496406,6.23156819767935e-05,0.00449986182966918,6.42909782636478e-05,0.795311398503467,0.020415382450946
"225",6.35464188424179e-05,0.155344914469363,0.0288088531354066,0.00528723552142956,0.0438848107322029,0.00533876700758237,0.00105515286197889,0.0302065314727675,0.695902252202788,0.0341079361776389
"226",0.0283898537222809,0.145222262178485,6.28093443520641e-05,6.28093443520641e-05,0.0961667358672516,0.0067814898289523,6.28093443520641e-05,6.33387047588893e-05,0.693335130410556,0.0298527612546596
"227",9.26366451838284e-05,0.162130482385054,0.126383723783388,9.26366451838287e-05,9.26366451838314e-05,0.0107156786749821,9.26366451838285e-05,9.26366451838291e-05,0.614936576286131,0.0853703556445259
"228",8.98013171818516e-05,0.206351803517676,0.0149097883884969,0.00939280656958729,0.0817168456810691,0.0196957904003991,8.98013171818514e-05,0.0107071238367122,0.627845202400595,0.0292010365711012
"229",8.97643905217949e-05,0.204506985861354,0.0362259876388262,0.00505158356115056,0.182305239127976,0.00213662033486915,0.00242173850452488,8.97643905217953e-05,0.544501069523003,0.0226712466672527
"230",0.0109566808972945,0.0716593752953596,0.00852756569487937,0.000945187282306275,0.201886138535151,0.0156463373820623,0.00124308593629937,0.0849378622872283,0.576181133951367,0.0280166327380524
"231",0.0350598104374755,0.206626407763815,0.0144713120544533,0.0089778887481714,0.0158449520426014,0.0128663936614487,0.00310143650562176,0.196528625129473,0.505008092543264,0.00151508111367638
"232",6.41054201372557e-05,8.7667491268248e-05,0.000454280739198578,6.42768264000836e-05,6.41054221494597e-05,6.41054224584889e-05,6.41054237895583e-05,0.99900914243528,6.41054147122223e-05,6.41054046056001e-05
"233",0.0272719648129889,0.36081196466086,0.0206831222984097,0.00782429758153463,0.231879017024775,0.00299244904176988,0.0120160345631191,0.328031748179985,0.001239289758705,0.00725011207785333
"234",0.00770095409851085,0.242820586121446,0.0213705193664795,0.000133127612243501,0.000141186586209705,0.00102145827481256,0.000890279261249597,0.102664778080803,0.0396171547093622,0.583639955888883
"235",0.0603616348241384,0.446595959842777,0.0642989734072154,0.00326906729836263,0.316871148270118,0.000185947451461275,0.00446891039373297,0.100637466119476,0.00312494494125635,0.000185947451461275
"236",0.0370657697607856,0.149161687164075,0.00559397698714988,0.00212243810909139,0.0633571340250274,0.00466957410652882,0.000130346923222234,0.00765269938613819,0.196096633569899,0.534149739968083
"237",0.000186254436996185,0.310701473417185,0.0798263438872965,0.000186254436996186,0.178290884633055,0.000186254436996186,0.0172391349898636,0.413010890887619,0.000186254436996181,0.000186254436996185
"238",0.00735620130676188,0.311973315828233,0.00134503491419657,0.0157094086827777,0.0111984724242166,9.08877145306569e-05,9.08877145306568e-05,0.0245214430632511,0.0616867668745854,0.566027581476916
"239",0.0649030659100474,0.0786484088778766,0.00698973578291908,0.000187443336599626,0.225021246545512,0.000187443336599626,0.00035065896662383,0.528295811880484,0.000187443336599624,0.0952287420267383
"240",0.0342842606336904,0.097134576032656,0.00195257523821879,9.25109839773758e-05,0.155372605069688,0.0231050278444803,9.10357717557845e-05,0.0146553558024146,0.118868705692597,0.554443346930522
"241",0.00932130536790167,0.103929694011811,0.00830557451502978,0.00722334497674797,0.157564868841589,0.000635161569626758,0.00208067517941913,0.00158411415998802,0.140986574717815,0.568368686660072
"242",9.12709355676489e-05,0.0306230722924727,9.12709355676486e-05,0.00498376649974508,0.168164647451575,9.12709355676491e-05,9.12709355676489e-05,0.0229366626345852,0.000173512404119872,0.772753254975232
"243",0.0532508854596831,0.109137212722893,0.00227029133033522,0.000130019840941492,0.148175334800088,0.0067801695197411,0.00131527127234924,0.0729497387751976,0.549817285524011,0.0561737907547596
"244",0.020074907694772,0.0981302870343849,0.000127772653973625,0.000127772653973625,0.237928724778809,0.00685072915259927,0.00140807067977215,0.0543041567089157,0.498266719024281,0.0827808596185187
"245",0.000704593968566913,0.0433831030269449,0.018661054380278,0.00765762129612081,0.058497740115397,6.26866260302334e-05,6.26866260302334e-05,7.85118036646987e-05,0.824636548321969,0.0462554538349982
"246",9.11131509456399e-05,0.122821276133683,9.111315094564e-05,9.11131509456398e-05,0.156206526097831,0.0123682421159314,9.11131509456399e-05,0.110731420884095,0.565006424372145,0.0325016577925324
"247",0.0207706658492951,0.261276864318405,0.0110757197977515,0.0568859024765368,0.0326609319721634,0.0123486076662284,0.00648015899022002,0.317390254035137,0.280843293579726,0.000267601314536861
"248",0.0465289516006968,0.199337303018683,0.00714911578009636,0.0170713065794258,0.000185831174459172,0.00193673663964761,0.00769993497006904,0.266566361592366,0.449925980095059,0.00359847854949706
"249",0.0111009445669506,0.0812998979428767,0.0402329321216679,0.0117101055246916,0.316472034058859,0.00575092459199621,0.0635995401078677,0.000167330883054186,0.432676580192055,0.0369897100099807
"250",0.0241667542708326,0.162864864937453,0.00416532970849718,0.00205176450045179,7.77220171273152e-05,6.26409794265264e-05,6.26409794265264e-05,0.0532626999779366,0.673808616705857,0.0794769659229919
"251",0.238552971055992,0.406788049649599,0.353734841956824,0.000132019621575496,0.000132019618345412,0.000132019619245193,0.000132019619245213,0.000132019619245195,0.000132019622537344,0.000132019617391037
"252",0.108758178143121,0.253388380414184,0.000186462947226393,0.0157703631678114,0.00018646294722639,0.000186462947226393,0.000186462947226393,0.326624447334506,0.294526316204246,0.000186462947226395
"253",0.01749538020247,0.216595178925534,9.20991833939116e-05,9.20991833939123e-05,9.20991833939205e-05,9.2099183393912e-05,9.20991833939079e-05,0.765264746588239,9.20991833939132e-05,9.20991833939119e-05
"254",0.000186674355358881,0.373759507050257,0.0126505518297354,0.00380253589474612,0.0254195375104257,0.00828495600038141,0.155887944446708,0.0162391381798732,0.385866886682249,0.0179022680502651
"255",0.000145883916694185,0.376867179068683,0.000132509961994968,0.00908038618383501,0.000132509961994968,0.000132509961994972,0.000132509961994969,0.613111491058927,0.000132509961994996,0.000132509961885227
"256",0.450278178330685,0.535699695387031,0.00888998588225866,0.000131778079532088,0.0043326113862878,0.000131778079532083,0.000131778079532087,0.000140638616076282,0.000131778079532084,0.000131778079532085
"257",0.0290433249547574,0.46839503420799,0.00564398540306642,0.000130949017338132,0.000130949017338128,0.000130949017338132,0.0077312613142736,0.0168738202082508,0.0996211268308815,0.372298600028766
"258",0.000130178967534916,0.000130178967534915,0.000130178967534916,0.00770774610910347,0.0394602603061658,0.000130178967534915,0.00484851978081387,0.313056866015373,0.179488920530906,0.454916971387498
"259",0.00744788037610665,0.120552876560094,0.0422370196116298,0.0046241428761353,0.252120247707936,0.0013094385270329,0.00426705918403921,0.0581942510319969,0.0288453824259532,0.480401701699077
"260",6.22468930250739e-05,0.0498901626372271,6.2246893025074e-05,0.0303285063038793,0.0780129627618859,6.22468930250742e-05,0.00182528062306596,9.04867015055944e-05,0.111393340702998,0.728272519590363
"261",0.00106081412990366,0.192776286932436,0.0369066677691693,0.00481736883584977,0.209392721942637,0.00225346011945632,0.000184152271435812,0.244961268395867,0.285135108915205,0.0225121506880411
"262",0.00299723836446461,0.00953377404918933,6.20913128000726e-05,0.0297067783472264,0.125197331291469,6.20913128000725e-05,0.000392397816181519,0.0369788410073526,0.745914136918531,0.0491553195799859
"263",0.0079162566091176,0.0445429454199385,0.00393092368692282,0.013837891147277,0.00665715011767916,0.00533601592124981,0.00175185862659412,0.0472901778767178,0.804279664929883,0.0644571156646202
"264",9.03455854983767e-05,0.175323978197196,0.0600276592870301,0.00133497482194859,0.0167425613524638,0.000420886960111217,0.00236730130251489,0.0680575475662744,0.675354249888293,0.000280495038670264
"265",6.29935783531789e-05,0.0667289217315394,6.29935783531787e-05,0.00193002477457778,0.0897458463166043,0.00132901132786245,0.00236118190177268,7.85127374231768e-05,0.782146879063408,0.0555536349901061
"266",4.36384315807732e-05,0.040027792863257,0.0051207238206744,0.00597754536326001,0.0857083927088807,4.36384315807732e-05,4.36384315807731e-05,0.0141841815437578,0.79183449215806,0.0570159562473673
"267",0.000399458571006923,0.0444064388530915,0.0305167360733186,0.041761345091026,0.223804755506714,0.00149940743052213,0.00314526163502569,0.00554411764984664,0.586932394140861,0.0619900850485883
"268",0.000188229972804092,0.0989572908624685,0.0338803676217916,0.00848951682991044,0.0258097991077041,0.000188229972804092,0.0186643348832082,0.412748809322207,0.350217380599193,0.0508560408279083
"269",0.000187406945422136,0.334277912119314,0.00485919394117191,0.000187406945422136,0.000187406945422137,0.000187406945422136,0.000187406945422136,0.250646105344742,0.405898115317704,0.00338163854995729
"270",6.28588271920345e-05,0.148496744648047,6.28588271920343e-05,6.28588271920344e-05,0.00222560611497309,0.000375765001987203,6.28588271920345e-05,0.0692671694752701,0.699326891891089,0.0800563875598655
"271",0.010592830155984,0.000101063700180999,0.0100922042715679,9.2429039025759e-05,0.000101555615502379,0.0167907779264517,9.24290387724618e-05,0.96195185217302,9.24290399975789e-05,9.24290394971214e-05
"272",0.0461893198986802,0.0541099090974665,0.00806270620867467,9.09715265370346e-05,0.147547486915866,9.09715265370348e-05,0.00245758925377346,0.0814476210401813,0.00441582562667727,0.655587598905606
"273",0.000131170142578977,0.0964791530080332,0.00656445438736549,0.0121467477745471,0.000148474407458792,0.000131170142578976,0.000131170142578976,0.174986744569993,0.178596516843915,0.53068439858095
"274",0.000130546531970702,0.184368355895781,0.0821301566925253,0.00340799556935985,0.449832561413773,0.000130546531970702,0.000130546531970702,0.000135279298753511,0.00977172312829101,0.269962288405604
"275",0.00502392013310294,0.307078760116765,0.00891640586077513,0.0168220184652503,0.303883288425325,0.0432664172111369,0.000185835942269738,0.0257136616025933,0.0757368630391882,0.213372829203593
"276",0.0626584436218646,0.197043650382691,0.0206926724701442,0.0245444632615724,0.383403198345737,0.000186375587720598,0.000186375587720598,0.0118705372136254,0.00529787247323872,0.294116411055685
"277",0.00786541158825645,0.150716628870314,0.0184736820037295,9.18975398502812e-05,0.0934108571466023,0.00246225569347376,9.18975398502813e-05,0.0155488731113086,0.0801651789914427,0.631173317515172
"278",0.0679624084317283,0.00985825419374489,0.000129863231594322,0.0714182482144038,0.451525434919535,0.000129863231594322,0.00519626721768289,0.00013151154762246,0.00589279967298128,0.387755349339113
"279",4.49931307764153e-05,4.49931307764151e-05,0.00399136295316922,0.00348943920763748,0.0264182835802004,0.00126509076941702,0.00282804953375844,5.27521588743377e-05,0.0530378980905662,0.908827137444824
"280",9.34244792919198e-05,0.000121428804956729,0.000135296894107474,9.34244792919203e-05,0.694548852102394,9.34244792919203e-05,0.00278150797667231,0.301945791820921,9.34244799049859e-05,9.3424483168202e-05
"281",0.0180635199667883,0.0850815774669442,0.000128768473197501,0.00728658854812912,0.354395850366824,0.029214693638667,0.000128768473197501,0.028221217985946,0.444103234551016,0.0333757805292905
"282",0.0167950258329833,0.147927072620917,0.00636703481410395,0.000130497463580168,0.302691844974667,0.0113598928416119,0.000130497463580168,0.00283399863484705,0.511605662903734,0.000158472449976213
"283",0.00117842007763033,6.32038174505304e-05,0.00469483816108489,0.00652209316262018,0.141953207124089,6.32038174505303e-05,6.32038174505301e-05,0.0330782962323088,0.754942017384861,0.0574415164050542
"284",0.0233881999152842,0.0713630041603155,0.00242650233249644,0.0193585547135582,0.444650488368719,0.000130926657433385,0.00260626103066305,0.0987472846283215,0.330526107578601,0.00680267061460815
"285",6.41771167517206e-05,0.147687836066245,0.0395640093203355,6.55795111213388e-05,8.46358869477429e-05,0.00426002419223536,6.41771167517202e-05,6.59708614254854e-05,0.807879059668951,0.000264530259235192
"286",9.15575208618456e-05,0.0110916844920191,9.15575208618455e-05,0.0133593763052612,0.231997596435217,0.00205349967839899,9.15575208618452e-05,0.000111065626818346,0.716963555650736,0.0241485492489639
"287",0.0121352750230358,0.307823831797735,0.0256475554746236,0.00788294494164634,0.000130545541166512,0.000130545541166512,0.000130545541166512,0.000143044357314935,0.50819484778498,0.137780863997165
"288",0.0162767437593091,0.0779057220663086,6.38119223198128e-05,0.00722402040893086,6.96106367666215e-05,0.000225203454237029,6.38119223198128e-05,0.126911717304375,0.723900803238825,0.0473585552866089
"289",6.51100558811261e-05,6.51100558811203e-05,6.87368709441268e-05,0.000110572961562894,6.89751355980009e-05,6.51100558811282e-05,6.51100558811291e-05,6.95525980360632e-05,0.999124609764317,0.000297112446017359
"290",0.000132874745426292,0.183971029143604,0.0111055076430516,0.00945290936396218,0.572272533096421,0.00865155914574877,0.0124226538447962,0.0530469810654835,0.14881107720608,0.00013287474542629
"291",0.0428790151456744,0.249931668804675,0.0062376401368554,0.0054320831233026,0.00966476493544171,0.00837653179568369,0.00435593682893735,0.00540702723036429,0.593984311502735,0.0737310204963305
"292",0.000188858082143,0.322538045554,0.229227854913138,0.00522472508999951,0.000188858082143001,0.000188858082143,0.00770282386937816,0.000188858082143,0.404390576023567,0.0301605422213456
"293",0.000133723073101844,0.653894685640803,0.000158866979830444,0.000133723073101839,0.000133723073101835,0.000133723073101843,0.00635322805828677,0.338716779241787,0.000133723073087134,0.000207824713798562
"294",0.188089757603207,0.232510392750966,0.000132345834064153,0.000132345834064153,0.000132345834064153,0.000132345834064152,0.0144715117304165,0.00920700788160982,0.000150653635477157,0.555041293062067
"295",0.0183096296359889,0.0982375556538725,9.22796234514094e-05,0.000123508127657594,0.824077064327169,9.227962345141e-05,0.00425003012151903,0.0244366809490806,0.00010866060105953,0.0302723113367506
"296",0.0206563897817545,0.185963378436105,0.00540467409400877,0.00142018532723919,0.10096762467096,0.00803468759679501,0.000129636298735578,0.0633213780088598,0.0928150779534603,0.521286967832083
"297",0.00319233741730809,0.673165791236196,0.0118102165231092,0.0213993908317641,0.143587455062973,0.0141482330479967,0.000185678426471998,0.0359460619280417,0.000185678426471998,0.0963791570996667
"298",0.00487871451214077,0.0184936139505315,9.10090545947335e-05,9.58653350533298e-05,0.288291668578176,9.10090545947337e-05,9.10090545947335e-05,0.0104703259854465,0.102667975837536,0.574828808637332
"299",9.32456434334966e-05,9.32456434334583e-05,9.32456434334719e-05,0.000132799914023199,0.999121234936557,9.32456434334325e-05,9.3245643433503e-05,9.32456434334383e-05,9.3245645385467e-05,9.32456434336693e-05
"300",0.0143682944654297,0.159979773731431,0.00940074665645117,9.07132481089022e-05,0.0013195292352366,0.0668095716662106,0.0117133502972459,0.000120859747659422,0.675199397971672,0.0609977629805548
"301",0.000979669685527236,0.110278309796111,0.00596433766674457,0.00585723420654058,7.29366834558737e-05,6.37406771697759e-05,6.37406771697758e-05,0.000119553270529973,0.852304640533102,0.0242958368036496
"302",9.09702141199812e-05,0.164790102894721,0.00664233482244029,0.00310352601254476,0.00572129123544336,0.00526523274506909,9.09702141199823e-05,0.134788364847016,0.672910708898651,0.00659649811587553
"303",9.20974762240631e-05,0.287241735347073,0.00541161134847659,9.20974762240644e-05,9.29073675798984e-05,9.20974762240643e-05,9.20974762240642e-05,9.50621484842666e-05,0.689712768344778,0.0170775255387117
"304",0.000158036415391136,0.993909327593772,0.00496696065062423,0.000136324274167224,0.000136324274167222,0.000147729695230723,0.000136324274167227,0.000136324274167224,0.000136324274146387,0.000136324274166329
"305",0.0445799714543906,0.349499894003061,0.000184553978125937,0.0190129254644227,0.205223042312688,0.0388376376245616,0.00473066862077714,0.0176029706211004,0.29254826642853,0.0277800694923417
"306",6.57897923494394e-05,0.0192235444552873,6.57897923494406e-05,0.000132617425247887,6.57897923494498e-05,6.57897923494401e-05,6.57897923494407e-05,0.0286347725415606,0.951521498928517,0.000158617687639642
"307",0.000131329659024403,0.000526728459130706,0.0124214895967594,0.000131329659024405,0.352812800460912,0.000131329659024405,0.01055815186485,0.170915843114652,0.452155975212928,0.000215022313694166
"308",6.42983466556377e-05,0.095560130770451,0.000566522690224522,0.00880256531574539,8.99481440413323e-05,0.00824418205077757,0.00412348449576126,9.41209586962692e-05,0.882231565960796,0.000223181266851237
"309",0.00508899453858426,0.269478175370341,9.05476167604891e-05,0.0177550370142838,0.000390330267422119,0.00377389794104219,0.0002287768427407,0.0047701451337946,0.57518456575116,0.123239529523871
"310",0.0295375009590419,0.000105111135869419,0.0949215543679659,9.357077974979e-05,9.35707797496681e-05,0.0835712281356192,9.35707797497883e-05,0.791396751502762,9.35707797498103e-05,9.35707797424793e-05
"311",0.00243613214467929,0.549343877464917,0.0001314826453938,0.110559007493913,0.000131482645393796,0.0001314826453938,0.0001314826453938,0.000131482645393793,0.336869927196656,0.000133642472865424
"312",0.0103248297563058,0.104246313219346,0.00560705232559454,0.00596971296792396,0.108303369629856,0.00652082142635691,6.29270814052177e-05,8.91052665309566e-05,0.702392492906198,0.0564833754204829
"313",0.027462721534189,0.285370809164918,0.00465828153587375,0.00830236200303252,0.000130599463641109,0.000130599463641109,0.0025832858021596,0.164747342141381,0.488715297900257,0.0178987009909062
"314",0.000131892806897558,0.333127459561626,0.00637220824770471,0.00717547827296294,0.000131892806860272,0.000131892806897558,0.000131892806897558,0.652533497076309,0.000131892806897651,0.000131892806946572
"315",0.0750968125994172,0.68848837477776,0.0547104713889147,0.00140150202518127,0.00130765170446898,0.000184850875880258,0.00343890097789105,0.175001733898726,0.000184850875880258,0.000184850875880258
"316",0.000128620658655124,0.297714895719702,0.0226065311311527,0.00526973273346971,0.119928465408127,0.00972193628514469,0.000321136459432822,0.0152793533331337,0.0706673306045761,0.458361997666606
"317",0.00530413882813563,0.110322405544258,0.000130127968940796,0.0203841016377084,0.594000015819154,0.00432363006349188,0.00795285980479232,0.0376510704552856,0.000130127968940793,0.219801521909294
"318",9.13960065643071e-05,0.084189362926525,0.00429131040924597,9.1396006564307e-05,0.0867505679868001,0.000485614418208277,0.00178247120991908,9.27783115682697e-05,0.184876664771942,0.637348437952662
"319",0.015302250647126,0.452840436202788,0.0287263116484345,0.000187470370730826,0.0105452975327888,0.00136532318881171,0.000187470370730827,0.490470499297128,0.000187470370730826,0.000187470370730828
"320",6.53422170286351e-05,6.53422170286232e-05,6.75339814011105e-05,0.000127372696371229,0.896142936686013,6.53422170286355e-05,6.53422170286353e-05,0.103270103331585,6.53422172858218e-05,6.53422192290802e-05
"321",6.48490402645735e-05,6.48490402645617e-05,0.0600509429824102,0.00219186207718292,6.48490402645281e-05,6.48490402645756e-05,6.48490402645754e-05,6.48490402645606e-05,0.937214461843082,0.000153638855737199
"322",0.031988411822321,0.966885967556426,0.000196124069840235,0.000132785221630299,0.00013278522163029,0.000132785221630297,0.000132785221630298,0.000132785221630295,0.000132785221630299,0.000132785221630297
"323",9.25653268398294e-05,0.0148158009584995,0.0203043616406181,0.003759563979826,0.0241910053152689,9.25653268398287e-05,0.00577318573071865,0.930785821063143,9.25653306800211e-05,9.25653275658807e-05
"324",0.0371148114316213,0.361202423806794,0.00381956796788442,0.55220016212431,0.000130396188917077,0.00013039618885515,0.000130396188855151,0.0450110537250514,0.000130396188855145,0.000130396188855151
"325",0.000105905762758775,9.18908273883838e-05,9.75946612329007e-05,7.06104612627933e-05,0.999244938315304,6.51728024693619e-05,6.51728024693615e-05,0.000104051481711311,8.88287398095386e-05,6.58341455932058e-05
"326",0.0206538105998607,0.978232314646791,0.000158008748639336,0.000136552286393763,0.000136552286346151,0.00013655228639377,0.000136552286393761,0.000136552286393759,0.00013655228639372,0.000136552286393759
"327",0.0130926111730323,0.112068920294766,6.32735819003803e-05,0.00708564314910301,0.13540771098438,0.00225475942266503,0.00160297329345326,0.00804719920798154,0.679945786586106,0.0404311223066122
"328",0.00154133620236413,0.0887893621357825,0.00916011781464129,0.0105175764080637,0.0440432910609098,0.00296459888504458,6.37179937607286e-05,0.000451306336616438,0.842267547189455,0.000201145973362257
"329",0.00489423961936842,0.191509978044346,6.43331395085491e-05,7.48468295603317e-05,6.43331395085492e-05,6.43331395085494e-05,0.00456935744813605,6.86665536895846e-05,0.785130064946297,0.0135598471400774
"330",0.000270791425392565,0.0633100602697703,0.00737969045449059,9.00268100608657e-05,0.034955313136087,0.0430882560715031,9.00268100608656e-05,0.179653834374259,0.618647415262298,0.0525145853860771
"331",0.000130875121777727,0.745270264514597,0.000145415350144698,0.00668671425910867,0.000130875121777725,0.000130875121777726,0.000130875121777727,0.247112355142121,0.000130875125139952,0.000130875121777721
"332",0.050380720198769,0.0419989332637516,0.00012926658462263,0.00205652007503663,0.516659309764674,0.0348783829920594,0.00183913017048623,0.0621885067359687,0.289708606810886,0.000160623403745195
"333",0.0233978777391447,0.164266510781596,0.0111751680624022,0.00743309003283956,0.131739397322521,9.1142380444492e-05,0.000539933917142909,9.11423804444925e-05,0.0664381439181934,0.594827593465271
"334",0.0254286054933596,0.406459859735679,0.0481552821691225,0.00694350523641819,0.0848965954545967,0.00293757704612239,0.0011947783797388,0.253516987047451,0.017500811238728,0.152965998198784
"335",0.00888122900391192,0.203607312133837,0.00470817827124983,0.00151683996555891,0.159137439453977,0.00285016772796155,0.00291660499714002,0.000137117398476347,0.152396494739829,0.463848616308059
"336",0.000137195844766648,0.998753498219121,0.000137195844766639,0.000137195844766642,0.000137195844766634,0.00013719584476663,0.000137195844766638,0.000148935022745785,0.000137195844766614,0.000137195844766638
"337",6.55791975955637e-05,6.59359442711326e-05,0.000952150207635048,0.0209798888738272,0.000134434472149931,7.53619654916785e-05,0.00136553522488219,6.55791975955653e-05,0.95799366561408,0.0183018693024713
"338",6.46786682208593e-05,0.0549448271139581,0.0176886782933412,6.46786682208598e-05,0.000115494984172554,6.46786682208595e-05,6.46786682208596e-05,7.93236889206632e-05,0.926533781270585,0.000379179976138913
"339",6.8169076397773e-05,6.81690763977423e-05,6.81690763977758e-05,6.81690763977859e-05,0.0190201508287162,0.0696319164267972,0.0357058377647332,0.000105344788815003,0.87517844303838,8.56308469675467e-05
"340",6.56695499152013e-05,6.56695499152016e-05,6.56695499151999e-05,6.56695499152001e-05,9.12616800120849e-05,6.56695499152012e-05,0.00124782830060457,0.0188568383153797,0.921950157424088,0.05752556653034
"341",0.0104644799861522,0.0671546757916535,6.4310319854936e-05,6.43103198549362e-05,0.0492853884577167,6.43103198549355e-05,6.43103198549356e-05,6.43103198549366e-05,0.750692439041219,0.122081465123984
"342",6.54702219968721e-05,6.54702219968839e-05,6.54702219968704e-05,9.55320926218541e-05,6.54702219968474e-05,6.54702219968748e-05,6.54702219968741e-05,9.76172635012297e-05,0.974129750875351,0.025284278436545
"343",0.032076030981397,0.293941883415682,0.00388089750984577,0.000187373122472679,0.0012984369161898,0.000187373122472678,0.000802618933015297,0.302576391875511,0.320503386138153,0.044545607985261
"344",0.0222155625479725,0.436578242029789,0.158502049531586,0.0124992221929052,0.350432627073134,0.0130521509561023,0.000188294359782157,0.0044119191138421,0.000188294359782158,0.00193163783510466
"345",0.000130487149626111,0.13631654776168,0.000130487149626111,0.0110358267914422,0.0513720919046881,0.00224506276127519,0.117376635492342,0.116702795186636,0.0694707683399247,0.495219297462761
"346",0.0424425999299576,0.564325431122052,0.351623487293676,0.000132562593680291,0.00443151240044901,0.0363905911380433,0.000132562593680291,0.00025612774113364,0.000132562593680292,0.000132562593648035
"347",0.0104486903077544,0.66724061220168,0.000187568172984109,0.0390097999805486,0.105832188048122,0.000187568172984111,0.000187568172984109,0.168904271306968,0.00781416546299143,0.000187568172984106
"348",0.0386856318616088,0.960207868369758,0.00016919589904699,0.000132948945297224,0.000132948945345063,0.000139610197717386,0.000132948945297225,0.000132948945297224,0.000132948945297221,0.000132948945334459
"349",0.0346170012798842,0.935256428124269,0.000139382605473126,0.000135351000790146,0.000135351000966183,0.029175081985457,0.000135351000790151,0.00013535100079014,0.000135351000790151,0.000135351000790147
"350",0.000188211555514692,0.51790875057553,0.0444539746870656,0.000188211555514694,0.119737624436366,0.0031518472657654,0.0327653125715499,0.0331091550942731,0.248308700702906,0.000188211555514694
"351",0.000130482501779891,0.362248679448476,0.000130482501779891,0.000130482501779891,0.189093579056987,0.00416356081724876,0.00177005301655422,0.000130482501779891,0.442021643479028,0.00018055417458522
"352",0.00163948522749529,0.902140699904195,0.0512519274721947,0.044163663187262,0.000133389112426669,0.000133389112426663,0.000137278646719456,0.000133389112426671,0.000133389112426686,0.000133389112426658
"353",0.00762342222666128,5.30851412564808e-05,5.27527844608808e-05,5.40266542516069e-05,0.970608269131916,4.52690305432407e-05,4.52690305432408e-05,0.021427367939311,4.52690305130906e-05,4.52690305432672e-05
"354",6.41952514715369e-05,0.0495369136032898,0.000529665195263526,6.41952514715374e-05,0.0102780077598891,0.00427679701584811,6.41952514715375e-05,8.65878084918573e-05,0.91070298100299,0.0243964618598134
"355",0.000137776142613785,0.974905877488839,0.000147893841994846,0.000137776142613766,0.000137776142157334,0.000175466416256806,0.023944105397683,0.000137776142613777,0.000137776142613768,0.000137776142613762
"356",0.00711663423738861,0.959188101954109,0.000135989735410989,0.0177959295164215,0.000131987836526903,0.0141284638208862,0.00110692938932638,0.000131987836551518,0.000131987836827572,0.00013198783655152
"357",0.0297380514981873,0.0510097159580528,0.00793641826783933,6.41036050576296e-05,0.0088234807095273,0.00116977203889145,0.00201719410624937,0.00351478152242814,0.875380645679775,0.0203458366139918
"358",6.61758508500723e-05,6.41352328668317e-05,6.4135232866828e-05,7.98525664891655e-05,8.63229517629657e-05,6.41352328668276e-05,0.00320430818377496,0.000124366771172697,0.952342233530483,0.0439043344468668
"359",6.49734415904923e-05,6.4973441590494e-05,6.49734415904925e-05,6.64183461525819e-05,0.000115909999041274,6.49734415904929e-05,6.49734415904894e-05,6.69188699847262e-05,0.999247176213979,0.000178709362890199
