,meanscell_abundance_w_sf_T_CD4,meanscell_abundance_w_sf_T_CD8,meanscell_abundance_w_sf_T_reg,meanscell_abundance_w_sf_mDC,meanscell_abundance_w_sf_mono-mac,meanscell_abundance_w_sf_myeloid,meanscell_abundance_w_sf_pDC,meanscell_abundance_w_sf_plasma,meanscell_abundance_w_sf_tumour_1,meanscell_abundance_w_sf_tumour_2
0,0.03534626,0.023632817,0.048487972,0.014028601,0.014850508,0.022897959,0.004666585,0.016878834,3.8247685,0.4294995
1,0.138277,2.0262747,0.535756,0.09741057,3.2779596,0.06643851,0.015368685,0.08335787,4.9282465,0.049269114
2,0.055840272,0.04667409,0.06857685,0.0127913775,0.0106749395,0.021937264,0.006645624,0.026656136,3.9941041,0.04974609
3,0.048141886,7.5145555,0.04214381,0.014785783,3.619116,0.022322621,0.0062209074,0.059307538,0.00206293,0.0022259005
4,0.08096882,0.12634316,0.13731907,0.030849127,0.08638932,0.04830865,0.010019059,0.06871276,0.0071486,6.0472317
5,0.09487708,3.7694979,0.10907712,0.9306954,0.054731112,0.05921826,0.16655436,0.049993187,0.03766062,4.998031
6,1.2865202,2.6186306,0.18381427,0.034783334,0.29945013,0.05495331,0.01231185,0.037513994,4.9400077,0.3581875
7,0.007824053,0.8239929,0.009384027,0.0026846332,0.007941236,0.0074915444,0.0046543074,0.013548442,0.0019343925,0.0028249808
8,0.0107169235,0.039421324,0.01146568,0.0055284468,3.4318426,0.007025003,0.009268621,0.016894143,0.0014299566,0.002303664
9,0.053259604,0.78449583,0.057066858,0.013529327,0.020441433,0.03399734,0.0075110076,0.05440147,2.7644753,0.79381
10,0.015431832,0.037206285,0.03689012,0.00452961,0.012219172,0.011439745,0.017192937,0.024404876,0.9793442,0.060969327
11,0.012594701,0.87270886,0.017788753,0.010339777,4.9721975,0.012563391,0.010561281,0.030027945,0.0022954002,0.0025325443
12,0.283344,15.078288,0.10431604,0.9129185,0.024901174,0.07464166,1.1792657,0.06351308,0.011428936,3.0874352
13,0.09633319,3.207551,0.0801103,0.018173484,0.012325398,0.03408876,0.0050458773,0.071305975,0.039553203,3.305429
14,0.020878129,0.025408596,0.023397347,0.012218805,0.010121297,0.011949621,0.004749448,0.014820869,0.0042069326,3.5102422
15,0.013429588,0.57399887,0.0061835577,0.0025233566,0.00672649,0.0065833856,0.0019900405,0.015260049,0.0013241614,0.0009179709
16,0.016094573,0.034977805,0.03879622,0.06105558,0.32121918,0.075532265,0.0033763028,0.01253343,0.020987907,0.023889303
17,0.0105470745,0.030032074,0.015495595,0.0055355565,0.012835438,0.012956846,0.024601279,0.6761147,0.024407387,0.5399365
18,0.13445574,0.12967235,0.121577546,0.01612686,0.013133019,0.0319249,0.101762466,0.1450434,2.8055937,0.020417033
19,0.01336342,3.1002934,0.017359061,0.010738916,0.008013187,0.009904175,0.0066129514,0.016873445,0.0044401493,0.0047085513
20,0.07886676,5.530141,0.12658143,0.017707845,0.015890874,0.045654994,0.011217986,0.032502167,3.8981545,0.46307018
21,0.0068335054,0.03678713,0.0060958853,0.003626255,0.28490677,0.006703383,0.00428765,0.04053975,0.0014938888,0.001435813
22,0.027368084,0.085320294,0.031419273,0.0121765975,0.013976701,0.012030586,0.004435959,0.03379369,1.3857797,0.38525563
23,0.15126188,1.5766747,0.13640328,0.030847436,0.07269204,0.02743847,0.04262241,0.075807765,3.3007758,0.031447347
24,0.019760378,0.0693569,0.036841568,0.007686802,0.0149365915,0.008848388,0.004518152,2.5758052,0.009586113,1.1289883
25,0.020090094,5.177893,0.013890181,0.003413288,0.0054428587,0.0074893227,0.003740344,0.012965085,0.0021709285,0.0035537363
26,0.23456237,10.766589,0.23449379,0.036647446,0.0139474375,0.12290742,0.008587204,0.04371925,0.1255124,4.711518
27,0.0060073775,0.007605204,0.00960725,0.002354927,0.003876607,0.00289006,0.0011381236,0.0032705173,0.0039179944,1.521721
28,0.013568077,0.03168061,0.01473682,0.0049818377,0.009596074,0.0105481865,0.0026147657,0.022443634,0.46130654,0.9745262
29,0.063837126,0.043170307,0.0894032,0.011552038,0.6321819,0.03362563,0.005871866,0.012489558,3.5495121,0.44382578
30,0.030730207,3.8895175,0.03476608,0.012707295,0.011351944,0.011388733,0.009414703,0.033380713,0.3721329,0.03146538
31,0.22655603,11.655192,0.16111355,0.033403333,1.1251173,0.045602065,0.0122851925,0.056163043,3.032973,0.033336397
32,0.10588706,7.5360885,0.13197593,0.019270781,2.8062832,0.12454445,0.012553915,0.06948257,3.213104,0.58223224
33,0.015441023,0.046353742,0.021125909,0.011365797,3.0863595,0.011781475,0.0077338214,0.018087154,0.30678815,0.010043529
34,0.1116113,2.4091291,1.1693729,0.06317382,0.052713033,0.07151589,0.016730214,0.1478973,3.1763515,0.16620766
35,0.009583749,0.020383786,0.019080196,0.0061334013,0.006488685,0.008206484,0.0039572744,0.008406277,1.0313165,0.02521709
36,0.019312423,3.3482354,0.029214934,0.004096622,0.012376768,0.015240832,0.0044962834,3.8399842,0.0019501412,0.0036392093
37,0.015837733,0.69235694,0.019085996,0.0058318228,0.008828337,0.022352384,0.006219253,0.024872541,0.0074780276,1.2002672
38,0.8384354,8.956781,0.043176603,0.0078038517,0.7116895,0.016646389,0.014516403,0.1118759,0.0033660207,0.003703938
39,0.14437547,13.506927,0.15374015,0.019187363,0.028454643,0.042101685,0.04659936,0.07973275,0.013068663,3.3066676
40,0.05267589,13.958312,0.037144993,0.010125014,0.014345456,0.017588595,0.0076844636,0.044669535,0.0014878936,0.0022050764
41,0.026275732,7.981693,0.024437042,0.007635694,0.013881256,0.010381668,0.004748521,0.025765441,0.0016515846,0.0023327847
42,0.09918996,1.1757684,0.09840237,0.0119032,0.029056774,0.32242978,0.006497578,0.042843465,0.008259758,1.7928495
43,0.04318011,7.39579,0.027051006,1.0854704,0.028593699,0.01585061,0.006886198,0.056553714,0.0019589409,0.0026815406
44,0.00477868,0.01100109,0.0052464963,0.0014956254,0.005002066,0.0033340035,0.0027581141,0.0046094395,0.0052223834,0.6369858
45,0.015712893,0.06432655,0.013523204,0.1370159,3.1592808,0.01312679,0.0044645583,0.1191339,0.0032010172,0.0044403025
46,0.019209618,5.0684614,0.025294319,0.005754782,1.1033039,0.018157955,0.010693126,0.019503934,0.0021393753,0.00411266
47,0.023669247,6.7358527,0.019103082,0.0037064226,0.006794116,0.010329468,0.004996491,0.016984696,0.0019240008,0.001798511
48,0.0210959,4.8790827,0.033460718,0.0049442286,0.013425235,0.01111453,0.0065457113,6.953552,0.0017393784,0.0018719586
49,0.035268147,4.6737146,1.3991809,0.006085472,0.7020852,0.02459409,0.012119028,0.077652276,0.6324749,0.03598031
50,0.026965111,0.13835408,0.024107086,0.013554579,3.4820232,0.013725167,0.013994774,0.049320176,0.7224705,0.016094359
51,0.01905297,0.15570791,0.06460927,0.013737259,0.015847491,0.022993704,0.004314856,0.015958326,1.8306837,0.014150436
52,0.15027422,4.5154033,0.018526295,0.0042092027,0.011581082,0.011079608,0.008628221,3.2566633,0.0013489566,0.001775266
53,0.012205892,3.2315514,0.011581882,2.9504313,0.46928364,0.0077926186,0.0072835954,0.06878809,0.0009473493,0.0019508529
54,0.0058525084,0.049349736,0.009261391,0.0033264374,0.0058077513,1.2455474,0.0027698246,0.042664696,0.0012440201,0.0010881193
55,0.09764862,16.604229,0.059100196,0.010980658,8.315122,0.14678627,0.013271347,0.045421574,0.0021417704,0.0025498169
56,0.12340031,9.736841,0.12091324,0.017730212,3.654274,0.05271191,0.016796662,0.1277497,0.028433433,0.3971806
57,0.03205293,5.1091266,0.019401904,0.005615317,0.011526275,0.01061194,0.0058224783,0.019319829,0.0010828206,0.001730968
58,0.06122755,1.938761,0.074497715,0.03109037,0.061901983,0.0942198,0.016816616,0.061065394,0.11263995,4.5312476
59,2.331885,0.20174433,0.5487489,0.39833236,1.6011387,0.14796445,0.033823736,0.22510177,0.13519982,10.549305
60,0.28073522,13.816693,0.28821364,0.8259159,5.424546,0.10503408,0.025794577,0.083602235,0.5837875,4.4389925
61,0.050226577,6.0862293,0.029518532,0.62409866,1.0003579,0.016527887,0.008868694,0.114899814,0.0042067044,0.0026375907
62,0.008217241,0.16240573,0.00939181,0.0035061308,0.008673429,0.007837882,0.0044407765,0.7086532,0.002126664,0.0021529896
63,0.058067746,9.012511,0.051073797,0.0055758697,0.014826932,0.036642,0.0061850743,0.045169022,1.2849009,0.027477762
64,0.17883113,0.8422096,0.35045955,0.02470501,0.68741286,0.08400929,0.011012454,0.02175844,6.035326,0.029332398
65,0.054652847,3.714656,0.04844527,0.009632796,0.016951382,0.01722061,0.0048365006,0.03612011,1.9043835,0.1772439
66,0.05953973,8.696464,0.039172918,0.008301723,3.0690832,0.017214581,0.005102195,0.030661805,0.0020451436,0.0027382711
67,0.39534038,1.0099758,0.6252994,0.13046543,2.1118975,0.116551496,0.069905266,4.598046,9.174854,0.07591372
68,0.4789885,9.011953,0.7493423,0.18382542,0.16224045,0.18257725,0.041912097,0.04737625,9.167235,0.063924424
69,0.083406106,17.946627,0.0638082,0.0070671444,0.027424635,0.03419827,0.013961583,0.050928567,0.0016273801,0.0019822405
70,0.03272217,6.516081,0.029284049,0.006468738,0.014566445,0.011970085,0.009354421,5.6328516,0.0019066046,0.0022597748
71,0.049444493,10.6805105,0.08242722,0.0058374265,3.0050197,0.018596377,0.004296682,0.037585665,0.0014682658,0.0021828646
72,0.016982937,0.28713185,0.025244638,0.0077656987,0.009686599,0.013793645,0.0092726145,2.554143,1.0171629,0.0225823
73,0.10594559,7.3228493,0.08601151,1.9665195,0.016384726,0.042259857,0.020061212,0.0331508,0.004459793,4.33643
74,0.08028464,11.458429,0.10906522,0.20854865,0.021073822,1.1741637,0.012307339,0.22662398,0.016492246,0.6991832
75,0.013904368,4.4203176,0.01460862,0.0035943917,0.0076302853,0.0106905475,0.0033430317,0.013499954,0.0014149584,0.0012784584
76,0.17037155,4.5276346,1.2429614,0.085805535,0.061758175,0.23902047,0.025219837,1.4415997,0.35901666,4.0716143
77,0.081074156,3.1022177,0.06645443,0.017949082,2.8445425,0.04746146,0.06924297,0.039166257,0.021106308,2.066422
78,0.37173504,4.3293815,0.38738245,0.29114717,0.7830693,0.31578666,0.0339597,0.40791646,1.2625648,6.141651
79,1.5429319,1.180483,3.581889,0.06470595,0.012714704,0.10047235,0.014727239,0.031061139,0.026563538,3.562096
80,0.110234134,6.858945,0.33347887,0.036653455,0.01641538,0.06181591,0.030071206,0.09958334,0.0094028795,3.7198474
81,0.6545611,10.9525175,0.16168141,0.03689778,0.06756859,0.08392869,0.009729848,0.048182923,0.01748321,3.4370027
82,0.1177654,2.472028,0.057762872,0.015018567,0.026597029,0.1611657,0.0105634,2.0618014,0.012379884,2.0222166
83,1.2361379,1.3165567,0.020738931,0.005584922,0.0073236194,0.009594376,0.0040626326,0.01632955,0.008895943,0.17026064
84,0.06123799,1.1821368,0.06334994,0.013062639,4.8617463,0.024720466,0.006882164,0.039277513,1.5770504,0.021428565
85,0.13268687,1.8839437,0.13691646,0.047560383,5.171334,0.042471137,0.016391821,0.061142545,3.3509462,0.68585324
86,0.30977282,7.499566,0.60399824,0.07800021,2.7372653,0.18913974,0.031319506,0.07481782,13.17941,0.021055274
87,0.65223706,16.861794,0.69006443,0.12538067,0.033902764,0.30192646,0.08445129,1.0482491,18.160275,0.019084495
88,0.4175734,7.740378,1.1219007,0.1843413,2.2332726,0.22646083,0.04912342,0.109138794,11.973092,0.35279286
89,0.2692833,8.453133,0.31692436,0.049601294,3.4192808,0.16123271,0.03597809,0.13042858,4.497208,0.019192476
90,0.005696867,0.22424492,0.00818582,0.0026858277,0.0041499054,0.9253027,0.0020807816,0.007944004,0.0010777093,0.0012492025
91,0.018339602,1.5376518,0.011433008,0.0053893845,0.010138864,0.011733688,0.0057880217,0.28728917,0.0018601791,0.0013368384
92,0.010385828,0.055784665,0.011526929,0.0032757928,0.0063619534,0.0119908815,0.005854461,2.4662285,0.001925507,0.002311227
93,3.5862103,9.11827,0.025340296,0.005775639,0.016363937,0.3214143,0.004778517,1.3210452,0.0010788337,0.0015447543
94,0.25003675,7.3983946,0.2105546,0.08099743,5.4067883,0.099753425,0.12344528,0.0808361,0.01074474,7.6466727
95,0.6769259,13.776778,0.31301644,0.19736111,5.8577514,1.7972804,0.042422388,0.09606208,0.01720652,9.257696
96,0.07494351,8.0077305,0.12744822,0.023282254,0.03113367,0.05440568,0.025193693,0.035539925,0.0518783,4.7392592
97,0.96595466,2.4541829,0.16986308,0.05512868,0.009814649,0.12839352,0.029791571,0.028871432,0.47371653,6.7119713
98,0.18378976,7.2546525,2.1763408,0.13628559,2.258764,0.06363955,0.014972794,1.5248057,0.015277881,3.2567527
99,0.076816306,5.968335,0.04113258,0.05352621,3.520986,0.2909538,0.068123795,0.08030629,0.0073156236,0.053174015
100,0.17220058,7.1713443,0.5918945,0.16413188,0.7876655,0.07295592,0.03986489,1.3983414,0.026189387,3.2611866
101,0.48071006,4.4049206,0.16556938,0.07168095,3.3871694,0.1389041,0.013610955,0.073666655,0.17518671,3.7065094
102,1.8197724,11.062133,0.11150288,0.0099753905,0.014632861,0.018954014,0.06978982,0.120039865,0.0015047619,0.0018453082
103,0.041570634,5.945091,0.040848136,0.021444615,4.1229215,0.017780816,0.012462646,1.8354409,0.0030829948,0.004047356
104,0.18477097,0.17670976,0.33182922,0.044020645,0.013453683,0.08076326,0.01698747,0.058888998,15.913333,0.8488334
105,0.3532067,3.5721474,0.38324025,0.054418832,1.7644023,0.21192366,0.015148305,0.031053644,8.652806,0.0507899
106,0.052595813,0.43533152,0.11509149,0.94965464,0.0164156,0.037928198,0.0055567566,5.804495,3.9383957,0.011937846
107,0.30981854,1.7549236,0.54882884,0.1750472,8.212003,0.25549287,0.029689187,0.07383221,8.550131,0.03541649
108,0.94760865,4.74068,0.9123752,0.07442631,4.0715427,0.35177183,0.044025224,0.100772314,18.02215,0.026524134
109,0.22252718,11.586818,1.2023252,0.07176475,3.0353227,0.11016901,0.028007697,0.18962233,5.428328,0.062685266
110,0.31997138,5.140732,1.1084343,0.101189,1.4359163,0.3121952,0.024298243,0.1677101,7.2330775,0.15220378
111,0.0063507766,0.1410091,0.10709102,0.0036901366,0.0041460264,0.006979126,0.0013604633,0.008421408,0.0018616129,0.002364218
112,0.054649983,5.0814667,0.03345229,0.008569358,0.01130627,0.016464233,0.008874861,0.03744843,0.0024321908,0.0037934484
113,0.013380015,0.076056294,0.013891624,0.0028686759,0.008803814,0.006789043,0.0058730487,7.9169884,0.002314448,0.0020136568
114,0.11876884,18.436893,0.067263335,0.017761672,12.190093,0.03879979,0.013101287,0.05205095,0.0029936323,0.002580226
115,0.362621,13.812742,1.2268103,0.041167412,0.047346655,0.17379224,0.020338029,0.104291126,0.04811733,2.1333556
116,0.32844916,9.850878,0.29523185,0.13299827,0.48102143,0.78034246,0.0426621,0.11949821,0.047862567,10.976051
117,1.950267,9.424374,0.47033697,0.40011606,6.0410843,0.6994322,0.1124865,0.08039118,0.0740452,12.381218
118,0.023298493,4.066379,0.028650817,0.9490596,0.017211214,0.009609016,0.010318446,0.05678847,0.0022102376,0.0030379181
119,0.26450494,6.08159,0.1759231,0.04852392,3.3318136,0.044825085,0.027116545,0.064038664,0.0073010577,3.9761634
120,0.13685599,5.5991626,1.6933813,0.06581151,0.029345198,0.081325464,0.06626235,0.03522467,0.03758195,2.2020094
121,0.10399495,21.719757,0.06308669,1.6104896,0.038359217,0.054111056,0.032496575,0.17187217,0.0015484667,0.0020117017
122,0.46800348,24.763739,0.09194046,0.015395249,0.021221846,0.052128397,0.018404847,0.15169255,0.0022078727,0.0022375262
123,0.04680927,4.899749,0.024997551,0.008606627,0.011807396,0.023269353,0.0055888225,0.01626886,0.004678619,0.5261192
124,0.0546506,0.03558095,0.09662049,0.026929237,0.026600579,0.03294308,0.007879327,0.038637742,7.70355,0.943779
125,0.1167743,0.08804169,0.26682788,0.029262446,0.017435685,0.06415225,0.015150076,0.03244083,11.350477,0.09613929
126,0.07828831,3.19485,0.14791334,2.1449,2.7311652,0.042007577,0.01171294,0.078221194,3.973032,0.0880331
127,0.041790046,6.080012,0.07356018,0.013300522,0.16703904,0.02380335,0.020463714,3.2841728,0.905088,0.012726972
128,0.27064103,2.8950858,0.43299946,0.07191451,0.019267937,0.23228022,0.018826338,9.189092,12.754481,0.02124457
129,0.28571483,7.9307146,0.384551,0.05987714,0.06887729,0.12458049,0.030155612,0.64190423,5.754828,0.027614621
130,0.38369614,5.2741284,0.42852223,0.10775164,4.4084654,0.33850512,0.036229584,0.04289809,5.584145,0.04948611
131,0.26538515,8.756395,0.20437902,0.024662742,0.01498228,0.0927627,0.017819319,0.026734918,5.9069514,0.05708777
132,0.01805145,0.17403,0.04008647,0.006268815,0.006505211,0.01019465,0.002753194,0.01506651,1.2827255,0.008931705
133,1.3116025,9.177636,0.0320557,0.0064579058,0.009313044,0.014945242,0.007441282,0.04320388,0.0035061887,0.16467613
134,0.4666292,10.517333,0.2705016,0.22609612,4.9064665,0.84236485,0.053993165,0.08841911,0.014441627,7.8759265
135,0.25517938,26.48239,0.101872094,0.024061445,0.028580502,0.056912594,0.02419898,2.9652011,0.0050273244,0.0046436703
136,0.15986644,7.063063,0.2331689,0.04673114,2.5226238,0.25907385,0.016457617,3.2396538,0.025795892,3.9614153
137,0.71981186,9.058661,0.056900334,0.012985298,1.2964135,0.01896051,0.012104387,0.067463376,0.0030588896,0.0036820804
138,0.047553558,8.29901,0.03706737,0.012370024,4.704468,0.022090709,1.2261504,3.2745702,0.0021608723,0.002505763
139,0.16146955,6.267754,0.33242,0.1450969,3.4859033,0.06983354,0.05009476,0.6400011,0.010255746,3.9943385
140,0.060872268,8.532693,0.05400984,0.022962628,1.9889376,0.034460235,0.02047672,1.9533136,0.0071110553,0.960047
141,0.1980023,7.935554,0.113771126,0.01944019,0.015517194,0.049166545,0.009399901,0.037595548,0.0078561995,3.5864377
142,0.07946093,0.13954085,0.093610026,0.015305803,0.036552273,0.02424448,0.008322932,4.239635,5.5786185,0.06426789
143,3.4047117,7.393174,0.17027918,0.029808404,0.5148667,0.05015165,0.013724329,0.06305362,4.8555436,0.024110543
144,0.38272017,3.7940567,0.3577032,0.115289256,2.543798,0.2301343,0.018118065,0.08835125,11.470211,0.073349915
145,0.15761872,1.6214259,0.19271748,0.05921756,0.025792923,0.061765738,0.011500404,0.070568085,3.810992,0.026556121
146,0.3026407,2.495439,1.811544,0.07794333,0.032659397,0.20695604,0.021101667,0.72497576,13.984733,0.015920432
147,0.16175897,3.5825987,0.224541,0.13955584,0.029451994,0.16541898,0.0128891505,0.06704802,3.9207613,0.018797254
148,0.06703777,1.2414087,0.12458456,0.019631296,2.664006,0.03363243,0.007588344,0.03345666,3.5613792,0.04088891
149,0.6311213,2.7911353,1.2731388,0.05128803,1.7994127,0.16225918,0.020749126,0.11569653,6.8385177,0.03764267
150,0.2973613,2.3732402,0.24849153,0.05359309,0.68575007,0.14077576,0.026357302,0.05509349,4.7126136,0.024164066
151,0.0080064805,0.077942446,0.0107003655,0.003293196,0.0082566,0.007848251,0.005577203,4.286517,0.0014586943,0.0017975824
152,0.12597042,0.7077455,0.11233719,0.027325466,0.04170631,0.25393826,0.016449587,0.045073695,3.3869581,0.009624063
153,2.4051595,6.4073253,0.029564919,0.005830835,0.40458935,0.010521514,0.011956694,0.03923203,0.007972939,0.057593483
154,0.07396567,0.71318877,0.0834498,0.014100368,0.013724529,0.03327816,0.0068935985,0.055181477,0.019628407,4.038766
155,0.24342404,28.927914,0.104972646,0.015689336,0.021248179,0.16164982,0.022604274,0.07210129,0.0018489115,0.003552503
156,0.13424301,3.656921,0.13763683,0.046522982,4.5022826,0.03698635,0.009766767,0.059209287,0.13229205,1.1199105
157,0.42848507,8.114409,0.32422745,1.9762846,0.12439697,0.15776493,0.0207428,1.1590381,0.006927952,5.6614294
158,0.23630261,12.527986,0.043291185,0.0074509364,3.3869786,0.031658463,0.013541193,4.8724174,0.0027625677,0.0027432675
159,0.057839647,3.4712381,0.049017996,0.010236459,0.011990627,0.019327482,0.0061670793,0.020729937,0.0067174295,2.076698
160,0.10620369,10.268447,0.084368356,0.01461243,0.023758803,0.026753595,0.030283097,0.14842343,0.002823243,0.003958982
161,0.032351628,0.26486105,0.035854317,0.004820311,0.018027585,0.026591165,0.0029999947,0.029654974,0.28844398,0.014531962
162,0.055565394,0.054277737,0.0920925,0.021375932,3.5361679,0.022457032,0.00830833,0.15632273,4.5744076,0.03450982
163,0.39295956,22.093002,0.63425124,0.051756356,4.308036,0.2364958,0.036205925,0.07606974,6.3499565,0.034618974
164,0.22302768,12.996935,0.18843421,0.026937252,0.43070766,0.16408165,0.07012501,0.10287655,6.8398848,0.41078708
165,0.3046679,0.5205625,0.2588394,0.10840921,0.068057686,0.095690176,0.069719344,0.054751012,5.2370296,0.041056592
166,0.21416146,6.1748104,0.17999811,0.053289264,3.4528089,0.13940912,0.01036071,0.046701122,6.280891,0.07807056
167,0.45464158,10.144558,1.2379544,0.15091534,1.4498504,0.7785148,0.034733593,0.06721178,17.446907,0.033017658
168,0.21700568,1.3412136,0.38770592,0.08103561,3.05138,0.16186294,0.025070645,0.14219269,9.185949,0.07284758
169,0.19940488,7.8575797,0.41827184,0.08065071,2.8376632,0.29102647,0.022104472,2.1352055,6.759284,0.054922864
170,0.38942692,6.3588486,0.4061939,0.05907335,0.01526202,0.2046702,0.04763621,0.049955547,11.209451,0.05029445
171,0.0060633672,0.15683755,3.143398,0.0021387895,0.003981067,0.004946647,0.0028760622,0.009208163,0.0011366754,0.0010716715
172,0.008549864,0.104122214,0.009367085,0.0042982614,0.008188025,0.0077833454,0.0034614464,10.725873,0.0015308354,0.00133788
173,0.043609068,8.428491,0.040957917,0.020099992,4.1944056,0.035052553,0.010241138,0.117938936,0.0022350438,0.0032005645
174,0.23421352,0.18901744,0.23059279,0.06514862,0.3063167,0.18822312,0.056332584,2.4766366,0.8654576,7.0501294
175,0.08519524,28.902277,0.06634953,0.0062569827,0.012168365,0.024830766,0.012219731,4.3422093,0.0015733469,0.0014854487
176,0.12565841,14.179601,0.710415,0.019973025,0.09631601,0.027129253,0.038961884,1.6115003,0.46456656,0.05023806
177,0.06723364,10.333939,0.04696172,0.005376606,0.013402824,0.01618279,0.003894878,0.03823068,0.0022160949,0.0022867832
178,0.048754632,1.0099274,1.0173607,0.010041409,0.5646042,0.02345317,0.0046799076,0.045255773,0.1823686,0.7329563
179,0.047095712,8.997848,0.032208573,0.0052822223,0.0150033785,0.015768107,0.010347926,3.8180642,0.0015476762,0.0016286167
180,0.01536432,1.1131291,0.011218466,0.004225391,0.00839357,0.020768514,0.009260218,0.9966888,0.0018275667,0.0026569788
181,0.085602865,8.8385515,2.0263467,0.0151133165,0.022837352,0.02644002,0.011826359,0.15108676,0.0084118955,2.2103577
182,0.13790965,1.9769336,0.16490099,1.6029544,1.9514673,0.08813888,0.02540059,0.02599266,3.6372468,0.021034952
183,0.5330362,4.9946394,0.7032811,0.19694503,4.711051,0.44110858,0.14587452,0.20090069,13.017907,0.04968575
184,0.0724152,2.1504202,0.1620831,0.037637036,5.9846287,0.04722521,0.015291999,2.0145895,3.7004838,0.06980592
185,0.6220841,8.80323,1.7777032,0.06387295,8.996735,0.12040322,0.04647696,0.74166,4.666613,1.1355058
186,0.16862695,6.639283,0.22868758,0.074147046,6.831463,0.16078901,0.021763038,1.6105509,3.2230353,0.009299149
187,0.7911093,10.483693,0.28174844,0.09437868,5.807273,0.2511432,0.057781268,4.376461,3.161021,0.07477671
188,0.23474447,3.4376786,0.23243913,0.08219811,0.0152491,0.09268529,0.0688249,2.7498667,6.534033,0.021892954
189,0.2450971,10.869944,0.2335294,0.028118733,2.7555177,0.0698345,0.017980626,0.12842552,4.0130925,0.108584695
190,0.47462457,7.4207697,0.78600454,0.10330957,0.19656561,0.26649144,0.045674786,0.0832061,13.582318,1.0222075
191,0.07558116,1.6379764,0.18471327,0.023973,0.027776498,0.07408034,0.031180969,0.047960635,4.8835444,0.07618781
192,0.009390885,0.12397993,0.015670665,0.0058493717,0.024038838,0.009627545,0.0092846835,10.686733,0.0014118887,0.0016251577
193,0.10604136,0.76205355,0.08169835,0.024710245,0.04014737,0.039809223,0.02018822,0.085859366,0.008841836,6.033303
194,0.10971025,3.6684964,0.092512734,0.02436932,0.024050958,1.1658666,0.011474738,0.06492015,0.0121864015,8.593913
195,0.07118249,17.113628,0.04608752,0.012368819,2.889179,0.033125315,0.019927748,2.84072,0.0015026402,0.0026340773
196,0.43830514,6.251411,0.11338687,0.04196345,2.2870016,0.04592557,0.01924071,0.24074584,0.0148784425,2.953466
197,0.13861421,1.4456801,0.099744104,0.019507967,0.0157797,0.051569346,0.0057341126,0.04336089,0.010538415,5.7578926
198,0.07085197,12.008984,0.050553218,0.015607439,1.9705393,0.024865933,0.008991936,0.032793842,0.0019284,0.0026860733
199,1.492222,7.527736,0.027273027,0.0077201338,0.009735359,0.02164121,0.0058452613,0.020362897,0.0024227626,0.0023260587
200,0.22172031,10.893885,0.060955755,0.031338997,1.8334835,0.030005245,0.018141676,0.069161616,0.0077728527,0.7481567
201,0.28807187,4.127446,0.15675592,0.03580166,1.9737535,0.17120093,0.017152453,0.21691787,0.033380594,6.3787436
202,0.16571069,0.13353048,0.3167169,0.05624151,0.039717972,0.07682628,0.05805747,0.050734423,10.147107,0.01756687
203,0.014342177,0.042598203,0.019523073,0.0066594114,2.2286828,0.44113722,0.009109753,0.01733273,0.011369769,0.036488045
204,0.5913495,0.6794993,1.5332679,0.08410019,0.05530574,0.40697703,0.022998136,0.041044254,11.337972,0.08108572
205,0.9235586,4.8549376,1.203456,0.18711385,2.5617652,0.6606976,0.22424129,0.07087135,16.897831,0.08382029
206,0.68523085,10.674398,0.5795084,0.13206702,0.050135255,0.22457811,0.042362276,1.2122083,11.147375,0.036306523
207,0.041783188,2.320748,2.2781608,0.016965806,0.013535103,0.02330941,0.0040808297,0.020697508,2.4522774,0.024588343
208,0.19747351,10.347825,0.20827188,0.035921324,0.03185291,0.12898886,0.0130715165,1.9955913,2.3845956,0.02576434
209,0.03733454,2.4232821,0.07335023,0.038277738,5.312844,0.02488246,0.008736166,1.9479228,0.5568016,0.006415898
210,0.39336237,15.911769,0.47315213,0.09729121,0.25680834,0.17908818,0.028192203,0.1572612,10.590785,0.021789888
211,0.025826126,3.3358705,0.022908606,0.005053506,0.009499462,0.009908837,0.004435026,2.759678,0.0013526041,0.0014191517
212,0.059183165,11.796698,0.11166484,0.021167925,0.29514396,3.4836571,0.0057321824,0.046656627,0.0063689593,0.94463325
213,0.032743834,8.788515,0.042105407,1.7100976,0.010349635,0.012709907,0.00580643,4.286105,0.0011779625,0.0018458774
214,0.6021825,12.053064,0.24896388,0.062495112,3.2467515,0.8048138,0.08007261,0.33943292,0.010971987,4.427596
215,0.3823729,1.6058979,0.4302026,0.080212556,2.2314873,0.1985203,0.038652435,0.18791178,0.025347924,14.480932
216,0.0068314318,0.13493678,0.0070600724,0.0023534244,0.0054892227,1.1967297,0.34945056,0.009222254,0.0014794916,0.0020087606
217,0.027812608,2.7548723,0.021336466,0.4234027,0.016162327,0.008983353,0.0084606735,0.1659319,0.007824972,0.09153372
218,0.025091408,2.2771811,0.01341808,0.0035676253,0.012778481,0.014188951,0.0025742794,0.012836274,0.0018447188,0.0029437041
219,0.20730546,3.6369667,1.1860274,0.08465956,3.1409621,0.11793517,0.02572942,0.06906655,0.38946918,6.1470275
220,0.0441295,0.041585382,0.048116058,0.018302374,5.3295326,0.030375347,0.015420569,0.026374333,0.0273797,4.656774
221,0.015082313,2.7333229,0.010155117,0.004198299,0.005837591,0.0068115285,0.0036394913,0.011214484,0.0015653326,0.0023173434
222,0.0539281,13.251701,0.04019408,0.0071640215,0.010189746,0.022403622,0.008174315,3.6850038,0.0029605937,0.003319817
223,0.03764887,0.07997859,0.03942547,0.063195564,3.7805657,0.028045926,0.0055701565,2.518192,0.005129556,1.0473518
224,0.6016925,2.135952,0.6143206,0.082350455,3.5319765,0.31690955,0.1397374,0.052488714,11.903923,0.017882587
225,0.25551116,10.142823,0.529948,0.23250636,0.9313223,0.14000554,0.038922787,0.64628094,7.572109,0.10757658
226,1.3941821,7.479308,0.29187927,0.041711964,1.8835237,0.289439,0.022313211,0.051510725,6.956033,0.027142825
227,0.03661678,2.15279,1.492815,0.006251896,0.007436757,0.02340427,0.0052106786,0.015818754,1.5048778,0.016784385
228,0.41179922,15.053222,0.9764765,0.09436651,2.0174153,0.76588196,0.018881435,0.44407523,8.232893,0.03286525
229,0.4024135,14.161084,1.3288246,0.13193394,5.2699113,0.35744825,0.056318697,0.11837429,6.8089895,0.28436607
230,0.2607512,4.353266,0.21296974,0.04340043,4.222679,0.08461139,0.017912177,2.4754906,5.3390455,0.16392252
231,0.42756328,9.361377,0.24164653,0.04861272,0.050732262,0.15833744,0.055427913,4.5871196,3.3679788,0.0095962435
232,0.008420316,0.08556448,0.010045122,0.0045734514,0.009507921,0.00661555,0.004681148,9.2284,0.0011068159,0.0017355988
233,0.07721294,11.725878,0.048027206,0.013620756,2.5567005,0.04061541,0.035308987,4.392676,0.002702157,0.0037083738
234,0.12615532,4.239706,0.084749945,0.015947308,0.039329737,0.05448453,0.017729359,0.5381438,0.033607826,1.9862626
235,0.15579344,21.71127,0.11481959,0.013974701,5.053252,0.042733036,0.019097583,1.774581,0.0020583249,0.0023143382
236,0.38785717,9.146117,0.21854258,0.053145118,0.9581358,0.12504375,0.030138807,0.109759934,0.9061955,6.4280806
237,0.048432678,8.025803,0.059566796,0.015233463,1.2854254,0.023462238,0.10150348,6.880388,0.0017001699,0.0019941058
238,0.20193985,13.016783,0.18725461,0.17146406,0.03838587,0.07506077,0.009755073,0.20098694,0.010036177,4.9592705
239,0.036965452,1.1760134,0.025225682,0.015288878,1.4434246,0.016677855,0.017979642,7.4595284,0.004106469,0.090412505
240,0.2796496,8.493419,0.1748723,0.044442434,3.5593247,0.14685676,0.017344648,0.4276169,0.2654561,7.4262953
241,0.67513007,9.903041,0.5888801,0.18909937,6.4458404,0.40554821,0.085694686,0.12858689,0.17092173,14.687533
242,0.111654535,0.9567586,0.11776512,0.058525905,2.677868,0.07454848,0.0154771665,0.4360148,0.007921335,7.0216427
243,1.1449792,4.7009597,0.22920835,0.025710069,2.3676486,0.08232515,0.021315327,2.0678608,4.4317102,0.12811533
244,0.9319674,5.8659687,0.4257633,0.09002617,5.861052,0.33429182,0.06795245,2.2534711,6.6482306,0.52038515
245,0.6666414,2.6367412,1.0382204,0.1381516,1.4846045,0.27680302,0.021743663,0.05742085,12.270931,0.06157345
246,0.14097723,3.9169462,0.18018666,0.041913293,1.8487995,0.106880836,0.022123143,3.0206547,3.851294,0.1339915
247,0.094781,9.520848,0.08738795,0.18910882,0.31331605,0.037826076,0.02494592,5.457101,1.231626,0.015609611
248,0.5076476,9.7774,0.15367723,0.049224067,0.017886609,0.062866345,0.047551636,7.3644605,3.3014677,0.015536877
249,0.14336574,2.4146276,1.4196012,0.045125153,4.7031784,0.09476874,1.0668035,0.047759738,2.6838508,0.051377937
250,1.2801898,15.49368,1.0302763,0.23221152,0.028506968,0.19647887,0.03232638,2.9142492,13.075932,0.30131334
251,0.42813408,9.279975,0.41861284,0.004928513,0.0087843705,0.0122465305,0.007590241,0.03714783,0.0016375206,0.0025175381
252,1.574282,4.5182257,0.052331813,0.02119226,0.012764241,0.027333962,0.006412529,3.2735188,0.71879095,0.008933174
253,0.02346184,4.9347568,0.017159535,0.009135481,0.011364064,0.013030877,0.0039185365,6.879214,0.0017516955,0.0021809416
254,0.090788774,8.2200365,0.06934638,0.059677508,0.06348999,0.05842756,1.4531119,0.081793055,1.3470308,0.019371023
255,0.020260738,2.717347,0.017080687,0.0080019105,0.015606237,0.014140637,0.005650626,2.3505306,0.0020167192,0.0033544244
256,1.7014734,3.6165497,0.013815267,0.003129626,0.0063084373,0.0058705513,0.003921659,0.024012,0.0013960559,0.0014860856
257,0.08319617,6.7942853,0.051710423,0.01611099,0.010667157,0.028081369,0.01957016,0.07483904,0.19772753,0.9810003
258,0.03039973,0.048635263,0.036481872,0.02457536,0.033693038,0.026922256,0.012112477,4.7630706,0.10159135,2.743067
259,0.16758582,6.2875195,1.0403863,0.054675475,4.5825315,0.119944364,0.050667465,1.461216,0.015426772,4.3803744
260,0.21044597,1.2667387,0.28853598,1.3053334,1.308944,0.33062956,0.044234477,0.06987586,0.011157625,11.228606
261,0.17737703,5.705772,0.5833991,0.047030304,2.882986,0.11119316,0.013675927,6.168748,1.5796417,0.039641183
262,0.30594388,0.0842348,0.44421554,1.0351304,3.2706041,0.27974102,0.04295618,1.673225,11.345172,0.027985726
263,0.43588364,1.5684918,0.6179499,0.16143534,0.03613156,0.13434428,0.029530311,1.4103373,7.7855706,0.06638328
264,0.22259504,7.656095,2.2986155,0.031745587,0.04762244,0.08010379,0.045343854,1.8874699,5.333662,0.017600724
265,0.39148873,4.837634,0.5339765,0.13794522,3.0421107,0.24072763,0.071172826,0.053152896,12.85225,0.4199129
266,0.597885,3.01114,1.1734711,0.2133279,4.207424,0.4395501,0.04954163,0.44323018,19.75033,0.22545443
267,0.08414373,0.1548252,0.3096328,4.231988,3.4501023,0.11317513,0.01392385,0.03267157,4.6330132,0.012452076
268,0.033940483,1.3413156,0.056648795,0.030395174,0.027989846,0.022861984,0.089982964,4.998941,1.0116423,0.086284995
269,0.078553006,7.643337,0.11469911,0.018514154,0.032340445,0.053425938,0.011962863,2.8369458,1.401598,0.11551785
270,0.34716776,5.576663,0.37950936,0.046491567,0.032454014,0.20066965,0.027419306,2.0984364,6.2499585,0.31392378
271,0.007196406,0.04338992,0.011544696,0.0041435566,0.006988071,0.007532758,0.0034677687,6.7794423,0.0035375732,0.0021229722
272,1.0837556,2.0365722,0.23175178,0.05610619,1.9563289,0.08261935,0.019026475,1.5088812,0.0075992467,4.7376385
273,0.042896464,1.642747,0.05829123,0.015129848,0.028869547,0.025585499,0.009989919,1.7689551,0.14905037,2.3718069
274,0.04817543,4.42543,1.3252472,0.017481003,4.429158,0.026939712,0.0076123234,0.07443409,0.009839397,1.1329756
275,0.090761065,9.228418,0.09381568,0.025975702,3.9529748,3.0040023,0.009086964,0.3123111,0.017228324,1.541496
276,1.2389978,7.0936203,0.12620017,0.050647177,5.584616,0.04345889,0.016327621,0.11170777,0.0053100837,1.8910156
277,0.13038902,5.4338837,0.13302128,0.024948264,0.8655486,0.057314023,0.009148352,0.21091431,0.0111252535,4.8578916
278,1.5340279,0.20205969,0.046513107,0.35620084,4.3760166,0.029445404,0.021744331,0.05387344,0.006593508,1.9216561
279,0.017663887,0.058251675,0.027610756,0.0118209105,0.028279403,0.027783033,0.008438303,0.031888615,0.01333703,2.0560513
280,0.011254511,0.08144195,0.01872836,0.005027438,2.366249,0.008385172,0.0057502296,1.2512652,0.0019539932,0.0033648796
281,0.6081124,3.9078486,0.2078027,0.06461972,7.135457,0.75889313,0.015983198,0.45728734,4.047046,0.03484186
282,0.347574,3.826883,0.17544723,0.018390052,2.5930495,0.13663279,0.01686858,0.16620497,2.1706426,0.0053904913
283,0.20488445,0.06892063,0.25088757,0.07614608,3.0582511,0.12175996,0.013557547,0.6985513,7.704603,0.21437141
284,0.18535635,1.2586162,0.095821716,0.34928948,4.0883503,0.053746678,0.0166569,1.3202587,1.1637256,0.012766757
285,0.0506391,3.2238517,0.2158962,0.015193998,0.016524099,0.047793318,0.0049292063,0.02394675,3.0370011,0.015887337
286,0.08156823,0.08463121,0.12109244,0.026056213,2.6955183,0.111620985,0.0074934717,0.03199354,4.0914116,0.01927147
287,0.22037292,11.314565,0.36685157,0.03785199,0.015242839,0.07000057,0.0093839,0.06715949,3.2515252,0.81538105
288,0.30486125,1.760707,0.18375054,0.035565745,0.015481257,0.106078476,0.011315954,2.4903898,4.3799367,0.018487837
289,0.016326392,0.024546305,0.029349824,0.0061350227,0.0055533475,0.013685827,0.0045195753,0.017263798,2.1486807,0.025815517
290,0.022582065,2.8941846,0.0338101,0.010726682,3.5084407,0.01104096,0.017487945,0.10547905,0.24299753,0.013828869
291,0.66503817,8.3554735,0.14219154,0.026462428,0.0696586,0.0708028,0.027546443,0.15870734,3.3778336,0.2813645
292,0.029306231,3.5613708,1.9829623,0.009914958,0.010815345,0.01179348,0.018635117,0.029974874,0.6648333,0.020308275
293,0.04463004,6.3009324,0.03573209,0.015566198,0.013620556,0.017698526,0.009339088,1.5878363,0.002671602,0.0041786637
294,0.6102873,3.4298325,0.040900428,0.01134202,0.023914345,0.0152662825,0.018514277,0.081153415,0.008459448,0.98163384
295,0.043896705,0.18142131,0.021870974,0.02209112,4.1440053,0.064393364,0.013282091,0.06036588,0.0019618557,0.0050853123
296,0.3950686,8.366126,0.21486793,0.0384728,1.523206,0.17182149,0.018590664,1.8187534,0.013723259,5.620482
297,0.17564528,16.795633,0.12980513,0.21895204,0.9977311,0.26041383,0.011491472,0.21521036,0.009572278,0.2756368
298,0.13127899,0.1501476,0.122016355,0.030938007,5.2302084,0.086363286,0.012108415,0.071726434,0.011133224,6.1307993
299,0.0066461237,0.029892785,0.008902289,0.007912962,0.21667236,0.004839971,0.0012519616,0.0074000615,0.0022124548,0.0030146076
300,0.022882659,0.03618284,0.034441307,0.004917743,0.004033828,4.5590706,0.008492655,0.013089498,2.413003,0.011532879
301,0.24211888,8.232376,0.38985166,0.05666138,0.010998427,0.10517236,0.017956275,0.04333389,12.467927,0.0214387
302,0.123538904,7.6341276,0.18830228,0.038192417,0.021417944,0.08109351,0.015161891,4.305437,5.7361264,0.020199208
303,0.04641784,4.49833,0.074525006,0.015071906,0.013629764,0.05841238,0.0057362686,0.03092059,1.7793202,0.053360708
304,0.013844316,2.9608922,0.016458798,0.0047632796,0.0063979453,0.013411074,0.004333798,0.011644507,0.0016702622,0.0017860925
305,0.80008155,12.712174,0.12045922,0.16741747,2.6780035,1.1895374,0.057740975,0.2104486,1.477266,0.048540212
306,0.022824928,0.08631101,0.027297953,0.009436927,0.010153942,0.01035582,0.0053775194,0.11540081,1.4595038,0.013235388
307,0.029280432,0.11618207,0.06244149,0.015057704,3.0921204,0.02777615,0.024329767,2.1915762,1.6560161,0.020894283
308,0.0520154,1.1249032,0.09362965,0.015684268,0.013855399,0.05845974,0.012730956,0.03379223,2.007288,0.015843906
309,0.3023101,11.026978,0.22694547,0.076973714,0.02228286,0.12776828,0.04158292,0.0969699,4.4658012,0.6699242
310,0.005645786,0.031032357,0.006901402,0.0026348378,0.0037696287,0.008859841,0.0013578824,0.20996858,0.000933378,0.0012915253
311,0.10954213,7.716166,0.04756691,0.02475487,0.008658759,0.016323293,0.006540275,0.036361136,0.76078653,0.016942795
312,0.42531255,6.3937516,0.6037996,0.10679613,2.4640005,0.38968807,0.022316681,0.08650963,8.119036,0.41061997
313,0.267052,6.5327997,0.17903194,0.052031785,0.08269798,0.05847514,0.021131404,1.1539575,1.7955059,0.02550151
314,0.015711851,3.0291367,0.016915899,0.005516491,0.009786012,0.01405232,0.0053005484,4.875836,0.0023512603,0.0027990772
315,0.22660552,26.790762,0.2776509,0.0120181935,0.029169781,0.05602403,0.043731123,3.6289682,0.0020909726,0.0026864847
316,0.2801144,17.503004,1.8812473,0.09443398,2.3554757,0.2356467,0.043011334,0.21428056,0.014390476,6.093189
317,0.07459239,4.0034986,0.052091714,0.027709289,10.68654,0.06788757,0.04979311,0.1724761,0.0056787706,1.4101416
318,0.16610299,3.872303,0.20825809,0.04500975,1.4907954,0.088664465,0.026079316,0.043136846,0.83288443,7.826428
319,0.040079203,8.314496,0.036995858,0.010501509,0.02318644,0.01377288,0.007196752,3.7915998,0.0025980035,0.0026183398
320,0.013020099,0.054832637,0.011989682,0.009914521,4.747944,0.010173734,0.00661964,0.11198644,0.0017926657,0.0022098548
321,0.00888417,0.040711075,0.03312224,0.009741734,0.0049087773,0.006531505,0.0027708213,0.0135142,0.23381472,0.05776499
322,0.029422656,4.5603747,0.017107008,0.0035480596,0.008677178,0.014300988,0.003747479,0.016076664,0.0017962774,0.0022021672
323,0.0064399657,0.047890905,0.012940462,0.004319636,0.009553323,0.006733219,0.004553866,6.7234964,0.0012670602,0.0013706778
324,0.015342478,4.0766096,0.011971765,2.779551,0.007619101,0.0054626875,0.0039035229,0.016913962,0.0008823469,0.00083095237
325,0.009740067,0.028582903,0.011261305,0.0039342456,3.8492458,0.0055235885,0.0026041206,0.008939783,0.0020716372,0.0020075769
326,0.018159393,2.3715255,0.012375219,0.002327076,0.0062664323,0.007353738,0.0033539068,0.023432013,0.0024208142,0.0017732976
327,0.6031411,5.325837,0.5340141,0.18176822,2.5854833,0.31230706,0.03931013,0.18101752,7.0421524,0.04430109
328,0.19057575,4.156411,0.36780745,0.19412787,0.63933957,0.14526469,0.014670158,0.056626596,7.3218684,0.015633473
329,0.07136112,4.453959,0.099212505,0.014328406,0.014648292,0.03973184,0.026954984,0.037927847,3.5452356,0.023440337
330,0.16591631,2.6152663,0.33807573,0.037325703,0.3145342,1.7650145,0.016140249,5.259041,5.4381924,0.14056996
331,0.045681182,8.364609,0.044124294,0.011844822,0.01884018,0.04387875,0.0060745873,1.1360688,0.0031277617,0.0036631057
332,0.3987558,3.473788,0.12861028,0.05731423,8.773044,0.49440014,0.020622484,0.8878732,1.9767811,0.008847666
333,0.4190606,9.010572,0.23787105,0.060448308,2.6699429,0.11602023,0.029792244,0.066735774,0.015056931,6.9849606
334,0.19001442,25.78925,0.39741874,0.04390086,1.0902523,0.067910105,0.0481165,5.858148,0.006237241,1.2711552
335,0.33227223,9.738738,0.27183464,0.043484457,3.0053022,0.14989272,0.04032456,0.08943321,0.2059058,5.976465
336,0.013049639,1.2215095,0.009106682,0.0027040204,0.008067909,0.011383692,0.0043475414,0.015513352,0.002075284,0.0036030211
337,0.024035782,0.05430382,0.05773459,0.019274717,0.013353629,0.027481912,0.008954314,0.022105135,2.3341675,0.007850243
338,0.032181002,0.7585108,0.08994352,0.0065249517,0.019929785,0.020694278,0.0061138044,0.023413893,2.2483606,0.025234425
339,0.0061640856,0.025007151,0.0055208374,0.0025897978,0.004951363,0.007671654,0.0023019705,0.008398843,0.043574467,0.0035467846
340,0.013868151,0.03726001,0.029077645,0.0073610595,0.01610159,0.008960812,0.004993209,0.028898435,1.2098655,0.124126844
341,0.4489114,1.2095206,0.16916579,0.04684077,0.14048952,0.15346985,0.01370368,0.03455408,3.6936321,0.22708622
342,0.011883442,0.026641117,0.010576881,0.0041772383,0.0059296144,0.008332808,0.0026468323,0.014907197,0.5334445,0.058465112
343,0.10058414,5.9585915,0.06947778,0.009294414,0.020390842,0.025977466,0.009347504,4.236623,1.0511283,0.14309001
344,0.045516375,5.135706,0.64307004,0.031000087,1.1188878,0.052851025,0.00909429,0.055923965,0.0028072798,0.0032268986
345,0.06181505,2.903884,0.039459724,0.039926007,0.08360466,0.028300835,1.2222188,2.2414076,0.0057640504,2.7029436
346,0.026992168,4.931449,1.0668894,0.0039187036,0.005128468,0.022481682,0.0034576117,0.021379365,0.0024910215,0.0017957374
347,0.081410445,9.7335,0.03331458,0.11897587,0.40810284,0.020204963,0.0070065935,1.1819284,0.00351032,0.003357663
348,0.021812096,3.45579,0.012518747,0.004792281,0.0129621355,0.0092021655,0.004507005,0.01979796,0.0018663012,0.0019232676
349,0.028516164,5.3887496,0.017965259,0.004427616,0.005227891,0.01222965,0.003375217,0.016455106,0.0021282935,0.0018265805
350,0.029957421,3.8848116,0.07429925,0.0085950885,0.074762054,0.023128804,0.070300005,0.17849235,0.20141155,0.016143423
351,0.054461446,4.3278685,0.092709765,0.0924253,0.77469665,0.04201596,0.018365948,0.03575522,0.93898576,0.008587056
352,0.018238917,4.078299,0.017463144,0.0063014207,0.011537651,0.00786607,0.0047141663,0.023183145,0.0028426128,0.0026196844
353,0.013151464,0.036594227,0.015405054,0.0060832826,3.9308906,0.0075051757,0.0043018796,0.023378477,0.0017047455,0.0020558562
354,0.09138854,0.998691,0.16845597,0.019751547,0.04370555,0.06308813,0.0073764776,0.027545888,4.7030687,0.013993352
355,0.015595953,3.3583996,0.017676143,0.007075767,0.004673903,0.009989523,0.007131743,0.011731968,0.0017516447,0.0017735196
356,0.046057098,9.680449,0.024248302,0.005606902,0.009381709,0.02187444,0.005031171,0.03684479,0.0022122085,0.0018219874
357,0.40476254,1.7002393,0.25226483,0.017524313,0.057890065,0.0844124,0.023597436,0.050590858,4.948503,0.0116624
358,0.045026775,0.037048068,0.07176989,0.010238335,0.00995185,0.028915253,0.008981094,0.01733288,5.527153,0.013348607
359,0.019501043,0.034970377,0.02352549,0.0075133913,0.010218483,0.010583589,0.0020566175,0.012958682,1.8040131,0.010052484
