,T_reg,mono-mac,T_CD8,tumour_2,tumour_1,T_CD4,plasma,pDC,mDC,myeloid
0,0.0,0.12741472178842506,0.0,0.037973624334319465,2.0968393409772865,0.0,0.0684082512772821,0.0,0.029444769785272832,0.0
1,0.995202403388173,1.6749482511128388,0.8181620625421507,0.0,2.8373739382023557,0.0,0.0,0.0,0.4176560823097353,0.0
2,0.0,0.0,0.0,0.0,1.8829064440983687,0.16700063168152152,0.0,0.000631447489811595,0.026627743359403287,0.0
3,0.0,1.0384477559764567,2.0965069853884484,0.13998770685779074,0.0,0.9092751868363288,0.0,0.0,0.0,0.7670275001792176
4,0.0,0.42362117475882305,0.14125538944078544,2.9898651510504193,0.0,0.0,0.30589567813692026,0.011653586147246904,0.010331264058890314,0.0
5,1.1531721572829974,0.12996862164097686,0.3653219375489156,2.9790211959464914,0.0,0.0,0.14232173219769131,0.16192779731781728,0.9270697915794043,0.0
6,0.2264751438847119,0.15465093562490817,1.195893433341566,0.0,3.034950092856962,1.1163001848815897,0.21785009033595715,0.0,0.0,0.0
7,0.0,0.0,0.244345926218885,0.0005201171382017192,0.0,0.008265017626677766,0.0,0.0,0.0,0.0
8,0.0,1.073662506852514,0.0,0.0,0.0,0.0,0.0,0.0535716703603845,0.0,0.0
9,0.0,0.0,0.25691330871925827,0.38407315486693444,1.2768398182327045,0.29184613460824244,0.0,0.0,0.0,0.0
10,0.0,0.06257713096841988,0.0,0.0,0.3918479121228276,0.0,0.09209704973212679,0.02819419668302516,0.0,0.013847948389380693
11,0.2673859423153119,1.358534120878324,0.23199209027676992,0.04674118308606145,0.0,0.13673466575634732,0.0,0.014558755052875974,0.038316113835248744,0.22672332953873645
12,0.027381747856284895,0.0745628472226486,8.988021689284384,2.269824639953683,0.007049268816991664,0.6074795210229993,0.0,1.203641840465977,1.1706802141556159,0.424210297113546
13,0.0,0.0,1.474296124274021,1.7567192469296735,0.18285492592036928,0.0,0.0,0.0,0.0,0.0
14,0.0,0.0,0.0,1.9884645021636655,0.0,0.0,0.0,0.0,0.0,0.0
15,0.0,0.0,0.12138807264512053,0.0,0.0,0.04003918348347175,0.0,0.0,0.0,0.0
16,0.0,0.11149458540231554,0.0,0.0,0.06700549750255357,0.0,0.0,0.004835559658460579,0.027263536587328212,0.0
17,0.0,0.049305523931006,0.0,0.21973801037717297,0.026009989145946717,0.0,0.2219902959004249,0.01032086118187829,0.0,0.0077970510934637655
18,0.004644797163156943,0.0,0.0,0.0,1.4849683262789322,0.4908399955483579,0.0,0.1148974667610915,0.0,0.0
19,0.016489247599133564,0.0,0.8083675229502124,0.0,0.04440843157150288,0.0,0.0,0.019325726907803514,0.012846514785471556,0.0
20,0.0,0.0,2.0105341653106055,0.35780274883377233,2.019533993716392,0.3129168037629144,0.0,0.03688199052532745,0.0,0.0
21,0.0,0.07787426313088681,0.0,0.0,0.0,0.0,0.018501871803181226,6.204604944456936e-05,0.0026715993689041106,0.0
22,0.11114937140118183,0.00582250600507203,0.1296292599820513,0.07903011449436508,0.5385272791643544,0.0,0.0,0.03419663849180648,0.0,0.0
23,0.16261919338901032,0.2721167003748589,0.41652916575607374,0.0,1.4512799171709592,0.24877178451383325,0.0,0.01257381372020643,0.022458699377404454,0.0
24,0.12061700783553167,0.0,0.0,0.41504128913559407,0.07739836165438486,0.0,1.4328711541841874,0.006127937928273798,0.0,0.0
25,0.10100689521011225,0.0,1.3307323113864136,0.0029009236153601727,0.0,0.0,0.0,0.0,0.013069942266433057,0.0
26,0.0,0.0,6.477820023471064,3.132668668099998,0.0,0.0,0.0,0.0,0.0,0.7555955773852895
27,0.0,0.0,0.0,0.7351134453063082,0.0,0.0,0.0,0.0,0.0,0.0
28,0.0,0.0,0.0,0.4964875606418926,0.1133604332635274,0.24813526864884106,0.0,0.0,0.0,0.011226214495105353
29,0.0,0.2524781258264649,0.0,0.6093321591975458,2.0097930368274444,0.05658975516250494,0.0,0.0,0.0,0.0
30,0.0,0.0,1.94707333729879,0.02345477280493928,0.13004474131882054,0.0,0.06118607017255721,0.014924861769540877,0.0,0.0
31,0.0,0.643953176359386,5.581393184493923,0.0,1.647221903054129,0.4327317526825052,0.0,0.028593216864663977,0.06031156657850992,0.0
32,0.0,1.7107536529988698,4.41065363895671,0.0,2.150109465565152,0.0,0.0,0.0,0.0,0.014968440359222818
33,0.04820651248854534,1.352044957942095,0.0,0.045922330702244024,0.113978554040929,0.0,0.035427645297341916,0.008235974555135769,0.020306986813043874,0.0
34,1.0999429360634552,0.0,0.9283566272731133,0.0,1.8608695535043631,0.0,0.13929171129340762,0.0,0.14879910016661504,0.0504044931161831
35,0.0,0.0,0.0,0.027586809491180708,0.4146544841882636,0.0,0.0,0.0,0.0,0.0
36,0.801539330070275,0.0,0.553600721233083,0.0,0.0,0.0,1.293997159511012,0.0,0.0,0.0
37,0.0,0.0,0.44581250756438,0.38831030753651957,0.0,0.0,0.0,0.06035216784296836,0.0,0.12895727277599292
38,0.0,0.3375643303749806,3.7692173621173355,0.0,0.0,0.8103217902016123,0.06070266174552827,0.007342730890986274,0.0,0.0
39,0.7038556024955486,0.43207616880887995,5.890054058964764,1.238123959841064,0.20631278103053022,0.0,0.012916655853835947,0.1788995722249761,0.0021339809668691444,0.0
40,0.0,0.008363816809193615,4.015740011076571,0.0,0.04739808343408944,0.0,0.0,0.015635532244179653,0.015158259484163931,0.0
41,0.12487385626302748,0.036190303421691515,1.8910168426288103,0.0,0.0,0.0,0.0,0.0,0.03850429009905483,0.0
42,0.0,0.0,0.6827767811803251,0.9882411333686062,0.0,0.0,0.0,0.004290976874142526,0.0,0.06539327631018776
43,0.0,0.1254783365966443,2.068089429780145,0.0,0.059171290779158135,0.17858291993453188,0.0,0.0,0.6309988876355132,0.0
44,0.0,0.0,0.0,0.35784777720608607,0.0,0.0,0.0,0.0,0.0,0.0
45,0.0,1.060780985096643,0.0,0.0,0.036333370826120905,0.0,0.04709733768024311,0.0,0.09625204325124588,0.0
46,0.04947472653092415,0.2832310415564138,1.6878501301259967,0.0,0.0,0.0,0.0,0.0,0.0,0.05626458560529823
47,0.0,0.0,1.8369153878856836,0.0,0.0,0.0,0.0,0.0,0.0,0.0
48,0.748283314344729,0.08509716516988752,0.6767332821484512,0.0,0.0,0.0,2.425617173350948,0.06876054247606504,0.0,0.0
49,1.720397464182664,0.49173684208226887,1.180885839741688,0.14072556907668984,0.2945811499657792,0.0,0.22876262395456026,0.0,0.0,0.0
50,0.0,1.5731863152198522,0.0,0.058778299999146424,0.32241309793518397,0.0,0.11868236844296076,0.0,0.0,0.0
51,0.0,0.0,0.0,0.0,0.9403665974332138,0.0,0.0,0.0,0.0,0.0
52,0.13770507658985906,0.0,0.5366575359648583,0.0,0.0,0.7568241350909267,1.1372470818075382,0.02427461094017398,0.0,0.0
53,0.051956559143245866,0.3090767143780645,1.1239995354448602,0.0,0.0,0.0,0.0,0.059814704064945295,2.069685773016374,0.2150380906640851
54,0.0,0.0,0.0,0.0,0.0,0.0,0.1485300549842388,0.016780932082466466,0.0,0.4568273509830426
55,0.06315297306562148,3.466757297084813,7.699671085468226,0.0,0.0,0.6711515877447178,0.0,0.0605151979003591,0.0,1.6541208488314647
56,0.0,1.773037759639115,5.342386614404916,0.3694395204831715,0.0,0.0,0.0,0.04402875760930938,0.0,0.09705476580200928
57,0.189607611870975,0.008110480490708883,1.2095092949307031,0.0,0.0,0.0,0.006246524025763216,0.0007220960471331558,0.018423354973594104,0.0
58,0.0,0.10882781817899441,0.6915923580600474,2.777828211517473,0.10837263182506461,0.0,0.0,0.026775197260145434,0.0,0.0
59,0.0,1.473079319139409,1.2446268659486628,8.60975022854368,0.0,2.89295734946361,0.3581468646340125,0.0,0.15221451283272688,0.5909447920996221
60,0.0,3.1538548033634157,9.32088913522952,3.7312532285049427,0.3361328055300041,0.17443617106827217,0.0,0.0,0.7879653859259703,0.3751912354735892
61,0.0,0.41676326090903276,2.162034327659673,0.018105996955016766,0.0,0.18922833392471558,0.06443797120221852,0.05360957438863695,0.3181977283766933,0.0
62,0.0,0.0,0.03211540652962357,0.0,0.014274186860353132,0.0,0.18888273272749806,0.0,0.0,0.024510628062479403
63,0.0,0.0,3.6795536432590805,0.0,0.6024529928301241,0.0,0.11355952214646292,0.0,0.0,0.0
64,0.8633670269361989,0.0,0.0,0.0,3.63269180369464,0.0,0.0,0.06665348934983321,0.0,0.0
65,0.0,0.22374610298261688,1.178312421412592,0.0,0.79108870958613,0.059773646914224036,0.09847502655192263,0.0,0.0,0.0
66,0.0,1.1524069044766263,2.9672879318940777,0.0,0.05301292466226978,0.12848205629504128,0.0,0.0,0.022377872551347388,0.0
67,0.0,1.6059739679210103,1.8399980791639003,0.0,6.73389055548932,1.6152326371054078,2.9513055968226123,0.0,0.0,0.19817253510946348
68,0.0,0.0,5.002100406285056,0.872182066121552,4.851728114323943,1.4918490013103456,0.0,0.2403696212911301,0.0,1.6275110827742467
69,0.07429203283822183,0.0,6.239831731899405,0.0,0.0,0.0,0.03443919317895699,0.0,0.0,0.0
70,0.18923502777342177,0.0,1.3154467534187406,0.0,0.0,0.0,2.414105007125577,0.06605911227444093,0.0,0.0
71,1.1061800433359195,0.9840301264249066,2.5817790657996373,0.0,0.06679849368245039,0.0,0.0,0.0,0.007232177080090874,0.0
72,0.0,0.0,0.1610304921425099,0.0,0.4246391908290514,0.0,1.242529790055571,0.020969457446147307,0.04412376595917393,0.0
73,0.0,0.05719150183308166,5.488430286920688,3.089590309890869,0.0,0.0,0.0024348780295747807,0.05466957145986852,1.3603077054500392,0.02464095296859285
74,0.0,0.0,5.166598782943962,0.6416781445249974,0.0,0.32819510921547873,0.0,0.0,0.0,1.3032188944793202
75,0.0,0.0,1.1357067787645554,0.0,0.0,0.0,0.0,0.02181366745620553,0.018418096298479642,0.07505100355207998
76,1.149434557033453,0.0,1.971058417220514,2.7604464213030533,0.40901526344596945,0.0,1.083484163811728,0.0,0.282544711682188,0.36060397519661064
77,0.020434837329170865,1.3838720447456423,1.0336923561587057,1.0579482672185339,0.09030176293452737,0.4545561277042288,0.0,0.07513069999367165,0.0,0.0
78,0.6584907668090685,0.3248584169698721,1.660501201216784,3.920578664760343,1.2627408440692287,0.0,0.33052531397528284,0.0,0.46137858746908184,0.0
79,3.6713867690408932,0.09276037484619752,0.0,3.821849290592663,0.0310670264892799,2.2961336227676417,0.0,0.0,0.03672371326752569,0.3080244282637053
80,0.18784550265151204,0.0,3.016371805266708,2.0553683185664,0.0,0.39889358169356615,0.030190813030439186,0.0,0.0,0.0
81,0.16741116119444255,0.0,6.859068886077126,2.0161729440552167,0.1776683662349066,0.0,0.0,0.0,0.0,0.0
82,0.0,0.22363340685490887,1.287895764215386,0.9386179938308354,0.0,0.13330872167553182,1.1444273559727682,0.0,0.004325983236049908,0.0
83,0.17421374674576895,0.0,0.20685682406654435,0.08661821721442546,0.01930683281816925,0.8608710309970455,0.0,0.0,0.0,0.02112861074858988
84,0.19393384557173457,2.474177013192371,0.5813906967714857,0.0,0.9306055827106495,0.00021292347504931687,0.0,0.0,0.0,0.0
85,0.10440518673420209,3.171791061392558,0.8100725136750455,0.2191924872315931,2.1963685492395575,0.2183439978108789,0.02970653254769351,0.06968450442345556,0.0589731590846376,0.0
86,2.2348735091293603,1.3165868717199498,4.100846647380659,0.0,9.04309504099654,0.0,0.0,0.0,0.1306852700650191,0.0
87,0.16219768683564234,0.003817509788077614,12.815090755868354,0.0,12.567617859835044,0.7785993992702666,0.11704991555004879,0.2247635939278979,0.0,0.5021710419364128
88,1.0252431387544,0.7921685431502848,4.418295701869227,0.6142338934116623,8.452603901495081,1.1246041481462503,0.0,0.0,0.4157954945018681,0.6442574314677029
89,0.6857626773589708,2.086109983224716,3.8198438908722268,0.0,2.719579779026808,0.11539195515082395,0.0,0.0,0.0,0.0
90,0.10056078029423252,0.0,0.0219640394790743,0.0,0.0,0.0,0.0,0.0,0.00787554316414275,0.3537685850474533
91,0.03934342690296408,0.0,0.26664284664551563,0.0,0.0,0.0,0.1733265566974749,0.0,0.0,0.0
92,0.0,0.0,0.0,0.0,0.02253489451395827,0.0,0.641168195403779,0.039366188397396036,0.0,0.0
93,0.7648846927213729,0.1680306709151445,2.5671430708178113,0.0,0.0,3.34824748641553,0.999068436812142,0.07337273232195582,0.08799453652201912,0.5457650811237355
94,0.263947529144612,3.5741331039804707,3.7888442128840505,5.3780848790347555,0.0,0.0,0.0,0.19918495929609836,0.0,0.0
95,0.5108308458723548,4.575643058502635,10.184528863820724,7.7115912422012505,0.0,1.5235884551062013,0.0,0.09193002875128906,0.026920025543476694,2.7084700602947778
96,0.0,0.051249024866663155,4.718111535933639,2.326860728363451,0.21227202873544995,0.0,0.0,0.07580669248177307,0.0,0.0
97,0.0,0.0,0.9968907390436708,4.593193455004291,0.5737135987582676,0.3038947601726942,0.0,0.0,0.0,0.217578848136305
98,3.2765588582425833,1.453551470457803,4.166967951025685,2.32656138304713,0.33452327130146975,0.0,0.9763623583638334,0.011481141247275627,0.24312171707658126,0.19207942574498274
99,0.0,1.5218836029153653,2.3817328299417877,0.14110908276481562,0.0,0.0,0.01418118855544978,0.062427481868374955,0.16019332814774725,0.0
100,0.14146984069490046,0.8400650925972253,3.809106206562956,1.862571388206394,0.0,0.6274480236485673,0.7907255298244472,0.0,0.038372000809627146,0.13150202651461018
101,0.0,0.0,1.4096823523744857,2.929457021949622,0.0,4.667122478511336,0.0,0.0,0.0,4.2739003589405415
102,0.6622571635663849,0.0,3.086380342845022,0.03596883898210709,0.0,2.060646855018359,0.0,0.026481440520294545,0.011547765020924583,0.2794987756322011
103,0.0,1.5370490620633694,1.8483730481940883,0.0,0.1113138005873539,0.0,0.7593484813209439,0.0,0.07786609350499626,0.0
104,0.5861750378726694,0.0,0.0,0.0,10.330701399859374,0.0,0.6654367144693327,0.0,0.0,0.0
105,0.3710479377746902,0.7959883223637209,2.0704810546528356,0.04601093759861558,5.720075455119301,0.0,0.0,0.0,0.0,0.0
106,0.502947266563919,0.0,0.0,0.0,2.833641770613388,0.0,3.79386807719439,0.0,0.7757346466451912,0.0
107,0.0,6.814997847036085,0.8187664623349096,0.0,6.372169017742739,0.0,0.0062303177102889795,0.0,0.0,0.0
108,0.10645945288102303,2.6666583622767117,3.6951407535750804,0.0,13.908192545745909,0.0,0.0,0.04208935027407649,0.0,0.46809875171285886
109,2.890946114005962,1.7019325175318292,4.720034194697539,0.0,3.733157543715178,0.17622999336958278,0.2519050145848719,0.0,0.37386202596557033,0.0
110,1.847567476073692,1.2031156392541895,2.8567277502013075,0.0,4.50940989391312,0.0,0.25787927297886587,0.0,0.16790857025254166,0.22102996681772785
111,0.09377926968709314,0.0,0.0,0.0,0.0,0.0,0.003454988886888723,0.0,0.013201017816290883,0.0
112,0.0,0.0,1.3999301074679318,0.0,0.0,0.38712138595737794,0.011753944094924147,0.030200284178317174,0.0,0.0
113,0.0,0.0,0.0,0.0,0.0,0.0,2.7714796681584803,0.0,0.0,0.0
114,0.83666169270986,5.968207625359522,9.424165398835369,0.0,0.0,0.4520079258780505,0.0,0.0,0.0,0.0
115,1.293976608276731,0.07985438601431817,6.569322991175106,1.2636819370986496,0.14096401096425384,0.3233320674893773,0.0885301182109561,0.0,0.0,0.6477993058160877
116,0.0,0.7003543114238292,7.453976768189542,8.396359758640115,0.0,0.15921879897912264,0.0,0.0,0.0,0.6778547070853141
117,0.0,5.609841168428309,5.3817308319139014,10.242302688207978,1.101739087078782,2.3285224704507015,0.0,0.23890835061677723,0.7546125237318843,0.0
118,0.0,0.0,1.1713444680174372,0.07578549598619162,0.0,0.413152091242615,0.0,0.003395632091766754,0.4074620687101905,0.009450275629445391
119,0.02223671923707548,1.518940318387362,2.9105599775313347,2.4424388968703816,0.0,0.5233824582291282,0.0,0.09949869173588127,0.0,0.0
120,1.027401182577438,0.20418590231384257,2.9935389344234697,1.2135311554095314,0.0,1.0591268034829846,0.0,0.1514159208151171,0.09357942964952656,0.33496484524593567
121,0.0,0.0,9.911161193527592,0.040022488297351624,0.0,0.16449084989613183,0.0,0.0,1.3361985116849988,0.0
122,0.47613163249606666,0.26430675072953214,7.146537075818016,0.0,0.0,0.2626430615971913,0.041235469926440754,0.0,0.14161852203067543,0.08697679000002552
123,0.14842381298945723,0.0,1.755646699520493,0.13975872323471544,0.09210298795124182,0.0,0.0,0.0,0.0,0.0
124,0.0,0.08705388728094884,0.0,0.5469095386894541,4.225128062278749,0.0,0.17530926850615697,0.0,0.0,0.0
125,0.0,0.5067541607297522,0.8267965657539701,0.0,6.1618808234055225,0.0,0.369388779806545,0.05854522315712934,0.0,0.0
126,0.7530804064083662,2.3492321899958326,1.7315491411364785,0.0,2.802192947309126,0.0,0.0,0.09949338834253886,2.291550968085348,0.0
127,0.9617075249484736,0.08024391884040734,1.810717320553028,0.0,0.4389035035846111,0.09828326813824532,1.783098456966042,0.07727003541022974,0.015993601505571386,0.2517071498012524
128,0.0,0.0,3.543529066814209,2.0048485838271994,8.392914312351204,4.442191911815728,3.714911526812513,0.0,0.0,3.3237094413590524
129,0.0,0.0,3.581766530286497,0.0,3.6413512683729556,0.0,0.20501383416039487,0.11912725169108535,0.0,0.0
130,0.37542611541316345,2.8500012692316763,2.7331399881546043,0.0,4.0480334151189705,0.20350566061842876,0.0,0.16467107694700628,0.0,0.07635937559806773
131,0.0,0.0,4.295151160931278,0.34046196866876915,3.035441501074831,0.839232835189824,0.0,0.0,0.0,0.0
132,0.02810265276541073,0.00240236706012761,0.1996848378442356,0.0,0.5177806678189889,0.0,0.008943015125696362,0.007724727300447934,0.0,0.0
133,0.2414462028856956,0.0,3.26572850416933,0.0,0.12021713669536939,1.0827906593126155,0.0,0.0,0.10512611181678157,0.0
134,0.0,3.418268911021806,6.224557123730908,6.367011659543816,0.0,0.1682254746422169,0.0,0.0008555720798261584,0.7556421009700212,0.4238853378566628
135,0.0,0.21338522936709015,10.321653691852362,0.12988393347388702,0.0,0.4676225455425038,0.846859405629477,0.0,0.0,0.3335836077899746
136,1.0951823389252275,1.7968246497014824,4.071904456961281,2.5469568123225605,0.14328043520303257,0.0,1.6210541575448665,0.0,0.04816903532866511,0.0
137,0.0,0.41480373888170324,3.1626758679682125,0.0430843970758433,0.0,0.8706286879907313,0.0,0.038912404979932744,0.055259174998627765,0.15245747734828421
138,0.0,2.4368025008083563,2.578198881307196,0.0,0.03725369502290833,0.0,2.143245423711121,1.1143866787637489,0.131746444054927,0.0
139,1.0480940809804107,2.277538698137665,1.6604033623396401,2.1493471018773085,0.33060640017990883,0.0,0.5348636345137119,0.10305176113357067,0.29824581383290927,0.0
140,0.0,1.0837122663071908,3.7838690113207867,0.4575637492957151,0.0,0.0,1.4792574791523445,0.0,0.0,0.0
141,0.006434919942618358,0.0,3.510783375526069,2.1172339566738336,0.0,0.0,0.0,0.0,0.0,0.0
142,0.17440338274653067,0.005449857751325178,0.5398457124229696,0.0,3.4099617712974872,0.42601997983749845,2.456181574719028,0.0,0.0,0.0
143,0.35010361561420683,0.7684731620969169,3.5309336160811005,0.0,3.867991403406958,3.976327650998516,0.3948561565867837,0.0,0.0,0.12775094785323246
144,0.0,1.6562250278061463,1.5645840714186046,0.4098639728889931,7.139433594037574,1.3529830590478993,0.07687876212945734,0.0,0.04119414239120441,0.0
145,0.0,0.0,1.2717895338060536,0.11257377715571337,1.989478349106395,0.24257446258820006,0.0,0.0,0.0,0.007050800472593636
146,2.0912184701758956,0.0,1.60925438913033,0.0,8.802613241951523,0.32574315286088945,1.028990854729355,0.10510190684950162,0.2737781564440266,0.33609361591644216
147,0.0,0.0,1.3958717809187065,0.06604122255059819,2.0531782624155737,0.0,0.0,0.0,0.0,0.7101131364301625
148,0.6291153541747038,1.5355134635564218,0.0,0.0,2.0417519458962192,0.0,0.007336348476150354,0.0,0.027826851469166008,0.0
149,1.3223198680955792,1.0735904993111305,1.6414346234271613,0.0,4.77850286098074,0.21143657134882168,0.0,0.12894545234380506,0.0,0.0
150,0.0,0.4408616546856177,1.681779706677625,0.0,2.697773865273794,0.0,0.0,0.0,0.17885077435773997,0.0
151,0.0,0.0,0.0,0.0,0.0,0.0,1.3716422071175745,0.0,0.0,0.0
152,0.0,0.0,0.08632538640552936,0.0,1.7889971770585753,0.2731600991441118,0.0,0.013497967855681983,0.05310835536343717,0.48702690107456065
153,0.7740614829289009,0.2050825472511961,1.8206586021507756,0.027579885228679334,0.03567602626210441,2.5643928147529294,0.07524196469015389,0.025845508245967947,0.0,0.0
154,0.3639878330656067,0.0,0.0,1.8820356035208374,0.0,0.0627583485833933,0.1397983409979345,0.0,0.0,0.0
155,0.995068668417301,0.0,7.351034383705231,0.0,0.0,0.7991747731215749,0.0,0.047582281133162284,0.18300643856714344,0.693582378365941
156,0.3625256869931059,2.718747963919331,1.8994390390389724,0.45607431908761026,0.24802065311723392,0.16247201266402628,0.0,0.024368912400667655,0.026414964310763345,0.0
157,0.0,0.0,5.3918719374303095,4.767804687368135,0.0,2.908844852256121,0.0,0.020831753365335,1.5213509829569116,2.202447847789732
158,0.0,1.4752333705854406,3.2334857079442627,0.0,0.07892321908747991,1.3002728978617422,2.5146684084256017,0.07413139404289235,0.0,0.05267023973693874
159,0.0,0.0,1.2757942461330023,1.0528939677582705,0.0,0.279034595667795,0.0,0.010249788505079302,0.03339549189081007,0.0
160,0.0,0.0,3.378675627936622,0.034396205893517474,0.0,0.22215505390663112,0.009719817387586276,0.015861432843006527,0.05339697122204308,0.0
161,0.12832063213747263,0.0,0.0,0.012503677929805074,0.12720370138223072,0.04039351026065445,0.0,0.0,0.0,0.01747650509034898
162,0.1096687737166853,1.9972077879279295,0.0,0.0,2.6101444923839194,0.1322111469257797,0.23492089135183364,0.0,0.0,0.0
163,0.488754812443189,2.2743789416686986,15.526233557904465,0.0,4.3870351923690745,0.059795269511956094,0.0,0.0,0.0,0.9385466317718839
164,0.0,0.46154571552816365,6.591467035801335,0.6497246792820387,3.783370992649259,0.0,0.0,0.08729823465377988,0.0,0.24529307677021903
165,0.0,0.0,0.2753121180937296,0.15717957963312557,3.1172618433526003,0.3267736685408868,0.0,0.09671493154163333,0.0,0.02595805166318439
166,0.24383122090898476,1.9748080896603317,2.834048490428449,0.0,4.127526541036213,0.0,0.0,0.0,0.2249952656411741,0.0
167,0.0,0.6239197296178411,8.659956235485707,0.0,13.211963590501192,0.0,0.0,0.0,0.0,0.5382947166363847
168,0.5396139782084274,1.7620339201578141,0.8720657089913829,0.0,5.3602899063658045,0.20571951857501664,0.23245949499807914,0.14742594083673194,0.0,0.0
169,0.11951650805859931,2.212339183547887,4.366364245974189,0.04899127953739352,4.597843978438929,0.0,1.4879613790608308,0.0,0.0060541097458571246,0.0
170,0.002858779319669246,0.0,2.8377199899200236,0.0,6.9723131670426355,0.0,0.0,0.0,0.02618775121187962,0.0
171,1.8114923261572693,0.0,0.0,0.0,0.0,0.0,0.0,0.011086908118369425,0.04875530673410446,0.0
172,0.0,0.0,0.0,0.0,0.01170497938290027,0.0,3.967943536821845,0.0,0.0,0.0
173,0.0,1.7647966701961553,2.7050149344933745,0.0,0.02583233976038146,0.0,0.16818158223198754,0.0,0.07532353627100813,0.0
174,0.0,0.06575555318663527,0.6630250792536795,5.443054831753604,0.0,1.144070976566811,1.1313871838791902,0.10867721641325535,0.0,1.3009745269034334
175,0.6494503243922051,0.0,11.345146704375791,0.0,0.0,0.0,2.25063033546287,0.0,0.0,0.0
176,1.9422423912901692,0.030790644921067024,4.035661983505027,0.0,0.40418012212646987,0.0,0.8173764015935625,0.15291033494244521,0.031097689783454806,0.0
177,0.27851738203768617,0.0,3.2918061778804337,0.0,0.0,0.04434599632584299,0.02215408008000404,0.0,0.03433802877435441,0.0
178,0.7919875191661322,0.29170261016798565,0.3379790635608419,0.2516170911480757,0.27971252399966806,0.12049122808688136,0.0025415524800680767,0.0,0.0,0.09879538696743305
179,0.014929027792403808,0.0,3.011461464410392,0.0,0.0,0.021177446266807672,1.7180639593771878,0.025600813080398438,0.0,0.0
180,0.0,0.0,0.33180179003550997,0.02088309051894819,0.0,0.20280133096807934,0.12781636930735074,0.019207395017788717,0.0,0.1084295731016573
181,2.7652205653478013,0.0,3.163116227310575,1.6206875243816774,0.0,0.0,0.25699204339494053,0.05197745639296346,0.0,0.0
182,0.7049989796674697,1.4256823572015476,0.8609419843216864,0.0,2.7304978673899556,0.0,0.0,0.0,1.43374215760981,0.0
183,0.0,2.7234739725616164,3.877771285660528,0.5692793755635727,9.957846335802772,0.03699963780969215,0.0,0.0,0.0,0.13636855306385498
184,0.6080300973432807,3.9210589409394907,1.258338090378083,0.0,2.18356493793892,0.0,1.5836632657238596,0.0,0.051135561877834045,0.0
185,1.705196894193738,7.524221948326868,6.981493220729751,1.1631552217020167,4.202238160246906,0.14250816478820003,0.42284908420166173,0.08081667623936847,0.20868156725821876,0.0
186,0.0,4.457947956622142,3.708641098273235,0.0,2.370546882944494,0.0,1.1529608011105639,0.0,0.05091408990380598,0.41766482172922775
187,0.0,4.23711236720731,6.940163590174032,0.24618666307872822,2.3942551244335215,0.8687926607443562,2.409456020209222,0.0,0.05052670454954139,0.0
188,0.8507601601105048,0.08509278999432016,1.4901975341435794,0.0,3.7880414772172326,0.0,1.8769432491245583,0.11773461922427994,0.03334159648062777,0.0
189,0.77139334280314,1.5182939745024604,5.658382183393241,0.0,2.551782933227826,0.0,0.0,0.0,0.11361430195699274,0.0
190,1.1302517405311536,0.3560713091963068,3.8326309083432766,0.0,9.244460408625628,0.0,0.619090198733399,0.0,0.1264673099128376,0.0
191,0.0,0.21616150943434076,0.3648008989378253,0.0,2.20836583599003,0.0,0.0,0.11074527196720131,0.2758903175116871,0.3399106294023193
192,0.0,0.0,0.0,0.0,0.0,0.0,4.0616337983541735,0.0,0.0,0.0
193,0.44797949422514477,0.0,0.0,2.8933028546093844,0.31226832240585195,0.0,0.0,0.017801809557017146,0.0,0.0
194,0.0,0.0,1.671069769728639,5.4275715258879025,0.0,0.0,0.5295222156381774,0.029751529641841128,0.0,1.8645923341605797
195,0.0,1.1643761579133765,6.0615549797031605,0.0,0.07127663589066743,0.0,1.7037364036371652,0.24243218298969818,0.0,0.0
196,0.34683942530226397,1.0592912970944464,1.7951281980732838,1.7161590743632342,0.17327653934570475,1.0320201830939406,0.15782510385140094,0.0,0.08366288698403995,0.0
197,0.24437832287019076,0.0,0.8449274796046137,3.2248677699777666,0.0,0.0,0.0,0.0,0.0,0.0
198,0.01609563364347198,0.8006514671748877,3.7591840966053884,0.03204000062779293,0.0,0.0,0.0,0.0,0.1443258917848988,0.0
199,0.0,0.0,3.104983066895803,0.0,0.0,1.402663731000303,0.0,0.030800894659099604,0.0,0.006085316336540564
200,0.07883586891902769,1.0008784848049894,4.567434472413336,0.20570321472519446,0.03649198834175719,0.011718033411740417,0.05214545893323888,0.0747112048293067,0.21433504619335528,0.0
201,0.11373383693855811,0.8985164163112925,1.859651689911818,3.3603067243812785,0.48798294813500176,0.9431138095777083,0.2328737566714059,0.030898553056947074,0.0,0.3015301000783617
202,0.061659857349604656,0.0,0.0,0.0,5.858106776566661,0.0,0.0,0.0,0.0,0.0
203,0.0,1.1464668671216616,0.0,0.07604230070770518,0.022892776991727266,0.0,0.0,0.0,0.0,0.0
204,0.9598336600587469,0.0,0.0,0.45929705277769584,7.252860982140566,0.6551469864379924,0.0,0.24787125932531678,0.0,0.4160575695808716
205,0.0,1.939877394305597,3.4802753947557186,0.0,13.18008724745851,0.43144747546229323,0.0,0.0789461682973879,0.21966168440408554,0.27663661342141344
206,0.0,0.17573906416986423,7.320010949553091,0.010494270058764243,7.122417159040524,0.0,0.41037937856813866,0.060559281439047395,0.49048487255860546,0.0
207,1.6534246583308618,0.21872182686054764,0.9417694685865454,0.045833934570318216,1.727375204429287,0.0,0.0,0.0,0.15778197792774554,0.0
208,0.05548619694435909,0.1992529852698762,4.4858801992778945,0.0,1.4701512220387054,0.0,0.8485025079578017,0.08205227546302918,0.12459579556585658,0.0
209,0.5594701249358265,2.5603157786819493,0.22974225618340466,0.0,0.34373569878628224,0.0,1.3653728907150526,0.0,0.16288706610060205,0.0
210,0.6097971931492052,0.42053211908724375,7.931395870548302,0.0,6.370083057959985,0.39302971349887716,0.4846886933862296,0.007003474795563269,0.05705150999437582,0.0
211,0.0,0.0,1.0630966101975763,0.029758919369415358,0.0,0.240543419433323,0.7489059539948345,0.0,0.0,0.17198866527295487
212,0.14770412244969383,0.31961441962080506,8.169239158490528,0.9483444334199089,0.0,0.35834725564074454,0.0,0.0,0.0,5.284089260740549
213,0.696418717975012,0.0,3.613118731613723,0.0,0.0,0.14149207105020672,2.0791137703752054,0.0,1.3070526848969162,0.0
214,0.0,2.1165425970126726,7.118134127680035,3.3207148733129106,0.0,0.8382159380907841,0.0,0.15607289826093768,0.0,1.7115352136301767
215,1.398263450488053,1.2635749632051951,0.0,10.49332909306336,0.6275087276234236,0.0,0.23519625902312066,0.1434410112412838,0.11574957212007926,0.0
216,0.0,0.0029960213214609292,0.004756569198571936,0.0,0.01647239294007119,0.035080481012210216,0.04174658169397586,0.12765622754004066,0.0,0.6262709014854345
217,0.08909547904975618,0.0,0.8347438113643316,0.0007501072817005578,0.06950414724726343,0.09846960268306572,0.04608078722052908,0.02025213183495386,0.2439327387367975,0.0
218,0.0,0.0,0.58804659668942,0.01685025460641495,0.0,0.07290341036392609,0.0,0.0,0.0,0.05669789427960066
219,2.1833978295203034,2.244676501572113,0.7018662508809932,4.198273530247721,0.5802168473245659,0.0,0.0,0.0,0.09872835930145492,0.3766995121758467
220,0.0,3.358271158835699,0.0,2.6807058433821163,0.27013649828668646,0.0,0.0,0.0,0.0,0.0
221,0.0,0.0,0.6548665421934978,0.0,0.0,0.0,0.0,0.0,0.061702629407173276,0.0
222,0.7925543741523521,0.0,4.16470821825305,0.0,0.0,0.0,1.939702493361772,0.0038206720618590294,0.0,0.0
223,0.0,2.058019120486002,0.0,0.6080432693195976,0.0,0.0,1.3644250244441571,0.019123109081845068,0.020652714943664118,0.0
224,0.0,1.9568703085079442,1.7566981534265271,0.24660846562599503,8.876483496345314,0.6185467038584345,0.0,0.01982908530630464,0.0,0.29384675321118336
225,0.6951082275349044,0.45228925974890655,5.316945786927792,0.0,4.909991963558405,0.03858498093266468,0.3771968763570134,0.018277560419054137,0.33542094250037763,0.17967868855984057
226,0.0,1.425666743280495,4.678574701784828,0.0,5.156866145565312,2.027815038162472,0.0,0.0,0.0,0.2772587242739995
227,1.2768769834126195,0.0,0.7530673021575176,0.20396092249555267,0.7852930360302487,0.0,0.0,0.0,0.0,0.0
228,0.5781676978178522,1.4847185549556887,10.42410300483402,0.0,6.2371484559503045,0.0,0.0,0.0,0.0,1.5861231713873845
229,1.6938662897058714,3.3336126336832623,8.524777016422052,0.37742460880805073,5.876560021827329,0.2123242366297407,0.0,0.04110994919620134,0.0,0.22521188762198935
230,1.0073451768309014,2.616506269675878,1.7007796898355672,0.19276651493250702,3.576625091835003,0.46068748204163706,1.574079853428359,0.008755962476230783,0.17963948061836577,0.0
231,0.2923771836297187,0.21652216910294425,4.202631478391837,0.0,2.062917556103283,1.1344350473088154,2.6425049967180847,0.018435618948287998,0.09168770294173238,0.3108289893017646
232,0.07792676468194422,0.0,0.0,0.0,0.0,0.0,3.2472948199314433,0.0,0.0,0.0
233,0.294722504041131,1.23075493297866,4.065526959565406,0.01785050660937455,0.0,0.35185060751245123,2.022234928407331,0.13929133617154152,0.0,0.0
234,0.0,0.0,2.0511907037392816,0.9222475045517489,0.0,0.7394505779767024,0.0,0.0,0.0,0.6539677305234136
235,0.240916899247518,2.5554352064492836,9.681744879427335,0.0,0.0,0.3789883966436073,0.8036909209127245,0.057054917746591424,0.08710231200558242,0.0
236,0.47664223757086416,1.0887332231506972,4.0047078914881995,3.426157820136852,0.7929460091606265,0.1752960385071414,0.38391227002296646,0.0,0.18748437330934087,0.0
237,0.9370384078637561,0.7079568482352496,1.836658641918626,0.0,0.012889037043067918,0.0,2.9181948812250877,0.19051139339851386,0.11741705480889846,0.0
238,0.0,0.144918222461189,8.276658759339542,2.776432759703116,0.0,0.0,0.0,0.0,0.0,0.0012076462387778121
239,0.0,0.7596634145342227,0.21310032627078082,0.0,0.06965665668631289,0.35399130421420666,3.5265820784986217,0.0,0.0,0.0
240,0.7425138050102501,2.3394406989124352,5.662602831749257,4.217417171362626,0.637010265866832,0.39628431763865996,0.8110545210312691,0.0,0.0,0.0
241,0.11366084853762859,4.759471013561633,8.281060803327213,12.557818838306476,0.03972616822073398,0.04248216035785206,0.0,0.0,0.14241449611118376,0.13644587586835544
242,0.0,1.134092140149415,1.1130928704472838,4.707817754762808,0.0,0.24308081439079293,0.10293975929477336,0.0,0.0,0.10856678593441782
243,1.1467036623229423,1.7046709461517862,1.0444933080060619,0.36333914161545844,2.9005915598415934,1.9005845363286968,1.35274205874141,0.0,0.0,0.0
244,0.0,4.276914800183191,3.228375531471703,0.458599432300459,5.669357460865137,0.0,1.859872540820837,0.0816612215574283,0.0,0.09190212991072276
245,0.0,1.3220259974595234,2.1136863323553485,0.0,8.404509297031654,0.13155388888877834,0.0,0.0,0.0,0.0
246,0.27621155138638215,1.04143921488964,2.574035722840075,0.0,2.6170409007164235,0.0,1.5453948970558633,0.08132100515374503,0.0,0.22430093554390182
247,0.09881396869294597,0.2658416589214655,4.761417123173581,0.0,0.65478681835298,0.0,2.7329809250052852,0.05309651040274244,0.4236046780203964,0.15797897325043542
248,0.09704625302946099,0.0,4.2808458745147515,0.0,2.289813140008967,0.7248520223309421,4.551497265362348,0.0,0.0521564717184348,0.0
249,1.2875209170351132,3.205210773716299,1.3492522146597077,0.10865763648580977,2.374594632514117,0.0,0.0,1.2923265609972656,0.17441317002815934,0.0
250,1.9245760840627157,0.22623578640936753,6.933628446746118,0.0,9.918218948140593,0.6215609388272161,3.2997977901226077,0.0,0.13447051442130525,0.0
251,0.9937535855244213,0.0,1.5340649617085844,0.0,0.0,0.8154019604715967,0.029981792939905882,0.0,0.0,0.0
252,0.0,0.02524115399286168,1.690976093105357,0.0,0.6239266274832891,0.96378396607481,1.8518915377008158,0.0,0.25876759257062276,0.0
253,0.0,0.10134262775942836,1.524348024943263,0.0,0.0,0.0,2.6047607666203545,0.0,0.0,0.12523622008347493
254,0.0,0.030584391768803832,3.547201713842138,0.0,1.1213123376667102,0.0,0.08548286737627932,1.1526445178661953,0.09616213101730982,0.0
255,0.09208936379118328,0.0,0.6360406781006789,0.0,0.009608255810315635,0.0,0.8518333855049575,0.0,0.0202241277857605,0.009830140525306454
256,0.0,0.0,1.0767846876659668,0.0,0.0,1.2637094529094663,0.055577151120078855,0.0,0.0,0.0
257,0.17431003286729616,0.0,2.3051092811143707,0.5453598423519389,0.12412971596542977,0.21010081506957776,0.0,0.05682437130010625,0.0,0.0
258,0.0,0.047838066733242444,0.0,1.3494491673782765,0.27876784084486644,0.0,2.850631226589244,0.004007791574938381,0.07103495187324607,0.0
259,1.901328629574565,3.2126471804474446,3.076143229685948,3.0334376509768872,0.0,0.8660839015176937,1.1205299558687967,0.137935173866722,0.14286221729687548,0.1380273412285707
260,0.0,0.9325033098309714,1.9665913853385149,9.256604744857217,0.0,0.0,0.0,0.0,1.1386212340828463,0.3379853910562252
261,0.0,2.084153117982119,3.9869406857736163,0.25569059229520674,0.9595509638427774,0.40667409952406824,3.8631278809024368,0.0,0.19322651484169173,0.3879152040732669
262,0.0,2.635791075017667,0.0,0.9993985413970342,8.465435304165057,0.7152787297596849,0.5681508169963847,0.0,0.42924409383602485,1.09831150749184
263,0.6750618808100578,0.34672335106316754,0.5108495697074589,0.14105850613465756,4.641275341857958,0.7439242450819011,0.7737232366408973,0.0,0.17169610396479348,0.0
264,2.395554097608323,0.0,4.8721190402471635,0.021115701718974488,4.151108903560781,0.0,1.2862456826114927,0.0,0.18634174586658586,0.0
265,1.2574319808383858,2.1626309082960673,2.811321144362973,0.0,9.286071191350977,0.0,0.0,0.0,0.0,0.0
266,0.0,3.494123388078423,1.2403235092555278,0.0,15.903910390294369,0.47258453803147654,0.4232931339898629,0.0,0.0,0.0
267,0.40655588438322454,3.2902484786060193,0.0,0.46763926182829935,5.025677893778233,0.0,0.0,0.07791730688886651,4.27823355267239,0.2989304517514047
268,0.0,0.0,0.4382034105484774,0.0,0.6680941440696624,0.0,2.333621141113782,0.10753216100306627,0.03454080279479975,0.0
269,0.0,0.0,3.32856027855466,0.11765009205161953,0.8719878517884052,0.0,1.325680713834285,0.0,0.0,0.46434610694931566
270,0.0,0.19921248627867383,3.366850857338246,0.5521268633496357,3.5311601452644727,0.11002973231750907,1.613887937835536,0.047647747361673196,0.0,0.17669932501337512
271,0.0,0.0,0.0,0.007201752183981647,0.0,0.0,2.353843380940212,0.0,0.0,0.065360630752732
272,0.0,0.732818395015606,1.4866510239189215,3.6561950630500197,0.0,2.974286918950788,0.005380014649797644,0.0,0.0,1.6714398070879952
273,0.0,0.0,0.9019022623184024,1.1020900580595374,0.28805476345415887,0.0,0.7559088383850623,0.0,0.0,0.0
274,2.044677546007822,2.4309925333350466,1.8460629298826803,0.7386651829915013,0.037012223857976256,0.0695096951667475,0.048817477227486646,0.0,0.062102551881713146,0.030515369769870498
275,0.0,3.0424595249438866,5.457479002809411,1.3736748379586439,0.0,1.7826155092747547,0.30943937572066205,0.0,0.0,5.2629213751159245
276,1.013157702918442,3.02693658030968,2.36339399851662,1.0224405936129204,0.2141033825108508,2.1515394568837976,0.12885080590531994,0.0,0.2537868621937867,0.0
277,0.6331479094526196,0.5699868136084646,2.0202962646469125,2.708614613165811,0.0,0.18438262553150545,0.3232924550944843,0.024150530901244863,0.019651330677076792,0.0
278,0.0,2.9302669828653416,0.0,1.3411791177985815,0.0,1.0811444499861358,0.0,0.08141939910141431,0.21484236398933007,0.0
279,0.04239446067105557,0.0,0.0,0.7848500606416466,0.0,0.0,0.1015340965116954,0.04908924026417275,0.10902704850160096,0.14299778110238648
280,0.0,0.7127920897200102,0.0,0.0,0.0,0.0,0.5659467584541559,0.0,0.0,0.0
281,0.0,5.280183903023383,0.1799342973810592,0.0,3.3483898126059883,0.6523529871881238,0.4201382508567632,0.23777997361343844,0.01052661245341932,0.5028462121533653
282,0.0,1.524072898804208,1.9405580704324414,0.0,1.253575942075226,0.6152645144603623,0.0,0.01207099427261901,0.0,0.6346410169889234
283,0.0,1.9322665678629805,0.0,0.0,5.684404739203655,0.0,0.08933782338037821,0.0,0.0,0.0
284,0.017562818153923968,2.419686719490706,0.17778003514479757,0.0,0.7624636741873885,0.35876810766434586,0.8008284813564018,0.0,0.5207151715380157,0.0
285,0.3606374260773331,0.0,1.259752114260419,0.3394654058985144,1.2378689250289918,0.0,0.0,0.0,0.0,0.5003571051806435
286,0.0,1.2501505789268454,0.0,0.03736980098748347,2.724645836196722,0.0,0.0,0.0,0.0,0.0
287,1.3879888019678508,0.04933328738993965,4.285499560045087,0.07581231559169904,2.128321043451015,0.0,0.10324245242852377,0.0,0.14160188323166817,0.1886978142840921
288,0.0,0.0,0.3812423441855053,0.0,2.7371166966600886,0.0,1.6237032117537626,0.0,0.06597629930621615,0.046691595942767616
289,0.0,0.0,0.0,0.05956604112413322,0.8449334516797637,0.0,0.0,0.0,0.0,0.0
290,0.6388496358566796,1.3988074435169433,0.4714396003989404,0.0,0.1922539088128234,0.0,0.016751044735221536,0.05691762938147484,0.0,0.012138906904556981
291,0.3051218961340242,0.19913541634747758,3.525081553415217,0.0,2.0413273303185995,0.6245077194241432,0.10256422603687751,0.0,0.0,0.0
292,1.4605747139044105,0.01284167621143925,1.0812393620583747,0.04504807402541723,0.5394019640249834,0.0,0.0,0.029791584690772397,0.05978645417371589,0.0
293,0.15064630655095337,0.0,1.3206508637495369,0.0,0.0,0.04826492699197758,0.99939896680542,0.0,0.05140085378185907,0.0
294,0.0005618086421533111,0.009348832656110405,0.952815288777447,0.4723526238088242,0.0,0.6609206553648339,0.17995242052535546,0.0497185011987398,0.0,0.1343519458406483
295,0.0,1.8427871729278242,0.0,0.0656443358325217,0.0,0.0,0.0,0.0,0.015039195026979325,0.0
296,0.2824353301325348,0.955236752687922,4.798248462229329,3.7241416354424075,0.09831733116022708,0.0,1.5235163176099464,0.0,0.0,0.0
297,0.0,0.31540299269066147,8.686399010593982,0.3420713331122167,0.0,0.0,0.12422480058843523,0.03253282994772512,0.0,0.6633973744893839
298,0.5126284981694167,3.2898578086838204,0.0,3.82483193986491,0.1969894704032549,0.0,0.0,0.0,0.0,0.09217411454316031
299,0.0028531692985191244,0.09419627297257023,0.0,0.0,0.0015434695444138103,0.0,0.0,0.0,0.006831809092451302,0.0
300,0.0,0.0,0.0,0.0,2.4356660129122156,0.0,0.0,0.0,0.0,5.205828625352112
301,1.4860171496356138,0.1508928391918566,3.109616124851575,0.0,7.2055523368803875,0.0670666455445289,0.41772268145987834,0.0,0.2358386831291158,0.0
302,0.26717668839084235,0.0,3.8669017471676375,0.01620231707890387,3.625094890398871,0.0,3.040708965176362,0.0,0.04140073076504232,0.15924706844211656
303,0.0,0.0,2.1228639222150214,0.0,0.9319575090727104,0.0,0.0,0.0,0.0,0.0
304,0.03298775965748927,0.0,0.8048936590828578,0.0,0.0,0.0,0.0,0.0,0.0,0.05238416310455607
305,0.0,1.814224359208271,9.680778984199431,0.5905788165086787,0.7056120110810205,0.9176157073108926,0.0,0.0,0.0,1.9981375588006873
306,0.0,0.0,0.0,0.0,0.5732286998298651,0.0,0.16974135605682045,0.0,0.0,0.0
307,0.0,1.9723954156091839,0.0,0.0,0.9723487407540232,0.0,1.0458195395172083,0.052698420415427466,0.0,0.0
308,0.017043829713803228,0.0,0.26062073302735717,0.0,0.9839226410738497,0.0,0.0,0.0,0.0,0.22017680851222593
309,0.0,0.0,5.965757908888471,0.5422687706058478,2.4745757037737937,0.0,0.0,0.0,0.03273352812069181,0.0
310,0.0,0.0,0.0,0.0,0.0,0.0,0.06764332219273654,0.0,0.0,0.0
311,0.0,0.0,3.1389231347104416,0.0,0.3789096849712666,0.2090085998365215,0.0,0.0,0.08893351436607139,0.0
312,0.10154341362533564,1.6328519154105425,3.210594256160781,0.06921603134078547,5.820117931569223,0.0,0.05683405264360802,0.0,0.34369957483385966,0.06857351118041004
313,0.1332445913570614,0.11035983567268613,3.4059905493689944,0.016244857781895293,0.8912763043382407,0.2130973408406188,0.3383055757375086,0.0583837556423332,0.044176599577474426,0.0
314,0.10550048241186377,0.044512622594090806,0.5430221805234409,0.0,0.04379964040108716,0.12660812282176861,1.6001451337604011,0.0,0.003649226774521705,0.11148551887496036
315,1.066547721204102,0.008949866844843701,10.007223814826848,0.04303217921399547,0.02137597640159957,0.7654768321028343,1.3328753673149722,0.00015389842001386017,0.0,0.20525936417717866
316,3.277842908724054,1.967764111636858,10.980432108309364,4.552246807935551,0.08283538496359716,0.0,0.22846482553395434,0.0,0.2779537560364131,0.0
317,0.0,6.267224191570049,1.9262530712452985,1.0349593418759542,0.0,0.17045061955161972,0.0,0.039873869893740116,0.11278632770462518,0.46303753993826724
318,1.2482979561101286,0.27638364896354134,0.9929617281732326,5.021103619746446,1.5290126713724044,0.0,0.0,0.053896091220267076,0.0,0.0
319,0.15181695643081042,0.18392457970135295,2.4009122683371786,0.0,0.037637195453563664,0.0,1.3175794848647708,0.0,0.053466193414229035,0.0
320,0.15735494693664337,1.5786251473696349,0.0,0.0,0.0,0.0,0.057373557034539176,0.004845899393334952,0.1076443278305926,0.0
321,0.0931149714929717,0.0,0.0,0.05510192093919256,0.06282185445328764,0.0,0.0,0.0,0.0,0.0
322,0.02821667152388547,0.029300578476380734,1.1113138581341464,0.0,0.0,0.0,0.0,0.017696010853833297,0.07567192032748044,0.0
323,0.0,0.0,0.0,0.0,0.0,0.0,2.14960363039218,0.0,0.0,0.0
324,0.0,0.0,1.465828948561987,0.0,0.0,0.0,0.0,0.0,1.9319493605484475,0.19935888366916915
325,0.0,1.327764830239333,0.0,0.0,0.0,0.0,0.0,0.0,0.0,0.0
326,0.0,0.0,0.699366801045965,0.0,0.0,0.10590831730816035,0.0,0.007636255200821001,0.0,0.0
327,0.0,1.539170428162355,3.3102430205997995,0.0,4.919549161356145,0.0,0.0,0.0,0.10776303427716376,0.0
328,0.056633114981529245,0.5698204278885193,2.1584525530000755,0.0,3.8955787915270363,0.0,0.0,0.039937928586406685,0.27214393296924566,0.0
329,0.20162545844350965,0.0,1.3864623357436643,0.00635928709665313,1.9485925339477632,0.0,0.0,0.010808916507036465,0.0,0.0
330,0.42470608745320254,0.6106865704772465,0.40786466742482264,0.0,4.6285075445831225,0.0,4.253349420104278,0.0,0.0,1.9069661871419281
331,0.12858107452890444,0.0,2.6656466245047166,0.01364598351643758,0.0,0.16222011341023934,0.4091477864557304,0.0,0.00029877409358904235,0.06249087867860888
332,0.0,6.080166099688424,1.9048007318775304,0.0,1.3042899448473677,0.8325043110120123,0.6258742367413811,0.0,0.0,0.5827470871238355
333,0.7213699215589441,1.664800963707669,4.048104209848808,4.589718740416403,0.0,0.451880952062366,0.1765550062788495,0.0,0.0,0.0
334,0.9986875552758997,0.3276787249948752,14.870530873262888,0.8185669434439105,0.0,0.0,3.8461785204671397,0.0,0.39495262438628087,0.0
335,0.7008290091515748,1.8954913507455307,5.257360971739028,3.774681140021861,0.2876753789248991,0.0,0.26472040759355353,0.03152616889021628,0.13702680179062596,0.0
336,0.0,0.0,0.23754811706317408,0.006658849034184826,0.0,0.010456621656336854,0.047087567949393075,0.0,0.0,0.02826710433513539
337,0.0,0.07567204030952675,0.12258452999533306,0.0,0.9803314683576374,0.0,0.0,0.0,0.1027326412518505,0.0
338,0.0941471211451429,0.012979586654586185,0.22669713162707764,0.14939352874444434,0.8325206157157365,0.0,0.06431762975534543,0.0,0.0,0.0
339,0.0,0.0,0.0,0.0,0.015442838782682657,0.02013751167218468,0.0,0.0027517511674886182,0.0,0.02134245710281213
340,0.0,0.0,0.0,0.04783376152937144,0.47008954070581155,0.0,0.05202259527535431,0.0,0.0,0.0
341,0.0,0.0,0.6134159876494815,0.04666218562744891,2.3485928091679473,0.0903891338416123,0.0,0.0,0.03500894691160843,0.0
342,0.0,0.0,0.0,0.02275447244678369,0.22044286589809917,0.0,0.0,0.0,0.0,0.0
343,0.38646013933508816,0.0,2.0524335237066924,0.0,0.7117798162196147,0.05785126417703508,2.1325439399211854,0.024850906137316123,0.0,0.0
344,0.6484177442838726,0.37962195500186396,1.3107422230941883,0.042751462794339806,0.0,0.553176313924343,0.0,0.0357431840391126,0.0,0.591684053929433
345,0.0,0.26089082193967267,1.6226979566336037,1.6368393858926282,0.0,0.2534198216912802,1.315474591586034,1.0183989981021098,0.08092162642867656,0.3070072772123914
346,0.8923876836759401,0.0,1.3775443030282262,0.0,0.010396081425738047,0.0,0.03031919615942876,0.0,0.007770673192732727,0.02195551258244494
347,0.0,0.13129799985197374,3.2473169913915276,0.06087368986179826,0.021865225634351435,0.0,0.4377028406596898,0.0,0.1525034839371757,0.0
348,0.0,0.03717383737927269,0.9191998073163521,0.0,0.004723911384962353,0.0,0.0,0.0,0.0,0.0
349,0.026584033529659032,0.0,1.660320065669927,0.0,0.0,0.0,0.029208649401222253,0.0,0.0,0.0
350,0.14305970283903743,0.10933693680697042,1.5417570357399013,0.0,0.08771862817627259,0.0,0.0,0.027543666436608865,0.0,0.0
351,0.20134815127844657,0.3813518446762362,1.9586089896634482,0.0,0.498693323787386,0.0,0.0,0.026361558373627015,0.06109605509243965,0.1259775776013146
352,0.03497148260387016,0.0,1.0730320841904286,0.0,0.0,0.05392193185825392,0.0,0.009668089003272966,0.0,0.09589749592088978
353,0.0,1.4451869940985482,0.0,0.0,0.0,0.0,0.0011054228649548968,0.0,0.0,0.0
354,0.0,0.13264523614571044,0.24789078314957777,0.0,2.416763341862719,0.0,0.02312643117659779,0.02205417250592702,0.0,0.0
355,0.012816358031792143,0.0,0.8542117800065927,0.0,0.0,0.0543379911125716,0.0,0.0,0.013954428179691681,0.12693300226739737
356,0.0,0.0,2.6532952590757795,0.0,0.0,0.14183061533730987,0.05671122502409894,0.0,0.07749626943588632,0.0
357,0.0,0.2763434316557323,1.042907912738078,0.0,2.1552041241175135,0.900494264449716,0.18306030926932843,0.0,0.0,0.42898095993263624
358,0.2558276864155291,0.0,0.0,0.0,2.659034294623633,0.27397021199145527,0.0,0.0,0.0,0.09379313021699427
359,0.0,0.0,0.0,0.0,0.7078410288988884,0.13481142790748699,0.0002531412882594411,0.0,0.10888268515774116,0.0
