"","cell_ID","Ventricular Cardiomyocyte","Fibroblast","Myeloid","Endothelial cell","Neural cell","Lymphatic Endothelial cell","Mural cell","Lymphoid","Mast cell","Adipocyte","Atrial Cardiomyocyte","Mesothelial cell"
"1","0",0.253173258272088,0,0,0.350526372391479,0,0,0,0.188173654492304,0,0,0,0.208126714844129
"2","1",0.427828923325097,0.14727939054725,0.198025608980199,0,0,0,0.132481935864206,0,0,0,0.0943841412832482,0
"3","2",0.317942642978691,0.244958767358517,0.437098589662792,0,0,0,0,0,0,0,0,0
"4","3",0,0,0.116575544385195,0,0.195520571341646,0.152384736109572,0.270475535154423,0,0,0,0,0.265043613009165
"5","4",0.252335481460702,0,0,0,0,0.501923877236044,0,0,0,0,0.245740641303254,0
"6","5",0.435875955954491,0,0,0.0995697784733603,0.129727625014153,0,0,0,0,0,0.10950747937449,0.225319161183506
"7","6",0.854871404516901,0,0,0,0,0.145128595483098,0,0,0,0,0,0
"8","7",0,0.190119114053895,0.163150536766623,0.29410200399056,0,0.352628345188922,0,0,0,0,0,0
"9","8",0.163422670695344,0,0.081072082512917,0,0.303380721272691,0.175557297150384,0,0,0,0,0.146960176098923,0.12960705226974
"10","9",0,0,0.151753167767396,0.261384712494868,0,0.162591929128839,0.325096846755156,0.0991733438537404,0,0,0,0
"11","10",0.445197507562295,0.261194122032586,0,0,0,0,0,0,0,0,0.100156055587679,0.19345231481744
"12","11",0,0,0,0.367018312080386,0,0,0.244357182871134,0,0.38862450504848,0,0,0
"13","12",0.240960890960719,0.338172079110746,0,0.213652226769075,0,0,0,0,0,0,0.20721480315946,0
"14","13",0.362562458414222,0.637437541585778,0,0,0,0,0,0,0,0,0,0
"15","14",0,0.325826031995659,0.40854201681826,0,0,0.265631951186081,0,0,0,0,0,0
"16","15",0,0,0,0.410329974107092,0,0,0.276577782137172,0,0,0.112865786487395,0,0.200226457268341
"17","16",0.195328447747496,0,0.369049862502559,0.123385607350834,0,0,0,0,0,0,0.173167329824701,0.13906875257441
"18","17",0.354832388217113,0,0,0,0,0.193589886866472,0.163153458606165,0,0,0,0,0.288424266310251
"19","18",0,0,0.162993536117296,0,0.142238192384369,0.241876601956735,0,0,0.333697519128215,0,0,0.119194150413385
"20","19",0,0,0,0,0,0.335966218890087,0,0.20884655460877,0.28041661437432,0,0.174770612126823,0
"21","20",0.323949318133309,0,0.275308435860667,0,0.141384006835495,0,0,0,0.259358239170529,0,0,0
"22","21",0,0.149504051774651,0,0,0,0.23173488244604,0.349242130874506,0,0,0,0,0.269518934904803
"23","22",0,0.38696013845078,0,0,0.433368863937353,0.179670997611867,0,0,0,0,0,0
"24","23",0.439968457749478,0.131356400738424,0,0,0,0,0,0.285907641516686,0,0,0.142767499995412,0
"25","24",0,0.179316641304646,0.113086068623921,0.160637171860658,0,0,0.329839316252106,0,0.217120801958669,0,0,0
"26","25",0.153539832664291,0.245914687558001,0,0.117385431222688,0,0,0.287391471307891,0,0,0,0.195768577247129,0
"27","26",0,0.361649681398191,0.112608616864551,0.175435846278528,0,0,0,0,0,0.134904719935485,0,0.215401135523246
"28","27",0.239182138064551,0,0.107079735407446,0,0.231925666947214,0,0.304974078948849,0,0,0,0.11683838063194,0
"29","28",0,0.217862598031572,0,0,0.559849424285781,0,0,0,0.222287977682647,0,0,0
"30","29",0.150678544141732,0,0,0.849321455858268,0,0,0,0,0,0,0,0
"31","30",0.3648763708954,0,0,0,0,0,0.238041703121981,0.218955067335727,0,0,0.178126858646893,0
"32","31",0,0.359082680803782,0,0,0.247420368669045,0,0,0,0.393496950527174,0,0,0
"33","32",0.319115314697547,0,0.280145497535084,0,0,0.236188596406537,0,0,0.164550591360832,0,0,0
"34","33",0,0,0.12405905800194,0.337421444827274,0.301388074536334,0,0,0.237131422634452,0,0,0,0
"35","34",0,0.307591023317389,0,0,0,0.422877460705981,0,0,0,0,0,0.26953151597663
"36","35",0.402157999774326,0.164766035365708,0.202894899908709,0,0,0,0,0,0.127385599486425,0,0.102795465464831,0
"37","36",0,0,0,0,0.306687547622587,0,0.168968880907638,0,0.311713992643283,0,0,0.212629578826492
"38","37",0,0.19264090074793,0,0.29248265793981,0,0,0,0,0.234664359296909,0.170024368019565,0.110187713995785,0
"39","38",0,0.315723074849768,0,0,0,0.295661461238778,0,0.188197169049413,0,0,0.0436238393898044,0.156794455472236
"40","39",0,0,0,0.280658704848572,0,0,0,0,0,0,0.151035062354991,0.568306232796436
"41","40",0.485819414121048,0,0,0.325992884643292,0,0,0.18818770123566,0,0,0,0,0
"42","41",0.39554386577264,0,0,0,0,0,0.263342239639252,0,0,0,0.222045264143687,0.119068630444422
"43","42",0,0,0,0,0.414049512471766,0,0.585950487528234,0,0,0,0,0
"44","43",0,0.404189488273788,0.262450128995662,0,0,0,0,0.174871781370823,0.158488601359727,0,0,0
"45","44",0.275225679182074,0.0795141577244836,0,0,0,0.276171230983295,0,0.179569977976461,0.189518954133686,0,0,0
"46","45",0.561695381119088,0.143020964728675,0,0.137568487983954,0,0,0.157715166168282,0,0,0,0,0
"47","46",0.326450627542067,0.301255688916654,0,0,0,0,0.21925873910417,0,0,0,0.15303494443711,0
"48","47",0,0.444786311285337,0,0,0,0,0,0,0,0,0,0.555213688714663
"49","48",0.307240203269585,0.165494099772103,0,0,0,0,0,0,0,0,0.205205371822255,0.322060325136056
"50","49",0,0,0.30249515548101,0,0,0.197091399347835,0,0,0.273366473477217,0,0,0.227046971693938
"51","50",0,0,0,0,0,0,0,0.490662390969914,0.148284892641659,0,0.0464465630342537,0.314606153354173
"52","51",0.480630314124432,0,0.164304447886372,0,0,0,0,0,0,0,0,0.355065237989196
"53","52",0.683587215945907,0,0,0,0,0,0.267332827022001,0,0,0,0.0490799570320918,0
"54","53",0.400846490859213,0.126039522920485,0.150535052999705,0,0.154988694645469,0,0,0,0,0,0.167590238575129,0
"55","54",0,0.216409754496685,0,0.205501622994777,0.232366525798646,0,0,0.169649394063082,0.17607270264681,0,0,0
"56","55",0.45806654421207,0,0.256781613294066,0,0,0.155384975853333,0,0,0,0,0,0.129766866640532
"57","56",0,0.295307689838801,0.24021804313684,0.104715581402285,0.178125037963312,0,0,0,0,0,0,0.181633647658761
"58","57",0,0.494407075713937,0,0,0,0,0,0,0,0,0,0.505592924286063
"59","58",0.384049132783243,0,0,0,0.193841622576445,0,0,0,0.182328224819659,0,0.239781019820653,0
"60","59",0.143663569484413,0,0.227940422070972,0,0,0.174630180196545,0,0,0.155301545910257,0,0.139730078945866,0.158734203391947
"61","60",0.639532376354368,0.0974330357615462,0,0,0.143824848441098,0.119209739442988,0,0,0,0,0,0
"62","61",0,0,0.209043669029345,0.291517145684736,0,0.499439185285919,0,0,0,0,0,0
"63","62",0.229126502197649,0.18678126862751,0,0,0,0,0,0,0,0,0.318761927503566,0.265330301671275
"64","63",0,0,0,0.338704530449737,0,0.126375006806832,0.395128109811862,0,0,0,0,0.139792352931569
"65","64",0,0,0,0.178361969066967,0,0.190312289689978,0.272903426131633,0,0.139332235485771,0,0,0.219090079625651
"66","65",0,0.229339827814494,0.274623117101167,0,0,0.208403223821636,0,0,0,0,0.101821869066008,0.185811962196695
"67","66",0.156584007572596,0,0,0.315408160708729,0.148731265559619,0,0,0,0,0,0.136577189064554,0.242699377094502
"68","67",0.738747442859053,0,0,0,0,0,0,0.127422533418539,0.133830023722409,0,0,0
"69","68",0,0,0,0.427026702482683,0,0,0,0,0,0,0.276242990398751,0.296730307118565
"70","69",0.390840544383185,0,0,0,0,0.120913113442332,0,0,0.205248002944488,0,0.09365772216314,0.189340617066855
"71","70",0,0.268914180322089,0.220923291847029,0,0.277178890389285,0,0.161506278033602,0,0,0.0714773594079956,0,0
"72","71",0,0,0,0,0,0,0.425771685652391,0.24356879747184,0.330659516875769,0,0,0
"73","72",0,0,0,0,0.255031239377202,0,0.363534869358981,0,0,0,0.141021249282098,0.240412641981719
"74","73",1,0,0,0,0,0,0,0,0,0,0,0
"75","74",0,0.194651158984457,0,0.185102731860191,0.351062543922,0,0.269183565233352,0,0,0,0,0
"76","75",0.413041088122394,0,0,0,0,0.143918312938382,0.320272440653561,0,0,0,0.122768158285663,0
"77","76",0,0.119082835920594,0.168005651762546,0,0,0.201813332780804,0,0,0,0.141523215538498,0,0.369574963997557
"78","77",0.304388371062921,0,0.194286716910144,0.13825652069392,0,0,0.151521201979623,0,0,0,0,0.211547189353393
"79","78",0,0.101966431370589,0.123549946463583,0.331860511724333,0,0.289025307353689,0.153597803087806,0,0,0,0,0
"80","79",0.264056461571491,0.298551544331908,0,0,0,0.187500679973737,0,0,0.249891314122864,0,0,0
"81","80",0.745604095586428,0,0,0,0,0,0,0,0.254395904413572,0,0,0
"82","81",0.427820355386224,0,0,0,0,0,0,0,0.250169466233705,0,0.113113693067998,0.208896485312073
"83","82",0,0.271527255530219,0.394084139618525,0,0.155831704493736,0,0,0,0,0,0,0.17855690035752
"84","83",0.177813313785949,0.327935579745433,0,0,0.285352946578878,0,0,0,0,0,0,0.208898159889739
"85","84",0.436523051473032,0.102829471885652,0,0,0.172253265413532,0,0,0,0,0,0.0925478883697481,0.195846322858036
"86","85",0,0.421671497413858,0,0,0.401247308208505,0.177081194377637,0,0,0,0,0,0
"87","86",0,0.38426941928964,0,0.211487372522419,0.404243208187941,0,0,0,0,0,0,0
"88","87",0,0.291225844435244,0,0.534331063688771,0,0,0.174443091875985,0,0,0,0,0
"89","88",0.359793154751987,0.398791470207949,0,0.241415375040064,0,0,0,0,0,0,0,0
"90","89",0.800330032251628,0,0,0,0,0,0,0,0,0,0.0625564792347542,0.137113488513617
"91","90",0.912725224687735,0,0,0,0,0,0,0,0,0,0.0872747753122648,0
"92","91",0.360109492275569,0.20387036295183,0.163810836131283,0,0.175886569466905,0,0,0,0,0,0.096322739174413,0
"93","92",0.386247421661646,0,0,0,0,0.450168983283665,0,0,0,0,0.163583595054689,0
"94","93",0.295347119986068,0,0.215961826084198,0.225716500840487,0,0,0.247369406401363,0,0,0,0.0156051466878843,0
"95","94",0,0.179925188061784,0,0.250083592846075,0,0.569991219092141,0,0,0,0,0,0
"96","95",0.50021562645467,0,0,0,0,0,0,0,0,0,0.283667349239386,0.216117024305945
"97","96",0,0.282894661392245,0,0,0.515707419971345,0,0,0,0,0,0.0402560736674821,0.161141844968929
"98","97",0,0.653470461369724,0,0,0.346529538630276,0,0,0,0,0,0,0
"99","98",0.766679482476114,0,0,0,0,0.233320517523886,0,0,0,0,0,0
"100","99",0,0.450629942753483,0.234732300487575,0,0,0,0.314637756758942,0,0,0,0,0
"101","100",0.778892803228278,0.221107196771722,0,0,0,0,0,0,0,0,0,0
"102","101",0,0.16723290120465,0.362659280182808,0,0.174901969256934,0.182129572439394,0,0,0,0,0.113076276916213,0
"103","102",0.254695078079597,0.362845935684373,0,0,0,0,0,0,0,0,0,0.38245898623603
"104","103",0,0,0.251631898053528,0.215768469774001,0.248237684934849,0.137235753536224,0,0,0.147126193701397,0,0,0
"105","104",0.150522956005943,0,0.55775645884429,0,0,0,0,0,0,0,0,0.291720585149767
"106","105",0,0.375668388016237,0,0,0,0,0,0,0.321887907929799,0,0,0.302443704053964
"107","106",0,0.342366055269458,0,0.201844153256245,0,0,0.455789791474297,0,0,0,0,0
"108","107",0,0.35582239620364,0,0,0,0,0,0.209316426784016,0.243630298365589,0,0,0.191230878646754
"109","108",0,0.255204500121215,0.551657086670845,0,0,0,0,0.19313841320794,0,0,0,0
"110","109",0.514200307155753,0.11914876507152,0,0,0,0,0,0,0,0,0.109408478639136,0.257242449133591
"111","110",0,0.0166298297561857,0,0,0.983370170243814,0,0,0,0,0,0,0
"112","111",0.540783375206576,0,0,0.292214322019826,0,0,0,0,0,0,0.167002302773599,0
"113","112",0,0.473028011277928,0,0.214633781576777,0,0,0,0,0.312338207145295,0,0,0
"114","113",0,0,0.17452158064146,0,0,0,0.361887067087733,0,0.139792264003538,0,0,0.323799088267269
"115","114",0,0.091981949349905,0,0.199514826262457,0,0.189593218757239,0,0.256033955754245,0,0,0,0.262876049876154
"116","115",0,0.323065672537752,0,0.288699045522811,0,0,0,0,0.388235281939437,0,0,0
"117","116",0.451646304078885,0,0,0.274809029508649,0,0,0.273544666412466,0,0,0,0,0
"118","117",0,0.410276678021476,0,0.3285434720766,0,0.261179849901923,0,0,0,0,0,0
"119","118",0.386317770833193,0,0.449443701837701,0,0,0,0,0,0,0,0,0.164238527329106
"120","119",0,0,0.249711745340145,0.174579347358079,0,0,0.326963526700044,0,0.248745380601732,0,0,0
"121","120",0.441594109361272,0,0,0,0,0.269499414499569,0.288906476139158,0,0,0,0,0
"122","121",0,0,0,0.237423950809125,0,0,0.520028903656261,0,0.242547145534613,0,0,0
"123","122",0,0.503452636288152,0.146633610449352,0,0,0.1865934351934,0,0.163320318069096,0,0,0,0
"124","123",0.603922024149722,0.187469098387009,0,0,0,0,0,0,0.18880451383987,0,0.0198043636233994,0
"125","124",0,0,0.339026600513826,0.398570704694354,0,0,0,0,0,0,0,0.262402694791821
"126","125",0.149044956096853,0.14978008079746,0.28879238769971,0,0,0.278295615358096,0.134086960047881,0,0,0,0,0
"127","126",0.427711877514235,0.505738585985539,0,0,0,0,0,0,0,0,0.0665495365002265,0
"128","127",0.241545227969541,0.223364408539463,0.323364729882006,0,0,0,0,0,0.21172563360899,0,0,0
"129","128",0,0,0.289414262292801,0,0,0,0,0.171818206407022,0.288092205058195,0,0,0.250675326241982
"130","129",0,0,0.284501251994542,0.327380486540874,0,0.160065252683254,0,0,0,0,0,0.22805300878133
"131","130",0,0,0,0,0.299081375472271,0,0.25263897685238,0,0.448279647675349,0,0,0
"132","131",0.329449633827335,0.22948663627065,0,0.223363075184632,0,0.217700654717382,0,0,0,0,0,0
"133","132",0,0,0.28808925338845,0,0,0,0,0.291015151768597,0.420895594842953,0,0,0
"134","133",0,0.261602192280833,0.254042435068613,0.309634177323235,0,0,0,0,0,0,0,0.174721195327319
"135","134",0.408226434900797,0,0,0,0,0,0,0,0.495270205317068,0,0.0965033597821345,0
"136","135",0.428033637109613,0,0,0,0.266555750846139,0,0,0,0,0,0,0.305410612044248
"137","136",0,0,0,0.456043172426116,0.238480512834443,0,0,0,0.30547631473944,0,0,0
"138","137",0.268509622710185,0.128154633259671,0.21884799756438,0.384487746465765,0,0,0,0,0,0,0,0
"139","138",0,0.224912392133443,0.168861172450548,0,0.230236552173639,0.146661885053387,0.16698049375379,0,0,0,0.0623475044351931,0
"140","139",0,0.421021671602248,0.328036903246786,0,0,0,0,0,0,0,0.0685947245803344,0.182346700570632
"141","140",0.426654314504144,0,0,0,0,0,0.146283826306799,0,0.25706582194757,0,0.169996037241486,0
"142","141",0,0.611048172733332,0.229734818148775,0,0,0,0.159217009117893,0,0,0,0,0
"143","142",0.243871579761337,0.314073381102619,0,0,0,0,0,0,0.198960198738045,0,0,0.243094840397999
"144","143",0.222115908936595,0,0,0,0,0,0,0,0,0,0.383779936233782,0.394104154829623
"145","144",0.157194096909762,0.842805903090238,0,0,0,0,0,0,0,0,0,0
"146","145",0.296645852487356,0.2970554430074,0,0,0,0,0,0,0,0,0,0.406298704505245
"147","146",0.239683497678905,0,0,0,0.172306264887327,0,0.193600345701121,0,0.170052794597997,0,0.22435709713465,0
"148","147",0.555159294742871,0,0,0,0,0,0,0,0.286889226266621,0,0,0.157951478990509
"149","148",0.190514089961999,0.0597092554726652,0,0,0,0.267076357353013,0.248518316659979,0,0,0,0.115971649956345,0.118210330595998
"150","149",0,0,0.354412543114538,0,0,0,0.253469201235241,0,0,0,0,0.392118255650221
"151","150",0.283812331207592,0,0,0,0,0,0,0.197762439549499,0,0,0.340981585905977,0.177443643336932
"152","151",0.591669714448492,0,0.0980316297006017,0,0,0,0,0,0,0,0.140205603711926,0.17009305213898
"153","152",0.157686021975384,0.256843877778579,0,0,0.168396777104985,0,0,0,0,0,0.100057221036125,0.317016102104927
"154","153",0,0.305546028614384,0,0.165865506259227,0,0.12271281568025,0.317521127284973,0,0,0,0.0883545221611659,0
"155","154",0,0.387212089910067,0.243418878249794,0,0,0.369369031840138,0,0,0,0,0,0
"156","155",0.357318491455385,0.165052380330795,0.160060635086498,0,0.19843281293274,0,0,0,0,0,0,0.119135680194582
"157","156",0.556459573079122,0,0,0.307685745297203,0,0,0,0,0,0,0.135854681623675,0
"158","157",0.360145684711655,0,0,0,0,0,0.639854315288345,0,0,0,0,0
"159","158",0.601726845972578,0,0,0,0.205110512187307,0.193162641840114,0,0,0,0,0,0
"160","159",0.938519367780279,0,0,0,0,0,0,0,0,0,0.061480632219721,0
"161","160",0,0.454602876512618,0,0.300975547594588,0,0,0.244421575892793,0,0,0,0,0
"162","161",0.27475658830055,0,0.189919210765533,0,0,0.292128483011599,0,0,0,0,0.101746531320336,0.141449186601982
"163","162",0,0.0460578166116005,0,0.274059075163761,0,0,0,0.426848895476013,0.253034212748626,0,0,0
"164","163",0.315899577971931,0.168645082995778,0,0.238847775816972,0.220061248632742,0,0,0,0,0,0.0565463145825775,0
"165","164",0,0.181067107704848,0.216024086540291,0.388636496298782,0,0,0,0,0.214272309456079,0,0,0
"166","165",0,0.293429770109506,0.276918412901196,0,0,0.241490436289625,0,0,0,0,0,0.188161380699674
"167","166",0.599359556262514,0.0493196842429162,0,0,0,0,0.159751623784379,0,0,0,0.191569135710191,0
"168","167",0.396987460517357,0,0,0,0,0,0.236149805247644,0,0.291059153436285,0,0.0758035807987144,0
"169","168",0,0,0,0,0,0.515750291344031,0,0,0.256644927079402,0,0,0.227604781576567
"170","169",0,0.107722414776988,0.274643533540126,0,0,0.37865365813804,0,0,0,0,0,0.238980393544845
"171","170",0.377270680339069,0,0,0.123647008952119,0.178921725628112,0,0,0,0.162450215249781,0,0.157710369830919,0
"172","171",0.208741479573479,0,0,0,0.46999436273772,0.132751664796111,0,0,0,0,0.188512492892691,0
"173","172",0.289298851386687,0,0,0,0,0,0,0,0.315420275721944,0,0.174210135633005,0.221070737258364
"174","173",0.476107961777659,0.106069305571533,0.110948785724258,0.211922651961553,0,0,0,0,0,0,0.0949512949649967,0
"175","174",0.156695866151985,0.228469436658979,0.261564060616252,0,0,0.232125371156561,0,0,0,0,0.121145265416223,0
"176","175",0,0.162988222785652,0.355295498939178,0,0.2223584423094,0,0,0,0,0,0,0.25935783596577
"177","176",0.197575630823941,0.24570980736875,0,0,0,0.209183912955684,0,0,0,0,0.10314371420007,0.244386934651556
"178","177",0.402324011584737,0,0,0,0,0,0.161641896811785,0,0.317656550191448,0,0.118377541412031,0
"179","178",0,0.581971279424796,0,0,0,0.339905904428198,0,0,0,0,0.0781228161470066,0
"180","179",0,0.194637952915392,0,0,0,0.250632555591169,0.343345717231767,0.211383774261671,0,0,0,0
"181","180",0,0.17325246033966,0,0,0,0.229904876604056,0,0.26865133963084,0,0,0.147188254044184,0.18100306938126
"182","181",0.165056062177282,0.150287170232873,0,0,0.447882934801868,0,0,0,0,0,0,0.236773832787977
"183","182",0,0.281059450183019,0,0.180352831482277,0.310190758252319,0,0.228396960082385,0,0,0,0,0
"184","183",0.285930469977545,0,0,0,0,0.202155297271235,0.238057833510092,0.121443119739611,0.152413279501517,0,0,0
"185","184",0.19381474404422,0,0,0.289958041189648,0,0.231004473459007,0,0,0,0,0,0.285222741307125
"186","185",0.407684791395947,0,0,0.231217298470689,0,0,0,0.251008171815862,0,0,0.110089738317501,0
"187","186",0.686328561314621,0.119825812145492,0,0,0,0.193845626539887,0,0,0,0,0,0
"188","187",0.283172897423551,0,0,0.232382358214621,0.176995316389098,0,0,0,0,0,0.10477359305584,0.202675834916889
"189","188",0,0.280538547245191,0.216277384696887,0,0,0,0.268068136066483,0,0.235115931991439,0,0,0
"190","189",0.543782010152874,0,0,0.139875820017207,0,0,0,0,0.162825523374695,0,0.153516646455224,0
"191","190",0.421469287758274,0,0.196026134479183,0,0,0,0.206218139025108,0,0,0,0.176286438737435,0
"192","191",0.130235111762446,0.16874057027481,0,0,0,0.426287646907173,0.125624640692424,0,0,0,0.149112030363146,0
"193","192",0.187481955189429,0.209706144681302,0,0,0,0,0.170578480785749,0,0,0,0.219965025918273,0.212268393425248
"194","193",0.181251375763442,0,0,0,0.16885313474388,0,0.318225070648859,0,0,0,0.168763363971364,0.162907054872455
"195","194",0.472954769254016,0.212120654634272,0.314924576111713,0,0,0,0,0,0,0,0,0
"196","195",0,0.153537450251504,0,0.252200651995064,0,0,0,0,0.594261897753432,0,0,0
"197","196",0,0.37058871566806,0.195425711483218,0,0,0,0.264428676293971,0,0.169556896554751,0,0,0
"198","197",0,0.270976807786832,0,0,0,0.48139898275507,0,0.247624209458098,0,0,0,0
"199","198",0.569605753782405,0,0,0,0,0.0965017950932185,0.160793935701688,0,0,0,0.173098515422688,0
"200","199",0,0.518021142655025,0,0,0.199599076172717,0,0,0.178278683717024,0,0.104101097455235,0,0
"201","200",0,0,0,0,0,0,0.57466531117581,0,0,0,0.230398769405365,0.194935919418825
"202","201",0,0.278452811385096,0,0,0.261153971608825,0,0,0,0,0,0,0.460393217006079
"203","202",0.154036879973174,0,0,0.230312761688425,0,0,0,0,0.483206472246234,0,0.132443886092166,0
"204","203",0,0.11760177792477,0,0.134960861152896,0.202741468302046,0.207197711197496,0,0.152225946154977,0.185272235267814,0,0,0
"205","204",0.408605611067025,0.268720674134851,0,0,0,0,0.180460078166263,0,0,0,0.142213636631861,0
"206","205",0,0.0878550194868504,0.116379973821231,0.141154415510392,0,0,0,0,0.31773885858529,0,0,0.336871732596237
"207","206",0,0.139218311456304,0,0.21702978991537,0,0.359311585263408,0.284440313364919,0,0,0,0,0
"208","207",0.804303180095758,0,0,0.195696819904242,0,0,0,0,0,0,0,0
"209","208",0.675115007383936,0,0.234436027041586,0,0,0,0,0,0,0,0.0904489655744784,0
"210","209",0,0,0.641576010267719,0,0,0.358423989732281,0,0,0,0,0,0
"211","210",0,0,0,0.284842881152426,0,0,0,0.200360455146854,0.224013775370149,0,0,0.290782888330572
"212","211",0.294149333058311,0.294043422335398,0,0,0,0,0.411807244606292,0,0,0,0,0
"213","212",0,0.164523471949692,0,0,0,0.334357441000988,0.173864119494632,0,0.327254967554688,0,0,0
"214","213",0,0.230223052215637,0,0.232304617060707,0,0,0,0,0.537472330723656,0,0,0
"215","214",0.353572854825311,0.494840147896476,0,0.151586997278213,0,0,0,0,0,0,0,0
"216","215",0.445174957660764,0,0.147682569932518,0,0,0,0,0,0.32294110320724,0,0.084201369199478,0
"217","216",0.705419114101532,0,0.16496186945714,0,0,0,0,0,0,0,0.129619016441327,0
"218","217",0,0.279953675888216,0.145001116432231,0,0.360376299006237,0,0,0,0,0,0,0.214668908673317
"219","218",0.214780142754665,0.0823447187606496,0.120920243717122,0,0,0.397790411184057,0,0,0.184164483583506,0,0,0
"220","219",0,0.0991820565713484,0.312005944540649,0,0,0,0.293522435748424,0,0.295289563139578,0,0,0
"221","220",0,0.128759137663321,0,0.15832318256382,0.291692447913365,0,0,0,0,0,0,0.421225231859494
"222","221",0,0.646282390487861,0.205729046395684,0,0,0,0,0,0,0.147988563116455,0,0
"223","222",0.428175682066345,0.417233407012042,0,0,0,0,0,0,0,0,0.154590910921613,0
"224","223",0.402672792033359,0.169361520680988,0,0,0,0,0.187218865538397,0.194668728342875,0,0,0.0460780934043814,0
"225","224",0,0,0.255154357511552,0,0.26548892877816,0,0,0,0.479356713710288,0,0,0
"226","225",0.377291351323227,0.111838834227865,0.207911218101768,0,0,0,0,0,0,0,0.0905142008065861,0.212444395540554
"227","226",0.219312984919573,0.16405544901456,0,0,0,0,0,0,0.162188536640398,0,0.207899546628139,0.24654348279733
"228","227",0,0.26148758032505,0.144402970104858,0,0,0,0,0,0.353267810205667,0,0,0.240841639364426
"229","228",0.417250419565234,0.278523677725319,0.246220841627036,0,0,0,0,0,0,0,0.0580050610824116,0
"230","229",0.468565196941376,0.384039353893363,0,0,0,0,0,0,0,0,0.147395449165261,0
"231","230",0.376656624916121,0,0.295675145475187,0,0,0.176672872461083,0,0,0,0,0.150995357147608,0
"232","231",0,0.575928897971027,0,0,0,0.168257148241331,0,0,0.255813953787642,0,0,0
"233","232",0,0.546350463221144,0,0.329690935542447,0,0,0,0,0,0,0.12395860123641,0
"234","233",0,0.337635935669089,0,0,0.268163039808407,0.192402056274927,0,0,0.201798968247577,0,0,0
"235","234",0,0.227988127597694,0.22828773129109,0.543724141111216,0,0,0,0,0,0,0,0
"236","235",0.720598432584594,0,0,0,0.122812165333219,0,0,0,0,0,0,0.156589402082187
"237","236",0.74003340085061,0,0,0,0,0,0,0.25996659914939,0,0,0,0
"238","237",0.560187115213396,0,0.223724600689758,0,0,0,0,0,0.167817141637363,0,0.048271142459483,0
"239","238",0.150630876143894,0,0.195022317936782,0,0.526617267484988,0,0,0,0,0,0.127729538434336,0
"240","239",0,0,0,0,0,0,0.354654218759996,0.294236611627173,0.150494884990513,0,0,0.200614284622319
"241","240",0.532069152913098,0,0,0,0,0,0.15826513523253,0,0.309665711854372,0,0,0
"242","241",0,0,0.484737605043507,0,0,0.271703635672253,0,0,0.159420229912532,0,0.0841385293717082,0
"243","242",0,0.273085927793244,0,0,0,0,0,0.430651341516385,0.296262730690372,0,0,0
"244","243",0.344990324527485,0.11323342504587,0,0,0.226806763475244,0,0,0,0,0,0.153561869123813,0.161407617827587
"245","244",0.484525561499947,0,0.183227824237316,0,0,0,0.194129730574035,0,0,0,0.138116883688703,0
"246","245",0,0.11069906096127,0,0.127045287538108,0.294618372496702,0,0,0,0.277253886741858,0,0,0.190383392262061
"247","246",0,0,0.145219870594942,0,0,0.181453812975731,0.185188060536696,0,0,0,0.00342257948640626,0.484715676406224
"248","247",0,0.349592445083972,0.257710848902277,0,0,0,0.160866619853894,0,0,0,0.0695766798605357,0.162253406299322
"249","248",0,0.420099677494186,0.177449480188026,0,0.179061959250507,0.223388883067281,0,0,0,0,0,0
"250","249",0.460634869175105,0,0.213903254320884,0,0,0.163422281026602,0,0,0.162039595477409,0,0,0
"251","250",0,0.119937671907424,0,0,0,0,0,0,0.182262332986143,0,0.324468909658457,0.373331085447976
"252","251",0,0,0,0.294026427850154,0,0.338970370350513,0,0.367003201799332,0,0,0,0
"253","252",0,0,0.182301292110228,0,0,0,0.295505869094675,0.522192838795097,0,0,0,0
"254","253",0.42287000183127,0,0,0,0.287795788244113,0.185884545765716,0,0,0,0,0.103449664158901,0
"255","254",0.649060049137424,0,0,0,0,0.350939950862576,0,0,0,0,0,0
"256","255",0.562514018982299,0.168720284524988,0,0,0,0,0.208637266469001,0,0,0,0.0601284300237119,0
"257","256",0,0.266253866965837,0,0.517666343677851,0,0,0.216079789356313,0,0,0,0,0
"258","257",0.262822595139989,0,0,0,0,0.19363540618958,0,0.154749016168198,0.177180054147877,0,0.211612928354356,0
"259","258",0,0.275029552495724,0,0.176040180639752,0,0,0.296736509282268,0,0,0,0,0.252193757582257
"260","259",0,0.266946805603032,0,0.172139124553642,0.298609069536087,0,0.262305000307239,0,0,0,0,0
"261","260",0.664089838572294,0,0.17618241104582,0,0,0,0,0,0,0,0.159727750381885,0
"262","261",0.455624182122185,0.0750211743741344,0,0,0.225048430021981,0,0.159285300645899,0,0,0,0.085020912835801,0
"263","262",0.636392746342276,0.363607253657724,0,0,0,0,0,0,0,0,0,0
"264","263",0.492800497721883,0,0,0.132210384657512,0,0,0,0,0.228601966238651,0,0,0.146387151381954
"265","264",0,0,0.274445739976398,0,0.333667787909785,0,0,0.168178512450087,0.223707959663729,0,0,0
"266","265",0,0.381329656529933,0,0,0,0.274735496418501,0.167849595789844,0,0,0,0,0.176085251261722
"267","266",0,0,0,0,0,0,0.409421365253541,0,0.326922073085506,0,0.263656561660953,0
"268","267",0.199718479555925,0.0974158425174936,0.192283084204864,0,0,0.181631440860995,0,0,0.219170976598817,0,0.109780176261905,0
"269","268",0.216519085203356,0.116492558832719,0.331516825362559,0,0.164878205080602,0,0,0,0.170593325520764,0,0,0
"270","269",0.225973428831003,0.116803187402915,0.148795395572407,0,0,0,0,0.292605152572451,0,0,0.215822835621224,0
"271","270",0,0,0,0,0.450255858992655,0.302591928561175,0,0,0.24715221244617,0,0,0
"272","271",0.376032547961774,0,0,0,0.216941145630638,0,0.237483790709294,0,0.169542515698294,0,0,0
"273","272",0,0.0890090079679459,0,0,0.472109557800805,0,0.438881434231249,0,0,0,0,0
"274","273",0.21651762059684,0.102754959001049,0.344556084477391,0,0,0,0,0,0.33617133592472,0,0,0
"275","274",0.390396515918186,0,0,0.198876812416702,0,0,0.273249762332281,0,0,0,0.137476909332831,0
"276","275",0.778509622695618,0,0,0,0,0,0.221490377304382,0,0,0,0,0
"277","276",0,0,0,0.578666274327847,0.421333725672153,0,0,0,0,0,0,0
"278","277",0.208101771639076,0.293255245565147,0,0,0.170469474097259,0,0.198567207589171,0,0,0.129606301109347,0,0
"279","278",0,0.249387547889949,0.436570140746832,0,0,0,0,0,0,0,0,0.314042311363219
"280","279",0.467400811732276,0,0,0,0.238317040835955,0,0.162927178867249,0,0,0,0.131354968564521,0
"281","280",0.286431012218898,0,0,0.142745299917985,0,0,0,0,0,0,0.238111842714007,0.33271184514911
"282","281",0,0,0,0.575539378970349,0,0,0,0,0,0,0.167525269786365,0.256935351243286
"283","282",0.311809923804,0,0,0,0,0,0.293932837531964,0.161864371116128,0,0,0.0641396653345113,0.168253202213397
"284","283",0.365483812705584,0,0.341854848112292,0.265251928865005,0,0,0,0,0,0,0.0274094103171186,0
"285","284",0.390769313660362,0,0,0,0,0.330362108274494,0,0,0,0,0,0.278868578065143
"286","285",0,0,0.450467568488613,0.291540983086633,0,0,0,0,0.257991448424753,0,0,0
"287","286",0.233071614673461,0.276406948037721,0,0,0,0.163641187733017,0,0,0.20437486089472,0,0.122505388661081,0
"288","287",0.259301663100405,0,0,0.149122575045156,0,0.125533557904909,0,0,0.285405381467145,0,0.180636822482385,0
"289","288",0,0.7491850010586,0,0,0,0,0,0,0.2508149989414,0,0,0
"290","289",0,0,0,0,0,0,0.182769165831123,0,0.167435581039998,0.315526805818672,0.0391488155874289,0.295119631722778
"291","290",0.791503924325589,0,0,0,0,0,0.208496075674411,0,0,0,0,0
"292","291",0.297409691243224,0.17058560173578,0,0.200269377079802,0,0.203986019203789,0,0,0,0,0,0.127749310737404
"293","292",0.228772288217881,0,0.0900115730896194,0,0.152182000406165,0.172557824998106,0.15363105214087,0.08732427030013,0,0,0.11552099084723,0
"294","293",0.176913746852371,0,0.325358099278132,0,0,0,0.497728153869497,0,0,0,0,0
"295","294",0.523539980077394,0,0,0,0.248994679116818,0,0,0,0,0,0.227465340805788,0
"296","295",0,0,0.319778860403308,0,0,0.276555538857296,0,0,0.208194434686292,0.195471166053105,0,0
"297","296",0,0,0,0,0,0,0.473884949687088,0,0.191491361961364,0,0,0.334623688351548
"298","297",0,0,0.203615264039668,0.149168704122298,0.12061308362829,0,0,0.183929743951437,0.342673204258308,0,0,0
"299","298",0,0,0,0.367649608130679,0,0,0,0.368894683949795,0.192523947852117,0,0.0709317600674083,0
"300","299",0,0,0.589442442913881,0.26334164375011,0,0,0,0,0,0,0.147215913336009,0
"301","300",0,0.462617865061672,0.333795395647241,0,0,0,0,0,0,0,0,0.203586739291087
"302","301",0.390482592126196,0.609517407873803,0,0,0,0,0,0,0,0,0,0
"303","302",0.308634220972801,0,0.157890188312889,0,0.214108765558184,0,0.190110151239212,0,0.129256673916915,0,0,0
"304","303",0.44769803045567,0,0.179188365612521,0,0,0,0,0,0.373113603931808,0,0,0
"305","304",0.47389852798528,0.111907646493344,0,0,0,0,0,0,0.230347698974808,0,0.183846126546568,0
"306","305",0.609706839395116,0.201181184176748,0.189111976428135,0,0,0,0,0,0,0,0,0
"307","306",0.876724796957646,0,0,0,0,0,0,0,0,0,0,0.123275203042354
"308","307",0.462712427512152,0.236716298784214,0,0,0,0,0,0,0.193721527126647,0,0.106849746576987,0
"309","308",0,0.501497366224756,0,0,0.273475827671761,0,0,0.225026806103483,0,0,0,0
"310","309",0,0,0.533174037290004,0,0,0.22149738831593,0.129824015217121,0,0,0,0,0.115504559176944
"311","310",0.844081397983152,0,0,0,0,0,0,0,0,0,0.155918602016848,0
"312","311",0,0.22586979286284,0,0,0,0,0,0,0.259079726874382,0,0,0.515050480262778
"313","312",0,0,0.174753290745471,0,0,0.363698345140527,0,0,0.255981186784369,0,0,0.205567177329633
"314","313",0.71571473669947,0.0728770235793283,0,0,0,0,0,0,0,0,0.0822652974553028,0.129142942265899
"315","314",0,0,0.254898245330261,0,0,0.117141090715011,0.369268177849864,0,0.132423518840147,0,0,0.126268967264717
"316","315",0,0.44289140415531,0,0,0,0,0.204695409257455,0.231715404815135,0,0,0.120697781772099,0
"317","316",0,0.21749248800121,0.388594440158754,0,0.174017505684584,0,0,0,0.219895566155452,0,0,0
"318","317",0,0.771398470639093,0,0,0,0,0,0,0,0,0.228601529360907,0
"319","318",0.596161816439685,0.355532534385783,0,0,0,0,0,0,0,0,0.0483056491745327,0
"320","319",0,0,0.237973043618857,0,0.144685933699343,0.18563967486027,0,0,0.279649365836694,0,0,0.152051981984837
"321","320",0.359441096069644,0,0,0,0,0,0.552892096666744,0,0,0,0.087666807263611,0
"322","321",0.364868557388033,0.070146674788824,0,0.180763785548881,0,0,0,0,0.246997550039656,0,0,0.137223432234606
"323","322",0.201587470904802,0,0,0,0,0.179711155121737,0.362115211929319,0,0,0,0.100795856666636,0.155790305377505
"324","323",0,0,0,0,0,0,0,0,0.21726202642462,0,0.329072280321485,0.453665693253894
"325","324",0,0.364036296309499,0.318814547215858,0.160616322382137,0,0,0,0,0,0,0,0.156532834092506
"326","325",0,0,0.292748272252783,0.424580442353591,0.235639685327365,0,0,0,0,0,0.0470316000662607,0
"327","326",0.269639593988707,0,0,0,0.16998076616864,0,0,0.232496436362246,0.249053792397039,0,0.0788294110833675,0
"328","327",0.288733126145904,0,0.442896021622679,0,0,0,0,0,0,0,0.0558645755434252,0.212506276687991
"329","328",0.769708077297804,0.230291922702196,0,0,0,0,0,0,0,0,0,0
"330","329",0,0,0.192011714089051,0,0,0.271259694146673,0.301703627293487,0,0,0,0,0.235024964470788
"331","330",0,0.178266113788088,0.191531928909405,0,0,0.153471095345554,0.273355199335694,0,0.203375662621259,0,0,0
"332","331",0.277950565798873,0,0.231121148664606,0,0,0,0.127479391015891,0.174669359048935,0.10879020156015,0,0.0799893339115443,0
"333","332",0,0.252174875848139,0.321179424724299,0,0,0,0.245509936631069,0,0,0,0,0.181135762796493
"334","333",0,0,0,0.198191516766699,0.134002954275987,0.190413371078343,0,0.226139554054949,0.251252603824022,0,0,0
"335","334",0.446147901369916,0.20036948741411,0.153738212205744,0,0.167474009820648,0,0,0,0,0,0.032270389189581,0
"336","335",0.278239136880389,0,0.119552102342747,0.148714823319675,0.152979283189397,0,0,0,0,0,0.0955005123303265,0.205014141937466
"337","336",0.732722876980785,0,0,0,0,0,0,0,0.267277123019215,0,0,0
"338","337",0.184640854814556,0.0539834662499454,0,0,0.272743678830901,0.245235822968847,0,0,0.142426579044331,0,0.10096959809142,0
"339","338",0.404008023815559,0,0.122602253217157,0,0,0,0.301281683735028,0,0,0,0,0.172108039232256
"340","339",0,0,0.259118345147048,0,0.260882638954403,0,0.479999015898549,0,0,0,0,0
"341","340",0.215327017914761,0,0,0,0,0.123331655844049,0.198628611412391,0.193765679805742,0.132785755296786,0,0,0.136161279726272
"342","341",0,0,0,0.598691810769934,0,0,0,0,0,0,0.130275082415362,0.271033106814704
"343","342",0,0,0.447483483468762,0.168849085723199,0,0,0.264318800914761,0,0,0,0,0.119348629893278
"344","343",0.418331257839918,0.166186598781287,0,0.191275037876841,0,0,0,0,0,0,0.224207105501954,0
"345","344",0,0.136198250470237,0,0,0,0.223379798605087,0,0,0.436871273352332,0,0.0312158910923022,0.172334786480042
"346","345",0,0.219597446740748,0,0,0,0.780402553259252,0,0,0,0,0,0
"347","346",0.219788089133011,0.172345115365465,0,0,0,0.192894799580635,0,0,0.220389143133543,0,0.194582852787346,0
"348","347",0,0.122628095954335,0.16788474407976,0.14057647802937,0.233030808043372,0,0,0,0.169824646652469,0,0,0.166055227240695
"349","348",0,0.424434135874701,0.274951448710403,0,0,0.300614415414896,0,0,0,0,0,0
"350","349",0,0,0,0,0,0.397960930143287,0,0,0.260504959848065,0,0,0.341534110008648
"351","350",0,0.12618397696057,0.594293872152355,0,0,0.279522150887075,0,0,0,0,0,0
"352","351",0.512740324822635,0.0583260540129204,0.128210264176191,0.180541916513023,0,0,0,0,0,0,0.12018144047523,0
"353","352",0.382791984595886,0,0.215329287087033,0.151626101546523,0,0,0,0,0,0,0,0.250252626770558
"354","353",0.370306308900012,0,0,0,0,0,0,0,0,0,0.3851653366467,0.244528354453288
"355","354",0,0.367516777477378,0.312560998471747,0,0,0,0.319922224050875,0,0,0,0,0
"356","355",0,0,0,0,0,0.272029184883508,0.380418718960478,0.167979760288061,0.179572335867954,0,0,0
"357","356",0,0.261526802429086,0,0.125314796651582,0,0.613158400919332,0,0,0,0,0,0
"358","357",0.209362324476733,0.197773322606404,0,0.305770130707978,0,0,0,0,0,0.287094222208885,0,0
"359","358",0,0.458362320258417,0,0,0,0,0,0.281948672286755,0.259689007454828,0,0,0
"360","359",0,0,0.251141820635021,0.243994686088856,0.246281928598355,0,0,0,0.258581564677769,0,0,0
"361","360",0,0.272060643587189,0,0.204099237149535,0.29024801186331,0,0.233592107399966,0,0,0,0,0
"362","361",0,0,0.331304818063117,0,0,0.162876370377563,0,0,0.322620895681758,0,0,0.183197915877563
"363","362",0.487172133925399,0,0,0,0.285596364795555,0.189795934754013,0,0,0,0,0.0374355665250337,0
"364","363",0,0.207455056163659,0.278838289629444,0.237829951385811,0,0,0,0.275876702821085,0,0,0,0
"365","364",0,0,0,0.630434818984198,0,0,0,0.208496891420145,0.161068289595657,0,0,0
"366","365",0.217460008278275,0.0932893358406876,0.188864021207999,0,0,0,0,0,0.415758360598725,0,0.0846282740743132,0
"367","366",0,0.226309262568854,0.309042418768287,0,0,0.15734850468137,0,0.187223148439429,0,0,0,0.120076665542061
"368","367",0,0.197131298074069,0,0.109897534721504,0,0,0.234993056531094,0,0,0,0.041992539135801,0.415985571537532
"369","368",0.234815567361325,0,0,0.28040344791777,0,0,0,0,0,0,0.170159351731307,0.314621632989598
"370","369",0,0,0,0.256499008582551,0,0.150343017281425,0.255515544820039,0,0.15656585282329,0,0,0.181076576492695
"371","370",0,0.203468303342799,0.30704761951198,0,0,0.308088547240748,0,0,0,0,0,0.181395529904473
"372","371",0,0.119278198900766,0,0.212060704327559,0,0.241976332674406,0.234990286062784,0,0.156248713046401,0,0.0354457649880833,0
"373","372",0.573101497461442,0,0.187056231315078,0,0,0,0,0,0,0,0.23984227122348,0
"374","373",0,0,0.443420004804006,0,0.205816179891667,0,0.217545716246628,0,0.133218099057699,0,0,0
"375","374",0,0,0,0.240714762834569,0,0,0.336898045107599,0,0.183806099837788,0,0,0.238581092220044
"376","375",0.564598263745952,0.352985829612734,0,0,0,0,0,0,0,0,0.0824159066413143,0
"377","376",0,0.483136824914562,0,0,0,0,0.279878441461393,0,0.236984733624045,0,0,0
"378","377",0,0.21474313472486,0.19487888922344,0,0,0,0,0,0.291410880277995,0,0.108617531834076,0.190349563939629
"379","378",0,0,0.138293688753494,0.196247148032694,0.51206355417054,0.153395609043273,0,0,0,0,0,0
"380","379",0.441495829250862,0.178445241482675,0.162119022872392,0,0.217939906394072,0,0,0,0,0,0,0
"381","380",0,0.405656784841601,0,0.309284226284613,0,0,0.16654669794792,0,0,0,0.118512290925867,0
"382","381",0.28706053130462,0.329893976737594,0,0,0,0,0.245950602239292,0,0,0,0.137094889718494,0
"383","382",0.304908021691524,0.274103301361083,0,0,0,0,0,0,0.151700155598865,0,0,0.269288521348529
"384","383",0,0.260494298674528,0,0,0,0.222266944578879,0.339436487373061,0,0,0,0,0.177802269373532
"385","384",0.176643439553856,0,0.393818022452789,0,0,0.131842272100178,0,0,0,0,0.123082947936419,0.174613317956758
"386","385",0,0.260396033927174,0.17290787376165,0.239517685072278,0,0,0,0.213809487082952,0,0,0.113368920155947,0
"387","386",0.425387060398876,0,0,0,0,0,0,0.161141899353752,0,0,0.233199319005016,0.180271721242356
"388","387",0,0.161229406296885,0,0,0,0.169515373921438,0.302729658421682,0,0.301511873120046,0,0.0650136882399489,0
"389","388",0,0,0,0,0.275557690643739,0,0.512406170241916,0,0,0,0,0.212036139114345
"390","389",0.433581519742412,0,0.266001363230673,0.300417117026914,0,0,0,0,0,0,0,0
"391","390",1,0,0,0,0,0,0,0,0,0,0,0
"392","391",0.254992139329401,0.180188169076579,0.212805724731308,0,0,0,0,0.186408560581572,0.165605406281139,0,0,0
"393","392",0,0,0,0,0,0,0.314048145633639,0,0.197472174814501,0,0.114358363986333,0.374121315565527
"394","393",0.197403223455898,0,0.347168742781732,0,0,0,0,0.192377951317147,0.190651395856345,0,0.0723986865888788,0
"395","394",0,0.238552375517785,0,0,0,0.248322111718003,0.203638257653407,0,0,0,0,0.309487255110805
"396","395",0.384190297575498,0.131001900747974,0,0,0,0,0,0,0.211723544719,0,0.273084256957528,0
"397","396",0,0.270690213545238,0,0.271789729475018,0,0,0.457520056979744,0,0,0,0,0
"398","397",0,0,0,0,0.166749331737715,0,0,0.248659139776977,0.584591528485308,0,0,0
"399","398",0.847311739226204,0,0.152688260773796,0,0,0,0,0,0,0,0,0
"400","399",0.508712985963004,0.171222728705486,0,0,0,0.152540815807036,0,0,0,0,0.167523469524474,0
"401","400",0.406910445900645,0,0.194482557115631,0.118633866094931,0,0,0,0,0.161607736829103,0,0.118365394059691,0
"402","401",0,0.325126438759477,0,0,0,0,0.240290380296791,0,0.255820896748598,0,0.178762284195134,0
"403","402",0.129508164964532,0,0,0,0.371408770199822,0,0,0,0.135620047256108,0,0.167925861378946,0.195537156200593
"404","403",0,0,0.185632150035254,0.160770069208454,0,0.143343227201266,0.305516584888044,0,0,0,0,0.204737968666981
"405","404",0.419876794644991,0.392932858918199,0,0,0,0,0,0,0,0,0.18719034643681,0
"406","405",0.420360645589632,0,0,0,0,0,0,0.252439184412571,0,0,0.121056058382958,0.206144111614839
"407","406",0.579327412687927,0.156443033438494,0,0,0,0,0,0,0.143074857781903,0,0.121154696091676,0
"408","407",0.880251242980145,0,0.119748757019855,0,0,0,0,0,0,0,0,0
"409","408",0,0,0.241885198845778,0,0,0,0,0.524916787434836,0.233198013719386,0,0,0
"410","409",0,0.246806310745285,0,0.393245279641941,0,0.359948409612774,0,0,0,0,0,0
"411","410",0.333193481643491,0.144218679159982,0,0.14026060764343,0,0,0,0.170464721348341,0,0,0.0992232812833824,0.112639228921373
"412","411",0.23756087381371,0.109968035768527,0.19093514032121,0,0,0,0,0.18009147201064,0.136427478215431,0,0.145016999870482,0
"413","412",0,0,0,0.178494930308424,0.209910102602783,0,0.232699195047367,0,0.218216136445789,0,0,0.160679635595638
"414","413",0.319255115712007,0,0,0.19513880290222,0.152553196241041,0,0,0.264238313939534,0,0,0.0688145712051991,0
"415","414",0.363741567025549,0.172692186367142,0.290771200687384,0,0,0,0,0.172795045919925,0,0,0,0
"416","415",0,0.142519716169966,0.28128608066443,0,0.284442175130467,0.291752028035136,0,0,0,0,0,0
"417","416",0.237494375906778,0.114729157307632,0,0,0,0.209912507094461,0.233678501208861,0,0,0,0,0.204185458482268
"418","417",0.733345774004134,0.127199263690106,0,0,0,0.139454962305759,0,0,0,0,0,0
"419","418",0,0.106260533658405,0.264049588171157,0,0,0.222002203009486,0.213340770749543,0,0.194346904411408,0,0,0
"420","419",0.362001745828184,0,0,0.177816500944091,0,0.136902314415065,0.151728190349432,0,0,0,0,0.171551248463229
"421","420",0,0.0939791201572113,0.234724674596016,0,0,0.164332355393059,0.17691574590138,0.330048103952334,0,0,0,0
"422","421",0.360165678873521,0,0,0,0,0.206018397632149,0,0,0,0,0.2781752146026,0.15564070889173
"423","422",0,0,0.126603521138262,0,0.278830366686039,0.198050968695637,0,0,0.166559909387867,0,0,0.229955234092195
"424","423",0.540378320190968,0,0.2555378630422,0,0,0,0,0,0,0,0.204083816766832,0
"425","424",0,0.385905196747419,0.240114016505436,0,0,0,0,0,0,0,0.191325068876403,0.182655717870742
"426","425",0.451985396183,0.310864457284966,0,0,0,0,0,0,0,0,0.237150146532034,0
"427","426",0.440532913604777,0.153223859641026,0,0,0,0,0.144288965786291,0.145298028957695,0,0,0.116656232010211,0
"428","427",0.552562068436404,0,0.247572685283483,0,0,0,0,0.199865246280113,0,0,0,0
"429","428",0.244915522478034,0.602231244016781,0,0.152853233505185,0,0,0,0,0,0,0,0
"430","429",0,0.0922981027109823,0.25619348954849,0.14500254912311,0,0,0.248780610004809,0.257725248612609,0,0,0,0
"431","430",0,0,0,0,0,0,0,0,0.305047881112634,0,0.356469828022937,0.338482290864429
"432","431",0.271192983765672,0.139560169082614,0,0,0,0,0,0.176101461054488,0.185657473509978,0,0,0.227487912587249
"433","432",0.332080271703339,0,0,0,0,0.270098542006852,0,0,0.249248086686253,0,0.148573099603556,0
"434","433",0,0,0.231114436089944,0.184489919401818,0.240699079733575,0,0.176200213228908,0.167496351545755,0,0,0,0
"435","434",0,0.187279186142679,0.268088239778029,0.314620597821044,0,0,0,0,0,0,0,0.230011976258247
"436","435",0.217089762986763,0.13463251049586,0.186736959499649,0.0768864349224664,0,0,0.249180559558197,0,0.135473772537063,0,0,0
"437","436",0,0.396118383537902,0,0.209701339767635,0,0,0,0,0,0.264584733556511,0.129595543137952,0
"438","437",0.379686607533787,0,0,0,0.165448270556569,0,0.152367320625685,0.169054899014267,0,0,0.133442902269692,0
"439","438",0,0,0.167271019597964,0.138949999652469,0,0,0.455861034183287,0,0.23791794656628,0,0,0
"440","439",0,0.13121325294453,0.295728332529857,0,0,0,0.206481910452475,0,0.366576504073137,0,0,0
"441","440",0.479207767938758,0.145506620032328,0,0,0,0,0,0,0,0,0.17857953089897,0.196706081129944
"442","441",0,0.311770012910781,0.188689340760427,0.275754737151487,0,0,0,0,0.223785909177305,0,0,0
"443","442",0.202981443643781,0,0.170556966318282,0,0,0,0,0.1631217719622,0,0,0.140799389104764,0.322540428970973
"444","443",0,0,0.172806674262434,0.217708030499904,0,0,0,0,0.19240636391792,0,0,0.417078931319741
"445","444",0,0.849426239257665,0,0,0,0.150573760742335,0,0,0,0,0,0
"446","445",0.482042012301513,0.0504015341896873,0,0.248124056240407,0,0.219432397268393,0,0,0,0,0,0
"447","446",0.459345456598812,0.540654543401188,0,0,0,0,0,0,0,0,0,0
"448","447",0,0,0,0.622033635607477,0,0,0.29463774160716,0,0,0,0.0833286227853633,0
"449","448",0.453029271712675,0.132242379609608,0,0,0,0.313722542633292,0,0,0,0,0.101005806044424,0
"450","449",0.288721098383657,0,0,0,0,0,0.355591604481863,0,0.35568729713448,0,0,0
"451","450",0,0.216826269769469,0.273884045755154,0,0,0.247611677478497,0,0,0.183044407019164,0,0.0786335999777167,0
"452","451",0,0,0,0.230716683364361,0.496294442159434,0.272988874476205,0,0,0,0,0,0
"453","452",0.634210217798657,0,0,0.365789782201343,0,0,0,0,0,0,0,0
"454","453",0,0,0,0.186757514490725,0.232061279245057,0,0.433841148499173,0,0,0,0,0.147340057765045
"455","454",0.231699461577073,0.213703943732287,0,0,0,0,0,0.142726072672184,0.245768055562362,0,0.166102466456095,0
"456","455",0,0.16809062430364,0.170363345181556,0,0.187826120742082,0.167068067552089,0.170869422952035,0.135782419268598,0,0,0,0
"457","456",0.205209371454144,0.328979900266376,0,0,0,0.213877486651229,0.175050518360437,0,0,0,0.0768827232678132,0
"458","457",0.408594131019273,0,0,0,0,0.155358070913654,0.253463823029824,0,0.18258397503725,0,0,0
"459","458",0.338936326966014,0,0,0,0,0.225287440205332,0,0,0.271672474822332,0,0.164103758006322,0
"460","459",0.151238008373874,0.296240793985277,0,0,0,0,0,0.319744248228599,0,0,0.232776949412249,0
"461","460",0.978114113756061,0,0,0,0,0,0,0,0,0,0.0218858862439387,0
"462","461",0,0.530060310381364,0.268321962902302,0,0,0,0.201617726716334,0,0,0,0,0
"463","462",0,0.333351399050104,0.195915654123626,0,0,0,0,0.204611166930378,0.188762686447423,0,0.0773590934484698,0
"464","463",0.357155784144581,0.25983488010269,0,0,0.137139293152672,0,0.245870042600058,0,0,0,0,0
"465","464",0.383031186441979,0.439051614633215,0,0,0,0,0,0,0,0,0.177917198924806,0
"466","465",0,0.767953814273576,0,0,0.232046185726424,0,0,0,0,0,0,0
"467","466",0.843574110747,0,0,0,0,0.156425889253,0,0,0,0,0,0
"468","467",0.424217494578192,0,0.313254642311038,0,0.26252786311077,0,0,0,0,0,0,0
"469","468",0.606028938239875,0,0.245144141597744,0,0,0.14882692016238,0,0,0,0,0,0
"470","469",0.706755422932363,0,0,0,0,0,0.181679268963041,0,0,0,0.111565308104597,0
"471","470",0,0.543792544599032,0,0,0,0.456207455400968,0,0,0,0,0,0
"472","471",0.498794274214607,0.310650169684217,0,0,0,0,0,0,0,0,0.190555556101176,0
"473","472",0.418523098450403,0.236360736102378,0,0,0.257164966163413,0,0,0,0,0,0.0879511992838061,0
"474","473",0.18011273172347,0.0855919260879589,0,0.149505744803454,0,0.277249324383642,0.194840161211687,0,0,0,0.112700111789788,0
"475","474",0.207367028955202,0,0.208877724902174,0.160105588289635,0,0,0,0,0,0,0.145524637909691,0.278125019943298
"476","475",0.789031786123955,0,0,0,0,0,0,0,0.210968213876046,0,0,0
"477","476",0.634267415035087,0.214347399323706,0,0,0,0.151385185641207,0,0,0,0,0,0
"478","477",0.471811934236504,0.110388495273536,0,0.206893639515299,0.21090593097466,0,0,0,0,0,0,0
"479","478",0,0,0.168222574658386,0,0,0,0.287198154867667,0,0.143432745080103,0,0,0.401146525393845
"480","479",0.375364189447692,0.252430688632707,0,0,0,0,0,0.372205121919601,0,0,0,0
"481","480",0.759577341140237,0,0,0,0,0,0,0,0.1193774445399,0,0,0.121045214319863
"482","481",0,0.293718751757385,0.706281248242615,0,0,0,0,0,0,0,0,0
"483","482",0.212008641025162,0.0746367316599964,0.164221213614728,0.363419341544563,0,0,0,0,0,0,0,0.185714072155551
"484","483",0.287408849022855,0,0,0.148148458842576,0,0.305879638466746,0,0,0,0,0,0.258563053667823
"485","484",0,0,0,0,0,0,0,0,0,0,0.458167190281378,0.541832809718622
"486","485",0,0.162252055862335,0,0.227747945948224,0,0.170822971949887,0.184512260077636,0,0,0,0,0.254664766161918
"487","486",0.224394538172965,0.121134239435494,0,0,0,0,0.376305680354512,0,0,0,0,0.278165542037028
"488","487",0,0,0.220039394259686,0.281086875636434,0.21283093992561,0,0.138385241907014,0,0.147657548271255,0,0,0
"489","488",0,0.167099553361744,0.165287750655617,0,0.224500939072321,0,0,0,0.443111756910318,0,0,0
"490","489",0.492339587464866,0,0.218281218556598,0,0,0,0,0,0,0,0,0.289379193978536
"491","490",0,0.389381736763624,0,0,0,0,0,0,0.402439902023855,0,0,0.208178361212521
"492","491",0,0,0,0,0,0.318722837337723,0.223276441279109,0,0.272094099698657,0,0,0.185906621684511
"493","492",0.155738017683784,0,0,0,0.220446493640382,0,0.238037202720057,0,0.160074982591503,0,0,0.225703303364274
"494","493",0,0.532546062695961,0.156398577053002,0,0,0,0.311055360251036,0,0,0,0,0
"495","494",0.452570988790258,0,0,0,0,0,0.23778354729529,0.164228231946316,0.145417231968135,0,0,0
"496","495",0.566715510701718,0,0,0,0,0.141542758348649,0.291741730949633,0,0,0,0,0
"497","496",0,0,0.241243698477321,0.215467320126407,0.310292801574969,0,0,0,0,0,0,0.232996179821303
"498","497",0,0.341350377671672,0.238290729812862,0,0,0,0,0,0.166573714430293,0,0.0446259519563433,0.20915922612883
"499","498",0.535639561913562,0,0.270498073126544,0,0,0,0,0,0.193862364959893,0,0,0
"500","499",0,0,0.186927338076553,0,0,0,0,0,0.266742649254074,0,0.273297494309155,0.273032518360219
"501","500",0,0.289418205721327,0,0,0,0,0.321936385137168,0,0,0,0.151019268151255,0.23762614099025
"502","501",0.48128717216716,0.105071418041915,0,0.190188065856892,0,0.14517180600517,0,0,0,0,0.0782815379288632,0
"503","502",0.489370723576323,0,0.149144892576947,0,0,0.119257291410006,0.242227092436724,0,0,0,0,0
"504","503",0.166825844540693,0.381213730973331,0,0.451960424485976,0,0,0,0,0,0,0,0
"505","504",0,0,0,0.32395731159867,0,0,0,0,0.309484013051166,0,0,0.366558675350164
"506","505",0.548029991885636,0,0.143707592521913,0,0,0,0.208786489981269,0,0,0,0.099475925611183,0
"507","506",0,0.238384067223254,0.482307986689302,0,0,0,0,0.279307946087444,0,0,0,0
"508","507",1,0,0,0,0,0,0,0,0,0,0,0
"509","508",0.699339115207042,0.300660884792958,0,0,0,0,0,0,0,0,0,0
"510","509",0,0.411024311498132,0,0,0,0.588975688501868,0,0,0,0,0,0
"511","510",0,0.441002067293011,0,0,0,0.272863883150921,0.286134049556068,0,0,0,0,0
"512","511",0,0.158844363552711,0,0,0,0,0.306010911699518,0,0,0,0,0.535144724747771
"513","512",0,0,0.171143836263898,0,0,0,0,0.317762860196513,0.511093303539589,0,0,0
"514","513",0,0.704766233435714,0,0,0,0,0,0,0,0,0.129868766043138,0.165365000521148
"515","514",0,0,0,0,0.166912899885104,0,0.501921060908422,0,0.331166039206475,0,0,0
"516","515",0,0.115586723544944,0.181356648870317,0.219014371217717,0,0,0,0,0.265395134102542,0,0,0.21864712226448
"517","516",0.181434543147195,0,0.119262210222941,0.17440240035144,0,0.165642835684832,0,0,0.110748598260466,0,0.145329410814424,0.103180001518704
"518","517",0.442981546026643,0,0,0,0.182937239466416,0.161584197183385,0,0,0.212497017323556,0,0,0
"519","518",0,0,0,0.288523335428268,0,0.276924980525677,0.260188975283459,0,0.174362708762596,0,0,0
"520","519",0.22599711603999,0.0712013017463717,0.139380670940308,0,0,0,0.203050446789484,0,0.2420020057151,0,0.118368458768746,0
"521","520",0.531017764042265,0.297961577282985,0,0,0,0,0,0,0,0,0.17102065867475,0
"522","521",0.600331885284906,0,0,0.15305191474832,0,0,0,0,0,0,0,0.246616199966774
"523","522",0,0,0,0,0,0,0,0,0,0,0.486890122154459,0.513109877845541
"524","523",0,0.275414408536213,0.37725062008916,0,0,0,0.178933256517757,0,0,0,0,0.16840171485687
"525","524",0.508092484838223,0.193201183119888,0.139990045392821,0,0,0.158716286649069,0,0,0,0,0,0
"526","525",0,0,0.134930767365009,0,0,0.271311429749158,0.357547827736279,0,0.236209975149554,0,0,0
"527","526",0,0.365179057867342,0,0.342886194247994,0,0.161282590177005,0,0,0,0,0.130652157707659,0
"528","527",0.642734574383615,0,0,0.172558020575164,0,0,0,0,0,0,0.184707405041221,0
"529","528",0.46855977768775,0,0.385362661895046,0,0,0,0,0,0,0,0.146077560417204,0
"530","529",0.154945530944878,0,0,0,0,0,0,0,0.469284160682492,0,0.243611103160335,0.132159205212295
"531","530",0.479649410136374,0,0.344131269334354,0.176219320529272,0,0,0,0,0,0,0,0
"532","531",0.219222162413091,0.432507924073475,0,0.240882889128473,0,0,0,0,0,0,0.107387024384961,0
"533","532",0.290537664175204,0.407689769911296,0,0,0,0.3017725659135,0,0,0,0,0,0
"534","533",0.307852257777919,0,0,0,0,0,0.349540400546031,0,0,0,0.162668516787007,0.179938824889042
"535","534",0,0.359138693317875,0,0,0,0.248954001122816,0,0,0.224821359431202,0,0,0.167085946128108
"536","535",0.245673167648684,0.132969192213672,0,0.147470393144636,0.165958455912062,0,0,0,0.307928791080947,0,0,0
"537","536",0,0,0.388210680546352,0,0,0.29254542668088,0,0,0.237707080727164,0,0.0815368120456029,0
"538","537",0,0,0.412668016211007,0,0.208927978311736,0,0.279257674889727,0,0,0,0.0991463305875297,0
"539","538",0.230957108955994,0,0.234503009385246,0,0.23325522553868,0.10997380680703,0.19131084931305,0,0,0,0,0
"540","539",0,0.305144642237802,0,0.297162389988187,0,0.168641679535222,0,0,0.229051288238788,0,0,0
"541","540",0,0.55590205635076,0.138389115630753,0,0,0,0,0,0.142726152361553,0,0,0.162982675656933
"542","541",0,0.30785489217716,0,0,0,0,0.195674562026411,0,0.318559838120459,0,0,0.17791070767597
"543","542",0.244642710843449,0,0,0,0,0,0.409330494732268,0,0.346026794424284,0,0,0
"544","543",0,0,0,0.135695165593883,0.199088082811813,0.368632186077633,0,0,0,0,0,0.296584565516671
"545","544",0.148271703875579,0.294544603602062,0,0.307506311253811,0,0,0.249677381268549,0,0,0,0,0
"546","545",0.200065507152986,0,0.225178790958484,0,0,0.425556124623627,0,0,0,0,0.149199577264903,0
"547","546",0,0,0.351254113081515,0,0,0.426871896085201,0,0,0.221873990833284,0,0,0
"548","547",0,0,0.678801218072512,0,0,0,0,0,0,0,0,0.321198781927488
"549","548",0,0,0.165517217386061,0.255282735056232,0,0,0.19025675818507,0,0.218380389757941,0,0,0.170562899614696
"550","549",0.220860214711684,0,0.167007187208275,0,0,0.312906581838195,0,0,0.299226016241845,0,0,0
"551","550",0,0.0586570074362138,0,0.201785356585949,0,0.418660340448027,0,0.320897295529811,0,0,0,0
"552","551",0.387764404564361,0,0,0,0.137968654464657,0.112478916773459,0,0,0,0,0.128923997182068,0.232864027015455
"553","552",0.45998426715518,0.165190928629688,0,0,0,0,0,0.374824804215131,0,0,0,0
"554","553",0,0.272563845896176,0,0.153790572062618,0,0.143308961159296,0.164860972001603,0,0.148083353039462,0,0,0.117392295840845
"555","554",0,0,0.371725212322301,0.209332803013995,0,0,0,0,0.227270667167362,0,0,0.191671317496342
"556","555",0.289899463394531,0.265402354385211,0,0,0,0.311681414733594,0,0,0,0,0.133016767486664,0
"557","556",0.751894638572716,0,0,0,0,0,0,0,0,0,0.248105361427284,0
"558","557",0.205492640093627,0,0.156794559737564,0,0.329261826285495,0,0,0,0,0,0,0.308450973883314
"559","558",0.547521527646999,0,0,0,0,0,0.281715476822288,0.170762995530713,0,0,0,0
"560","559",0.484513962065046,0.110598543076674,0.175845150876182,0,0,0,0,0,0,0,0.229042343982098,0
"561","560",0,0.119834870589307,0.215200864704703,0,0.258743352078827,0.13910218698661,0.267118725640554,0,0,0,0,0
"562","561",0,0.251310756822729,0.291964878811602,0.113283424627202,0,0,0,0,0,0,0,0.343440939738467
"563","562",0.534380802088194,0,0,0.164507863305469,0,0,0,0,0.301111334606337,0,0,0
"564","563",0.1699341262644,0,0.334720568118766,0,0,0.278342048353432,0,0,0,0,0.217003257263402,0
"565","564",0.650363817081617,0,0,0.349636182918383,0,0,0,0,0,0,0,0
"566","565",0.824647994044929,0,0,0,0,0,0,0,0.154574961421077,0,0.0207770445339941,0
"567","566",0.141002588889511,0.144818629802382,0,0,0,0.163888109689442,0,0.278323600979771,0.143971087071012,0,0.127995983567881,0
"568","567",0.618817571343441,0,0.172722928421483,0,0,0,0,0,0,0,0,0.208459500235075
"569","568",0.194140414246655,0,0.240207552817279,0,0,0,0.227439417183108,0,0,0,0.138204022054348,0.20000859369861
"570","569",0,0.31792005477548,0,0,0,0.180481060824163,0.253650366155114,0,0,0,0.0989270900613217,0.149021428183921
"571","570",0,0.422380793158501,0.199589819446651,0,0,0,0.23235404697181,0,0,0,0,0.145675340423039
"572","571",0,0.559498909674584,0,0,0,0,0,0,0.440501090325416,0,0,0
"573","572",0.531546606817869,0,0,0,0,0,0,0,0,0,0.0338080285250236,0.434645364657107
"574","573",0,0,0,0.261195452469329,0.124817864655418,0,0.456381810110563,0,0.15760487276469,0,0,0
"575","574",0,0,0,0.238180946452253,0,0.486136746633685,0,0,0,0,0,0.275682306914061
"576","575",0,0.184876055356829,0.302039013255685,0,0,0.267908114671803,0,0,0.245176816715683,0,0,0
"577","576",0,0.694787796105329,0,0,0,0,0,0,0,0,0,0.305212203894671
"578","577",0,0,0,0,0,0.175499198891471,0.251743163045362,0,0.167591056351225,0,0.124079765215008,0.281086816496933
"579","578",0,0,0.370551225941754,0,0,0.336640180575721,0,0.147363236924194,0.145445356558331,0,0,0
"580","579",0,0.227109708323826,0,0,0,0,0,0,0.497819011009524,0,0,0.27507128066665
"581","580",0,0.537393080652578,0.308610527173567,0,0,0,0,0,0,0,0,0.153996392173855
"582","581",0,0.255402690986316,0.190814837216185,0,0,0,0.192767619460339,0.200647332216311,0,0,0,0.160367520120849
"583","582",0,0.102800138645613,0.325927597293537,0,0.121096839283486,0.296049390783462,0,0,0,0,0,0.154126033993902
"584","583",0,0.724784714247263,0,0.275215285752737,0,0,0,0,0,0,0,0
"585","584",0.522196403382659,0,0.115560029808407,0,0,0,0,0,0.211873877048395,0,0,0.15036968976054
"586","585",0,0.308590286603554,0,0,0,0.205792777332898,0.159803661429231,0.1757807366481,0,0,0,0.150032537986216
"587","586",0,0,0.264428247988547,0,0,0,0.282240896407697,0,0,0,0,0.453330855603757
"588","587",0,0.219919925779476,0.262635406534061,0,0.396346436882779,0,0,0,0,0,0.121098230803684,0
"589","588",0,0.315689958596366,0,0,0.21712979010767,0.253583083349955,0,0,0.213597167946009,0,0,0
"590","589",0.568855649245509,0,0,0.208826949238041,0,0.114526251900776,0,0,0,0,0.107791149615674,0
"591","590",0,0.326941504984795,0.280934097528995,0,0,0,0,0,0,0,0,0.392124397486209
"592","591",0.277124788519558,0,0.174133139337441,0.0968737865479741,0,0.182494749635494,0,0,0.269373535959533,0,0,0
"593","592",0.356291854957354,0.358673352522699,0,0,0,0,0,0,0,0,0,0.285034792519947
"594","593",0,0.20508188524519,0.111555418380099,0,0.179921685990963,0.225196134421923,0,0.278244875961824,0,0,0,0
"595","594",0.544126748307363,0,0,0,0,0,0.242374662643952,0,0,0,0,0.213498589048685
"596","595",0.515237185823465,0.265785453134526,0,0,0,0.218977361042009,0,0,0,0,0,0
"597","596",0,0,0,0,0,0.361584458175343,0,0.291795533466901,0,0,0.107293998338292,0.239326010019465
"598","597",0,0,0.293214144134245,0,0,0,0.288314727636635,0,0,0,0,0.41847112822912
"599","598",0,0,0.191760366233975,0,0,0.182805963003545,0,0.182492911533562,0.125901435890822,0,0,0.317039323338096
"600","599",0.396510490234491,0,0,0,0,0,0.192004765066229,0,0.229516419177987,0,0,0.181968325521293
"601","600",0,0.0460379901283536,0,0.476221557349804,0,0.477740452521842,0,0,0,0,0,0
"602","601",0.349750177884222,0,0.104399168330598,0,0,0.157862166857763,0.140386479312778,0,0,0,0.122013576945298,0.125588430669341
"603","602",0.328614223914873,0,0.394900973619506,0,0,0,0,0.276484802465621,0,0,0,0
"604","603",0.357025052876144,0.113612415877272,0.242229908601451,0,0,0,0,0,0,0,0,0.287132622645133
"605","604",0.216285788967371,0,0,0,0,0.124320515478083,0.252768105239316,0.186896286693458,0,0,0,0.219729303621772
"606","605",0.184724149486704,0.308398554408936,0,0.154521733748181,0,0,0.209201242686562,0,0.143154319669617,0,0,0
"607","606",0,0.173016173843262,0,0,0,0.220181175345252,0.424227850209872,0,0.182574800601614,0,0,0
"608","607",0,0.763190352743333,0,0,0,0,0,0.236809647256667,0,0,0,0
"609","608",0.358876058154417,0.173973282236223,0.202106974085679,0,0,0,0,0,0,0,0.0567513531401809,0.208292332383501
"610","609",0,0.239665219662565,0,0,0,0.301303464700491,0,0,0,0,0,0.459031315636944
"611","610",0.346072121709638,0.303895937467707,0,0,0,0,0,0,0,0,0.154353007869326,0.19567893295333
"612","611",0.384277145132165,0,0,0.435143495531799,0,0,0,0,0,0,0.180579359336035,0
"613","612",0.393084145564342,0,0.161471129734458,0.162482436704174,0,0,0,0,0,0,0.0782378715480527,0.204724416448974
"614","613",0,0.239652272236955,0,0.260281385807218,0,0,0.189575926194934,0.181615979877732,0,0,0,0.128874435883161
"615","614",0.281039914756099,0.318565737794788,0.145016052553306,0,0,0,0.255378294895807,0,0,0,0,0
"616","615",0,0.476948841495578,0,0,0,0.308337826925331,0.214713331579091,0,0,0,0,0
"617","616",0.296410244914523,0,0,0,0.152589973502731,0,0,0,0,0,0.394348793027819,0.156650988554927
"618","617",0.329038033312743,0,0,0,0,0,0.186714892658291,0,0,0,0.18072153886254,0.303525535166426
"619","618",0,0,0,0.183935459063906,0,0.590196574821098,0,0,0.225867966114996,0,0,0
"620","619",0.374494085224434,0.235205256066532,0,0.198873208614775,0,0,0.19142745009426,0,0,0,0,0
"621","620",0,0.300678300114598,0,0,0,0,0,0,0,0,0,0.699321699885402
"622","621",0.210157226465896,0.39879568206731,0,0,0,0.230722094793686,0,0,0,0,0.160324996673107,0
"623","622",0.464156962894967,0,0,0.277303088506183,0,0,0.169178126466409,0,0,0,0.0893618221324416,0
"624","623",0,0.179006336820696,0.230912581607879,0.302368853798962,0,0.146756556834122,0,0,0,0,0.140955670938341,0
"625","624",0,0.190282691471445,0.233461012221658,0,0,0,0.166195067927953,0,0.263912479895818,0,0,0.146148748483127
"626","625",0,0.167091642140807,0.204718076439418,0,0.449375304848128,0,0,0,0.178814976571648,0,0,0
"627","626",0,0,0.333077434100239,0,0,0,0,0,0.324129100531684,0,0,0.342793465368078
"628","627",0.479568120544842,0,0,0,0,0,0.190559144391127,0.265038222735478,0,0,0.0648345123285527,0
"629","628",0,0.528399373916232,0,0,0,0.211475081163567,0,0,0.2601255449202,0,0,0
"630","629",0,0.199328605075139,0.138088634655391,0,0,0.246896120045623,0.314389439765805,0,0,0,0.101297200458041,0
"631","630",0.175743426347569,0,0,0,0,0,0,0,0,0,0.441597626991816,0.382658946660615
"632","631",0.175862032740581,0,0,0,0,0,0.161332621223336,0,0.310345510377696,0,0.135114417141426,0.217345418516961
"633","632",0,0.208336100987814,0.259018604725114,0,0.152208160905894,0.217255322111365,0,0,0,0,0,0.163181811269812
"634","633",0,0.340624224784845,0,0,0.217374525105685,0,0,0,0.44200125010947,0,0,0
"635","634",0.289213981155146,0.253672128900167,0,0.13336242898055,0,0,0.22151111929711,0,0,0,0.102240341667027,0
"636","635",0,0,0,0.260455469851747,0.282626814404624,0,0.138623617404974,0,0.318294098338656,0,0,0
"637","636",0,0,0.364289986086631,0.203268496676075,0,0,0,0,0.25223853422577,0,0,0.180202983011524
"638","637",0,0,0,0.596420617679194,0,0,0.184789722644531,0.218789659676276,0,0,0,0
"639","638",0.410073890224411,0.245566138210677,0.196727838502803,0,0,0,0,0,0,0,0.147632133062109,0
"640","639",0.190094606418101,0.294010153163249,0,0,0.230333616445393,0.160301195425158,0,0,0,0,0.1252604285481,0
"641","640",0,0,0,0.319024641922641,0,0,0,0,0.504108876879237,0,0,0.176866481198122
"642","641",0,0,0.155110093377806,0.117016016015809,0,0.216512782664307,0,0,0.366149520148846,0,0,0.145211587793233
"643","642",0.260373146165099,0.319713241864671,0,0,0,0,0,0,0.249572980748482,0,0.170340631221748,0
"644","643",0,0,0,0,0.379693724831533,0.126890773586354,0,0.207509815643132,0,0,0,0.285905685938981
"645","644",0,0.209491420104649,0.374043687437333,0,0,0,0,0.254219965771238,0.16224492668678,0,0,0
"646","645",0,0,0.17508372731646,0.161793821986949,0,0,0,0,0.321088989862771,0,0.105369837455208,0.236663623378612
"647","646",0,0.22788824513076,0,0.256436947610775,0,0,0.222074911807778,0,0,0,0.293599895450688,0
"648","647",0.315392341984626,0.245851801116861,0,0,0,0.188722640938204,0,0,0,0,0.119184379546662,0.130848836413647
"649","648",0.544348457269145,0,0,0,0,0,0.207932611232659,0,0.247718931498196,0,0,0
"650","649",0,0,0.257861412797475,0,0,0,0,0,0.249615540432909,0,0,0.492523046769616
"651","650",0.177198453113731,0.270800580142531,0,0.193975836285496,0.179638092824212,0,0.178387037634031,0,0,0,0,0
"652","651",0.738317152241419,0,0,0,0,0,0,0,0.231166273295286,0,0.0305165744632949,0
"653","652",0,0,0,0,0,0,0.281564410483225,0,0.438489313455144,0,0,0.27994627606163
"654","653",0.883548984818181,0,0.116451015181819,0,0,0,0,0,0,0,0,0
"655","654",0,0.462930890775668,0.199252338191043,0,0,0,0,0,0.337816771033289,0,0,0
"656","655",0,0.164798194370463,0.478918818167995,0,0,0,0.230959660198673,0,0,0,0.125323327262869,0
"657","656",0.578255519871461,0.189396152420486,0,0,0,0,0,0,0,0,0.0909628260803016,0.141385501627752
"658","657",0,0.80742873171924,0,0,0,0,0.192571268280759,0,0,0,0,0
"659","658",0,0,0.231362741453838,0,0.302783285881995,0.348157354428286,0,0,0,0,0,0.117696618235881
"660","659",0.44562675835122,0.218237360968684,0,0,0.336135880680096,0,0,0,0,0,0,0
"661","660",0,0.294987287496194,0.284133267547294,0,0,0,0,0.282634226905939,0,0,0,0.138245218050574
"662","661",0.335899402829566,0,0.137525524806838,0,0.181453352050491,0.1867617588185,0,0.158359961494605,0,0,0,0
"663","662",0.216366088460189,0,0,0.132385193378256,0,0.31615764124952,0.158384624178882,0,0,0,0,0.176706452733153
"664","663",0.449770990158945,0,0,0,0,0,0,0.382743304232243,0,0,0.167485705608811,0
"665","664",0,0,0,0,0.596267338585206,0,0.403732661414794,0,0,0,0,0
"666","665",0.326461147349023,0,0.288892551318384,0,0,0,0,0,0,0,0.117851402227979,0.266794899104613
"667","666",0.387832965314166,0,0,0.318273995976169,0,0,0.293893038709665,0,0,0,0,0
"668","667",0.354846228544116,0.212386080373461,0,0,0,0,0.133065622952083,0,0.164361099635279,0,0,0.135340968495061
"669","668",0,0,0.152424224583255,0,0,0.308462368064743,0.276692372331948,0,0.262421035020053,0,0,0
"670","669",0.452055601256298,0,0.273862294028416,0,0,0.13852259909953,0,0.135559505615756,0,0,0,0
"671","670",0.538775388450123,0.257314787720961,0,0,0,0,0,0,0,0,0.203909823828916,0
"672","671",0,0.151107237426773,0.169462207999655,0,0.159877608382993,0,0.249186758596978,0,0.2703661875936,0,0,0
"673","672",0.397016107619836,0.160511369052497,0.165209387886807,0,0,0,0,0,0.221965012212652,0,0.0552981232282082,0
"674","673",0,0.275835128864506,0.183213804006524,0,0.185506689367176,0,0.355444377761795,0,0,0,0,0
"675","674",0,0,0.223396670726598,0,0,0.33701423716526,0,0,0.228882089652617,0,0,0.210707002455524
"676","675",0,0,0.140935903326095,0.211244078229657,0.354687122164996,0.204562728244952,0,0,0,0,0.0885701680342997,0
"677","676",0,0.17015084065848,0,0,0.174438862714224,0,0.178992014527842,0,0.355197306310915,0,0,0.121220975788539
"678","677",0.159826679446684,0.179813288132076,0,0,0.191012684288696,0,0.237470951734056,0.231876396398488,0,0,0,0
"679","678",0.2926067251052,0.27544552614297,0,0,0,0.273964556481817,0,0,0.157983192270012,0,0,0
"680","679",0,0.328170417174287,0.255631565622513,0,0,0.4161980172032,0,0,0,0,0,0
"681","680",0,0.188329188116159,0,0,0,0,0.238236287988784,0,0,0,0.273604799957102,0.299829723937954
"682","681",0.407570498630756,0.202705498992164,0,0,0,0,0.205392911105032,0,0,0,0.184331091272048,0
"683","682",0,0.156301002271976,0,0.294906685406203,0,0.327709745593843,0,0,0,0,0,0.221082566727978
"684","683",0.657564111640685,0,0,0,0,0,0,0,0,0,0.105719095573711,0.236716792785604
"685","684",0.435771588381412,0.101230600413829,0,0,0.192861904769248,0.270135906435511,0,0,0,0,0,0
"686","685",0.57521213199203,0.115896324673869,0.134323641139927,0,0,0.174567902194174,0,0,0,0,0,0
"687","686",0,0.751462118563732,0,0,0,0,0,0,0.248537881436268,0,0,0
"688","687",0,0.441056081242709,0.224807785660999,0,0,0.185214094034915,0,0,0,0,0.148922039061377,0
"689","688",0,0,0.38708698630171,0.204607769411006,0,0,0,0,0.408305244287285,0,0,0
"690","689",0,0.183526577802192,0,0,0.198385481084606,0,0,0,0,0,0.293201032542629,0.324886908570573
"691","690",0,0,0.156688299224232,0,0.148258583518513,0.33350223833731,0.188944287145561,0,0.172606591774384,0,0,0
"692","691",0,0.509403159523183,0,0.316161067005113,0,0,0,0,0,0,0,0.174435773471704
"693","692",0.249037634732898,0.111628959945181,0,0,0,0,0,0,0,0,0.346549375194373,0.292784030127548
"694","693",0,0.163560425317571,0,0.320106759172358,0.146688003023273,0,0,0,0,0,0.104143763689237,0.26550104879756
"695","694",0,0.205804902586904,0,0,0,0,0,0,0,0,0.335543626214568,0.458651471198529
"696","695",0.629152406289843,0,0,0,0,0,0,0,0,0,0.166605656199226,0.204241937510931
"697","696",0,0.267621974439179,0,0,0,0.210127613418861,0.227227542281153,0,0.295022869860807,0,0,0
"698","697",0.270109783742994,0.150785037486524,0,0,0.471844381796928,0.107260796973554,0,0,0,0,0,0
"699","698",0,0,0.131465988600858,0,0,0.218861566526531,0.392996904717696,0,0.256675540154914,0,0,0
"700","699",0.549183974545702,0,0,0.128855904846249,0,0,0.204429106076857,0,0,0,0.117531014531192,0
"701","700",0.271357026321766,0,0,0,0,0,0,0,0,0,0.382004173479846,0.346638800198387
"702","701",0,0.191504620103768,0.312518807714682,0.275589790380774,0,0,0,0,0.123906895106304,0.0964798866944722,0,0
"703","702",0.462272359045304,0,0.14682276177402,0.184604177258163,0,0,0,0.206300701922514,0,0,0,0
"704","703",0,0.262112522611638,0.330288699034679,0,0,0.151753189562984,0,0,0,0,0,0.2558455887907
"705","704",0,0,0,0.158403056015774,0,0.343401356949983,0.190378083233905,0,0.307817503800338,0,0,0
"706","705",0,0,0.32876859518294,0,0,0,0,0,0,0,0,0.67123140481706
"707","706",0,0,0.233535689208337,0.143220820662857,0.218832877454849,0,0.311500324066212,0,0,0,0.0929102886077456,0
"708","707",0.145808605592316,0.132750938481778,0.276571542938539,0,0.172517962016985,0,0,0,0,0,0.118428548356909,0.153922402613473
"709","708",0,0.523984661624871,0,0,0,0,0,0,0.476015338375129,0,0,0
"710","709",0,0.19484524820051,0.0986690336387866,0.255046821598707,0,0,0.136525074476788,0,0,0,0,0.314913822085209
"711","710",0.172827036133325,0,0.219878234020719,0.173572923542711,0,0,0.196697115228369,0,0,0,0.097173240054701,0.139851451020175
"712","711",0.404422872764583,0.383517972348319,0,0,0,0,0,0,0.212059154887098,0,0,0
"713","712",0.158396611010266,0.272641216557523,0,0,0,0,0,0,0.56896217243221,0,0,0
"714","713",0.475847653258096,0,0,0,0,0.253907028523102,0,0,0,0,0.0578609267293898,0.212384391489412
"715","714",0.277570682580566,0,0.226826436091326,0,0,0.495602881328108,0,0,0,0,0,0
"716","715",0.27884271391561,0.341484848831227,0,0,0.379672437253163,0,0,0,0,0,0,0
"717","716",0.541828177615951,0.0280889429786333,0,0,0,0,0,0,0.254710648483481,0,0.175372230921934,0
"718","717",0.345149362984758,0.208020846892811,0.157881096821783,0,0,0.288948693300648,0,0,0,0,0,0
"719","718",0,0,0,0,0.229441837284338,0,0.288261475407445,0.331311949651917,0,0,0,0.1509847376563
"720","719",0.55601350398003,0.4161752752322,0,0,0,0,0,0,0,0,0.0278112207877695,0
"721","720",0.185389287844653,0.137575689454633,0.144736433190054,0.115278177969899,0.273144018136934,0,0.143876393403827,0,0,0,0,0
"722","721",0,0.346890194688701,0,0,0,0,0.297812691175827,0,0.355297114135472,0,0,0
"723","722",0,0.301255564568071,0,0,0,0.69874443543193,0,0,0,0,0,0
"724","723",1,0,0,0,0,0,0,0,0,0,0,0
"725","724",0.25635779657098,0.295054153530103,0.260230276165611,0,0,0,0,0,0.188357773733305,0,0,0
"726","725",0.272079182647909,0,0.229892026103448,0,0,0.173201075776164,0,0.221681231183708,0,0,0.103146484288771,0
"727","726",0.413761956696572,0.321509176251703,0,0,0,0,0,0,0,0,0,0.264728867051725
"728","727",0,0.226132294520322,0.188059546919252,0.169065986973428,0,0,0.170947093965709,0,0,0,0,0.245795077621289
"729","728",0.221802350665324,0,0.209342348637035,0,0.241148656797705,0.258487315841556,0,0,0,0,0.0692193280583798,0
"730","729",0,0,0.317131876977856,0,0.154464311778527,0,0.330743997650259,0,0,0,0,0.197659813593358
"731","730",0,0.503683502071587,0,0.152564066118175,0,0,0,0,0.200956923281891,0,0,0.142795508528347
"732","731",0.281549361560287,0,0,0.258959888338327,0,0,0.459490750101386,0,0,0,0,0
"733","732",0,0,0.159468617517316,0,0.161966151405224,0.441009380512219,0,0,0,0,0,0.237555850565241
"734","733",0,0,0.304446348174708,0,0.188610484371908,0,0,0.198997539923974,0,0,0,0.307945627529409
"735","734",0,0.444600986095106,0,0.555399013904894,0,0,0,0,0,0,0,0
"736","735",0.269455064697505,0,0.102962009910735,0,0,0.267144919637942,0.171788393330002,0,0,0,0,0.188649612423816
"737","736",0.723021234549859,0,0,0,0,0,0,0,0,0,0,0.276978765450141
"738","737",0.495417650699287,0.169880214700282,0.245138289031214,0,0,0,0,0,0,0,0.0895638455692168,0
"739","738",0,0,0.138732674195188,0,0,0.242934577906821,0,0,0.270856985215246,0,0,0.347475762682745
"740","739",0,0,0,0.197898593773169,0,0.340886286962171,0,0.193815015539926,0.267400103724734,0,0,0
"741","740",0.239303600947124,0,0.358372277122326,0,0,0,0.156065602836477,0,0,0,0.246258519094073,0
"742","741",0.476964372865219,0,0,0,0,0,0.313929920501663,0,0.209105706633118,0,0,0
"743","742",0.52076228302016,0,0,0,0,0.222645860976811,0,0,0,0,0.0973909766136611,0.159200879389369
"744","743",0,0,0,0.161063421619655,0,0.173193776519936,0,0,0.427572618416493,0,0,0.238170183443916
"745","744",0.339179897511147,0,0.152213496171736,0,0.264908811799702,0,0,0,0.138898428954822,0,0.104799365562593,0
"746","745",0.337556969445452,0.0392294819807354,0.215078041112165,0.194764725144098,0,0,0.21337078231755,0,0,0,0,0
"747","746",0,0.195538234838338,0,0.273004682433245,0,0.531457082728417,0,0,0,0,0,0
"748","747",0.66856056195765,0,0,0.33143943804235,0,0,0,0,0,0,0,0
"749","748",0.602595227032433,0,0,0,0,0,0,0,0,0,0.0923123905063064,0.305092382461261
"750","749",0,0.369570302267386,0,0.138334773321066,0.270586029465083,0,0,0,0.221508894946465,0,0,0
"751","750",0,0.253212627339586,0,0,0,0,0.472912871853404,0,0,0,0.273874500807009,0
"752","751",0.17252849540163,0.286113897770489,0.153486952582436,0,0,0,0,0,0.243065860636792,0,0,0.144804793608654
"753","752",0.527856665779655,0,0,0,0,0.263170214970979,0,0,0.208973119249367,0,0,0
"754","753",0.377907190899695,0.0702519179570337,0,0,0,0.213730212025514,0,0.268514434859661,0,0,0.0695962442580961,0
"755","754",0,0.125494238503138,0,0,0.307164194919448,0,0.197756034252847,0,0,0,0.207157674544879,0.162427857779688
"756","755",0,0.174253804394245,0,0,0.1649449353271,0,0.500753171354443,0,0,0,0,0.160048088924212
"757","756",0,0.127698491759217,0,0,0,0,0,0,0.211653722199228,0,0,0.660647786041555
"758","757",0.801529642926417,0,0,0,0.198470357073583,0,0,0,0,0,0,0
"759","758",0.71105428167003,0,0,0,0,0,0,0,0,0,0,0.28894571832997
"760","759",0.311246274013982,0,0.248811117905158,0.105433626070515,0,0,0.334508982010344,0,0,0,0,0
"761","760",0,0.312649080787774,0.32030128096494,0,0,0,0,0,0,0,0,0.367049638247287
"762","761",0.342564242427297,0,0,0,0,0.0955209209191852,0.145373599567081,0,0.266044678580137,0,0,0.1504965585063
"763","762",0,0.191787630583091,0,0,0.49421151548378,0,0,0.314000853933129,0,0,0,0
"764","763",0,0.179554020415475,0,0.355620158184444,0.335797821327055,0,0,0,0,0,0,0.129028000073026
"765","764",0.231594924983143,0.226505461962528,0,0,0,0,0.263434214981462,0,0,0,0,0.278465398072867
"766","765",0.285564788300845,0,0,0,0.230956714888441,0,0,0,0.216994264793619,0,0.266484232017095,0
"767","766",0.468662284344931,0.206876227061967,0,0,0,0,0,0,0,0,0.324461488593102,0
"768","767",0.162962050746522,0,0.133938276925302,0,0.230158380512292,0,0,0,0,0,0,0.472941291815884
"769","768",0,0.428321505645387,0,0,0,0,0,0,0,0,0.279543874405009,0.292134619949604
"770","769",0.374845902742595,0,0.167741805569955,0,0,0,0,0.320463369458405,0.136948922229046,0,0,0
"771","770",0,0.0683033821800837,0.318470287476431,0,0,0,0.613226330343485,0,0,0,0,0
"772","771",0,0,0,0,0,0.502790385884264,0,0,0.337731925852114,0,0,0.159477688263623
"773","772",0.5921239093721,0.106194307155225,0,0,0.146175853030357,0,0.155505930442317,0,0,0,0,0
"774","773",0,0.152447369634411,0,0.181388507514979,0.337956218246556,0.192952608546373,0,0,0,0,0,0.135255296057682
"775","774",0,0.156526908999978,0.149909400644452,0.176408176729422,0,0.163237765551809,0,0.35391774807434,0,0,0,0
"776","775",0.753560013703142,0,0,0,0,0.246439986296858,0,0,0,0,0,0
"777","776",0,0,0,0.205010607410745,0,0,0.281342169239565,0.154554535726832,0,0,0,0.359092687622858
"778","777",0,0.393881545782199,0,0.181690010253097,0,0.194578779438054,0.22984966452665,0,0,0,0,0
"779","778",0.329662704350801,0.0736235066464377,0,0.199343661779462,0,0.184512179557914,0,0.137385168002802,0,0,0.0754727796625829,0
"780","779",0,0,0,0.141931677293929,0,0,0.439579421198347,0,0.215745917550829,0,0,0.202742983956894
"781","780",0.230831172764354,0.0971028823127939,0,0,0.290351763266097,0,0,0,0.306861639482234,0,0.0748525421745209,0
"782","781",0.727570768826526,0,0,0,0.272429231173473,0,0,0,0,0,0,0
"783","782",0.50118686144505,0.155007918996225,0,0,0,0,0,0,0,0,0.148422663176892,0.195382556381833
"784","783",0,0.6149848443757,0,0.143042882543408,0,0.241972273080891,0,0,0,0,0,0
"785","784",0.372961323560561,0.0329515118474172,0.228163484025215,0,0,0.181353782433552,0,0,0,0,0.184569898133255,0
"786","785",0.367965026609954,0,0.117778544768564,0,0.440290102126455,0,0,0,0,0,0.0739663264950269,0
"787","786",0.288002445070012,0,0,0.231105883427179,0,0,0,0,0.480891671502809,0,0,0
"788","787",0.130866059239548,0.21415104450455,0.256057513031301,0,0,0,0,0.239989545559586,0,0,0.158935837665015,0
"789","788",0,0.134759456139857,0,0.247098591594413,0.317566141010586,0.147659921318211,0,0.152915889936933,0,0,0,0
"790","789",0.207167268147371,0,0.230964308846909,0.138386337873814,0,0,0.130597127967066,0,0,0,0.079743352280374,0.213141604884466
"791","790",0.529996495259767,0.187604631412245,0,0,0,0,0,0,0,0,0.13383913384519,0.148559739482798
"792","791",0.946188834321797,0,0,0,0,0,0,0,0,0,0.0538111656782029,0
"793","792",0.356783121120252,0.254363665124588,0,0.192438551259812,0,0,0,0,0.196414662495348,0,0,0
"794","793",0,0,0.160806047923658,0,0,0.233299701574727,0.276656427165616,0,0,0,0,0.329237823335999
"795","794",0.378091383898089,0.515272960644927,0,0,0,0,0,0,0,0,0.106635655456984,0
"796","795",0.659983035991545,0.273587649501917,0,0,0,0,0,0,0,0,0.0664293145065374,0
"797","796",0,0.377233355983056,0,0,0.144638246677258,0.224462988107679,0,0,0,0,0,0.253665409232007
"798","797",0.249659255583968,0.211107209540087,0,0.263424188050481,0,0,0,0,0,0,0.123158337196297,0.152651009629166
"799","798",0,0.29661272017101,0.1960674247387,0,0.343886202264061,0,0.163433652826229,0,0,0,0,0
"800","799",0.293088718792068,0.291973481944775,0,0.207395357256723,0,0,0,0,0,0,0.207542442006434,0
"801","800",0,0,0,0,0,0,0,0,0.60703804939959,0,0,0.392961950600409
"802","801",0,0.404614248969363,0,0,0,0,0,0,0,0,0,0.595385751030637
"803","802",0,0,0,0,0,0.568938464705299,0,0,0,0,0.17916679948594,0.251894735808761
"804","803",0,0.247336290591376,0,0.279580347771225,0,0,0.223006762333384,0,0.250076599304015,0,0,0
"805","804",0,0,0,0.514440511261808,0,0,0,0,0.485559488738192,0,0,0
"806","805",0,0.482508268758138,0,0.340305001902271,0,0,0.177186729339591,0,0,0,0,0
"807","806",0.517612023506477,0,0.16486277184977,0,0,0,0,0,0,0,0,0.317525204643753
"808","807",0.212044360106842,0.18699803525156,0,0,0,0,0.442240184617286,0,0,0,0.158717420024313,0
"809","808",0.426566780031723,0.190233514758297,0,0,0,0,0.210659116156611,0.172540589053369,0,0,0,0
"810","809",0,0.388363741225929,0,0.149309092489682,0,0,0.156118179341822,0,0.306208986942567,0,0,0
"811","810",0,0.813299994415243,0,0,0,0.186700005584757,0,0,0,0,0,0
"812","811",0.377922285665012,0,0.223563466998785,0.166138920569591,0,0,0,0,0,0,0.232375326766613,0
"813","812",0.354158021838207,0,0,0,0,0.185955296311951,0,0,0.337010816596398,0,0.122875865253444,0
"814","813",0,0,0,0,0.301771157729469,0,0.231989438697948,0,0.203536724135423,0,0,0.262702679437159
"815","814",0.41601689131822,0,0.18972251491404,0.20755101556488,0.186709578202859,0,0,0,0,0,0,0
"816","815",0.212395683242587,0,0,0,0.180272588293882,0.34948175167261,0.257849976790921,0,0,0,0,0
"817","816",0,0.191548003673641,0,0,0.185796339765656,0,0,0,0.358693770509241,0,0.100060177405369,0.163901708646094
"818","817",0,0,0,0,0,0,0,0,0,0,0.484646772645607,0.515353227354392
"819","818",0,0,0.109304248508754,0.206067670161697,0.215099775610883,0.137506964183112,0,0,0,0,0.0942363133420032,0.237785028193551
"820","819",0.216931014751289,0,0.150498157862823,0,0,0.12878144875599,0.503789378629897,0,0,0,0,0
"821","820",0.394395504645372,0,0.32363891382803,0,0,0,0,0,0,0,0,0.281965581526598
"822","821",0.251203040026997,0,0,0,0,0,0.154840478711062,0,0.170031808731097,0,0.234659358806388,0.189265313724457
"823","822",0,0,0.187661829453388,0.343316193180838,0,0.166387047122477,0,0,0,0,0,0.302634930243296
"824","823",0.480996578020476,0,0,0,0,0,0.168918836296706,0,0.146382274801535,0.128548814646534,0.0751534962347484,0
"825","824",0.452906044414999,0,0,0,0,0,0,0,0,0,0.321350281544689,0.225743674040312
"826","825",0.657914285838077,0,0,0,0,0.157218319557964,0,0,0.18486739460396,0,0,0
"827","826",0.177769859248361,0.548896488182072,0.172903004111473,0,0,0,0,0,0,0,0.100430648458094,0
"828","827",0.665290458490211,0.308700038032363,0,0,0,0,0,0,0,0,0.0260095034774257,0
"829","828",0,0.23616277415716,0,0,0,0,0,0,0,0,0.382081012854651,0.381756212988189
"830","829",0,0.387407767725769,0,0,0,0,0,0,0,0,0.3215470067961,0.291045225478131
"831","830",0,0,0.306152433657719,0,0.195555767758109,0.204441756712942,0,0,0.29385004187123,0,0,0
"832","831",0.843963169700132,0,0,0,0,0.156036830299868,0,0,0,0,0,0
"833","832",0.257913854030077,0,0.0673063984035722,0,0,0,0.516211461322547,0,0.158568286243804,0,0,0
"834","833",0.374305558849353,0.0873158292856194,0,0,0,0.228617421881479,0.243003080686348,0,0,0,0.0667581092971995,0
"835","834",0.419594957568779,0.182900753974518,0,0,0,0,0.228634829554288,0,0.168869458902415,0,0,0
"836","835",0.580134572345832,0.266372197077031,0,0,0,0,0,0.153493230577137,0,0,0,0
"837","836",0,0,0.171383252595219,0.18741140968725,0,0.458790813218909,0.182414524498622,0,0,0,0,0
"838","837",0.27942520653947,0.409410105846492,0,0,0,0,0,0,0,0,0.170032131520029,0.141132556094009
"839","838",0.301532699865148,0,0,0.374369674684138,0.220093701229959,0,0,0,0,0,0.104003924220756,0
"840","839",0.265759021772026,0.221801313473852,0,0,0,0.239061783296547,0,0,0,0,0,0.273377881457574
"841","840",0.18621601211985,0.109911210324528,0,0,0,0,0,0,0,0,0.368615258188233,0.335257519367389
"842","841",0.84900299600006,0,0,0,0,0,0,0,0,0,0.15099700399994,0
"843","842",0.641299076058123,0.149279746315323,0.209421177626554,0,0,0,0,0,0,0,0,0
"844","843",0.802941338231009,0.197058661768991,0,0,0,0,0,0,0,0,0,0
"845","844",0.327306090231354,0.343074376468055,0,0,0,0,0,0.285723721117261,0,0,0.0438958121833295,0
"846","845",0.292576397989102,0.301962232426137,0,0.285442852745147,0,0,0,0,0,0,0.120018516839614,0
"847","846",0.436137230729864,0,0.218669590879633,0,0.117120437622171,0,0,0,0.180997791955677,0,0.0470749488126555,0
"848","847",0,0,0,0,0.298982361742532,0.267888872554855,0,0,0,0.242109347442116,0,0.191019418260497
"849","848",0.203167177887952,0.0818362871902027,0.166631899673471,0,0,0,0,0,0,0,0.162907504860052,0.385457130388323
"850","849",0,0,0.161030268915195,0,0,0.425389910854581,0.413579820230224,0,0,0,0,0
"851","850",0,0,0.418517527462659,0,0.299969633505716,0,0,0,0,0,0,0.281512839031625
"852","851",0,0.20544065853661,0.332121803316111,0,0,0.342685763137249,0,0,0,0,0.119751775010029,0
"853","852",0,0.132885623515271,0,0.516590923690904,0,0.152473532519293,0.198049920274531,0,0,0,0,0
"854","853",0.290859764192919,0,0.258254076054735,0,0,0,0,0,0.262173946548501,0,0.0592851788723408,0.129427034331504
"855","854",0,0.0943749979740044,0,0,0,0.283417079003584,0.622207923022411,0,0,0,0,0
"856","855",0.182138351934589,0,0,0,0,0,0.36041809282259,0,0,0,0.107407970861706,0.350035584381115
"857","856",0.609416921846204,0,0.178785428705602,0,0.211797649448194,0,0,0,0,0,0,0
"858","857",0,0,0,0.317579025957249,0.230499283778886,0,0.198583112805595,0,0,0,0,0.25333857745827
"859","858",0,0,0,0,0,0.418603224874686,0.411437258178845,0,0,0,0.169959516946469,0
"860","859",0.352670711786672,0,0,0,0.314285475483308,0,0,0,0,0,0,0.33304381273002
"861","860",0,0,0.175365455490345,0,0,0,0.646177881145306,0,0,0,0,0.178456663364349
"862","861",0.147654157416387,0.119649334734642,0,0.178779356140268,0,0.262017992421012,0,0,0,0,0.103562245767949,0.188336913519742
"863","862",1,0,0,0,0,0,0,0,0,0,0,0
"864","863",0,0,0.777684310826762,0,0,0.222315689173238,0,0,0,0,0,0
"865","864",0.248370152479277,0,0,0,0.277535313912641,0,0.385966105159766,0,0,0,0.088128428448316,0
"866","865",0.524759238496693,0.172141593472853,0,0,0,0,0,0,0,0,0.146768668758412,0.156330499272042
"867","866",0.575300808894254,0.197333442074758,0,0,0,0,0,0,0.227365749030988,0,0,0
"868","867",0,0.108785963904029,0,0.22815251097628,0,0.248545993315643,0,0,0.130348133018411,0,0.0728270492141483,0.211340349571489
"869","868",0,0.182312298278405,0,0,0,0,0,0,0.288666898318331,0,0,0.529020803403264
"870","869",0,0,0,0,0.287941812318764,0.617684575398413,0,0,0,0,0.0943736122828232,0
"871","870",0.211650274591915,0.113769852802891,0.152830183480452,0,0.204322900072936,0,0,0,0,0,0.0669455130229542,0.250481276028851
"872","871",0.250123388229014,0,0,0,0,0.194296766367245,0,0,0.241198972409007,0,0.129232931019339,0.185147941975394
"873","872",0,0.219281835301583,0.237869993945093,0,0,0,0.253499186743105,0,0,0,0.116981328065899,0.17236765594432
"874","873",0.24885929973179,0.0882109249175742,0.209289842695446,0.138657153533924,0,0,0.314982779121266,0,0,0,0,0
"875","874",0.149112729975238,0,0.15363915816574,0.300613847032226,0,0,0,0,0.396634264826796,0,0,0
"876","875",0.662994923895016,0,0,0,0,0,0.337005076104984,0,0,0,0,0
"877","876",0,0.509717957159911,0.265421213690568,0,0.224860829149522,0,0,0,0,0,0,0
"878","877",0,0.632727180958699,0,0,0,0.15862928640397,0,0,0,0,0,0.208643532637331
"879","878",0.529977877972368,0,0.264167619320591,0,0,0,0,0,0,0,0.205854502707042,0
"880","879",0.371986350379028,0.628013649620972,0,0,0,0,0,0,0,0,0,0
"881","880",0.34899650414341,0,0,0,0,0,0.234622887729642,0,0,0,0,0.416380608126948
"882","881",0,0.121354288750859,0.513636487081885,0,0.365009224167256,0,0,0,0,0,0,0
"883","882",0.605236069476443,0.296052100697309,0,0,0,0,0,0,0,0,0.0987118298262486,0
"884","883",0.362274180916566,0,0,0,0.235463239060179,0,0,0.246285199290441,0,0,0,0.155977380732814
"885","884",0,0.172326903729454,0.347774229028577,0,0,0.47989886724197,0,0,0,0,0,0
"886","885",0.360009349390386,0.346951207975484,0,0,0,0,0,0,0.267848369568125,0,0.0251910730660051,0
"887","886",0.339122042162876,0.161226684608488,0.210186765878968,0,0,0.147705495966846,0,0,0,0,0,0.141759011382822
"888","887",0,0.216679695128285,0.181470336999526,0,0,0,0.180258853034108,0,0.166267481758428,0,0.0969144991648282,0.158409133914826
"889","888",0,0.282157677178031,0.214141682344981,0,0,0,0,0,0.262222285603862,0,0,0.241478354873127
"890","889",0,0.250444747899851,0,0.325917322559511,0,0.194293086434681,0.229344843105957,0,0,0,0,0
"891","890",0,0,0.124974428213497,0,0.24186726053492,0,0.314584613710759,0,0.318573697540824,0,0,0
"892","891",0.417917211104619,0.157384787838466,0,0,0,0,0,0,0.195796765537487,0,0,0.228901235519428
"893","892",0.311300286085224,0,0,0,0,0,0.20007002633997,0,0,0,0.238469686785551,0.250160000789254
"894","893",0.32722857756696,0,0,0,0.145948816044941,0,0,0,0.168261160095805,0,0.189987680182257,0.168573766110036
"895","894",0,0,0.367270809613901,0.204259122896022,0,0,0,0,0.234494901432686,0,0,0.193975166057391
"896","895",0.59051148387892,0,0,0.161082173340105,0.248406342780975,0,0,0,0,0,0,0
"897","896",0.181020691404404,0.159082949276863,0.279559547620381,0,0,0,0,0,0,0,0,0.380336811698351
"898","897",0.45439004269942,0,0,0,0,0,0.286181233380003,0,0.130927405949033,0,0.128501317971544,0
"899","898",0.740677231101387,0,0.0981717516222242,0,0,0,0,0.161151017276389,0,0,0,0
"900","899",0,0.62663320842745,0,0,0.37336679157255,0,0,0,0,0,0,0
"901","900",0,0.519733500720409,0,0,0,0,0.403577609398977,0,0,0,0.0766888898806137,0
"902","901",0,0,0.362459909912198,0,0.242221993066194,0.267298542381844,0,0,0,0.128019554639764,0,0
"903","902",0,0.152484700579403,0,0,0.260365039868103,0,0.200249371511432,0,0,0,0,0.386900888041062
"904","903",0.605367404370131,0.140057349598412,0.157814895739451,0,0,0,0,0,0,0,0.0967603502920056,0
"905","904",0,0,0,0.174569290584258,0.224533073031996,0,0,0,0.374403247201103,0,0,0.226494389182643
"906","905",0,0.108841045322617,0,0,0.394603848967124,0,0.287044779764072,0,0,0,0,0.209510325946187
"907","906",0.640587357177097,0,0,0,0,0,0,0,0,0,0.071514342019074,0.287898300803829
"908","907",0.44014587455548,0.279330912305656,0,0,0,0,0,0,0.280523213138864,0,0,0
"909","908",0.254638325897738,0.122303058209528,0.201440919935074,0.149081683522605,0,0,0,0,0.272536012435054,0,0,0
"910","909",0.615098968577355,0.0750858872826228,0,0,0,0,0,0,0.176095115013743,0,0.133720029126278,0
"911","910",0,0.544220142800343,0,0,0.303222545985783,0,0,0,0,0,0,0.152557311213874
"912","911",0.308607272486246,0.108701664833283,0.144632179630308,0,0,0,0,0,0.139741126277598,0,0,0.298317756772566
"913","912",0.26672872031462,0.155819532312869,0,0,0.158600011185741,0,0,0,0,0,0.188386662347558,0.230465073839213
"914","913",0.552150710146112,0.12801079075126,0.167637070632437,0,0,0,0,0,0.152201428470191,0,0,0
"915","914",0.258041479290415,0,0,0,0,0.19366835716885,0.180959325525119,0,0.182147134382166,0,0,0.185183703633449
"916","915",0.395634041885641,0.0918053007358535,0,0,0,0,0.512560657378506,0,0,0,0,0
"917","916",0,0.362168043037718,0,0.215000710156516,0.152648351692825,0.127490500380976,0.142692394731964,0,0,0,0,0
"918","917",0.395992527549798,0.183375906702557,0,0.266902812327084,0,0,0.153728753420561,0,0,0,0,0
"919","918",0,0,0.190989913695341,0,0,0,0.299123204819402,0,0.29480407255088,0,0,0.215082808934377
"920","919",0,0.213309322303026,0,0,0,0.703233908666865,0,0,0,0,0.0834567690301093,0
"921","920",0,0.203623523166213,0,0.232722391503663,0,0,0.197255618622529,0,0.366398466707594,0,0,0
"922","921",0.157512794100216,0.163390279287621,0.177567958035793,0,0,0,0.219594887512601,0,0,0,0.12204646352829,0.159887617535479
"923","922",0.356934571662641,0,0.207447280257847,0,0,0,0,0.290892778560329,0,0,0,0.144725369519184
"924","923",0.32146746530214,0.45115122176198,0,0,0,0,0.22738131293588,0,0,0,0,0
"925","924",1,0,0,0,0,0,0,0,0,0,0,0
"926","925",0,0,0,0,0,0,0.355019793045726,0,0.21476904886316,0,0,0.430211158091114
"927","926",0.432708368283459,0.25198799704516,0,0,0,0,0,0,0.191009516339829,0,0.124294118331552,0
"928","927",0,0,0.129399718270899,0.225233775901081,0,0.130595422154834,0,0.404596970776229,0.110174112896958,0,0,0
"929","928",0,0.385309084940228,0,0,0,0.161087006524247,0,0,0.453603908535525,0,0,0
"930","929",0.770073547225457,0.100567075485281,0,0,0,0,0,0,0,0,0.129359377289262,0
"931","930",0.242759088084046,0,0,0,0,0,0.158778573049497,0.226099359004065,0.230647450857962,0,0.141715529004431,0
"932","931",0.365829331621908,0,0,0,0.23525657316616,0.203371254654239,0,0,0,0,0.195542840557693,0
"933","932",0.458348005589498,0.216273334998512,0,0.325378659411991,0,0,0,0,0,0,0,0
"934","933",0,0,0.255435468614481,0,0,0,0,0,0.304630532298542,0,0.106146941474865,0.333787057612113
"935","934",0,0,0,0,0,0.45111979527549,0,0.465384681260189,0,0,0.0834955234643212,0
"936","935",0.229720848063289,0.160701785894382,0,0.202985088424743,0,0,0,0,0,0,0.105849206860433,0.300743070757154
"937","936",0,0,0,0.185200887106963,0.22624271611819,0.228852668435178,0,0,0,0,0,0.359703728339668
"938","937",0.640887828859055,0,0,0.130600224062003,0,0,0.228511947078942,0,0,0,0,0
"939","938",0,0,0,0,0.228615759066719,0,0,0.391688631909892,0,0,0,0.379695609023389
"940","939",0.426527575795102,0.110188209625131,0,0,0,0.251936414430298,0.211347800149469,0,0,0,0,0
"941","940",0,0.254808551568077,0,0,0.285031388599248,0,0.460160059832675,0,0,0,0,0
"942","941",0.478057120722379,0,0,0.118455568233472,0,0,0,0,0.131291055513324,0,0.119034953785207,0.153161301745617
"943","942",0.714346439727958,0,0,0,0,0.102736483849623,0,0.182917076422419,0,0,0,0
"944","943",0.166248867838818,0.0874403928267615,0,0,0.241119496399928,0,0.163579557942589,0,0,0,0.205436419740049,0.136175265251854
"945","944",0.491655701381428,0,0,0,0,0,0,0,0,0.348989212427861,0.159355086190712,0
"946","945",0,0,0,0.236312429469628,0.260113540415875,0,0.246545407258277,0,0.176045185370611,0,0.0809834374856095,0
"947","946",0,0,0.788067730942839,0,0,0.211932269057161,0,0,0,0,0,0
"948","947",0.356699945275931,0.12001235299209,0,0,0,0,0,0,0.207075593322341,0,0.316212108409638,0
"949","948",0.535010077805186,0,0,0,0.145281343388226,0.129572489284408,0,0,0.190136089522179,0,0,0
"950","949",0.380842815362939,0.206482354240932,0,0,0.336436801561828,0,0,0,0,0,0.0762380288343007,0
"951","950",0.585485894790452,0.207265991362856,0,0,0,0,0,0,0,0,0.076359860402022,0.13088825344467
"952","951",0,0,0,0.588593855201679,0,0,0,0,0.22720024986051,0,0.184205894937811,0
"953","952",0,0,0,0,0,0.128225173398568,0,0.369291384222299,0.273091724063837,0,0,0.229391718315296
"954","953",0,0.539052155968135,0,0,0,0,0.184290800553956,0.276657043477908,0,0,0,0
"955","954",0.32078494610924,0,0.264924497588418,0,0,0,0,0,0.414290556302342,0,0,0
"956","955",0.362034615205904,0,0,0,0.474909466590454,0,0,0,0.163055918203642,0,0,0
"957","956",0.403635286592542,0,0,0,0,0.351808654393567,0.244556059013891,0,0,0,0,0
"958","957",0.269642425140151,0,0,0.149638041945931,0.195850058434287,0,0,0,0.227289848358868,0,0.157579626120762,0
"959","958",0.233683390230176,0.766316609769824,0,0,0,0,0,0,0,0,0,0
"960","959",0,0,0.144257831728602,0,0.235643547061145,0,0.386106473130356,0,0,0,0,0.233992148079897
"961","960",0.491285602004086,0.349904763459071,0,0,0,0,0,0,0,0,0.158809634536843,0
