"","cell_ID","glutamatergic neuron","inhibitory interneuron","vascular associated smooth muscle cell","endothelial cell","radial glial cell","oligodendrocyte precursor cell","caudal ganglionic eminence derived interneuron","microglial cell","medial ganglionic eminence derived interneuron","pericyte","astrocyte","neural progenitor cell","oligodendrocyte"
"1","0",0.424760721480108,0,0,0,0,0.230028925484414,0.345210353035479,0,0,0,0,0,0
"2","1",0,0,0.211145467086607,0,0,0,0.557348162737465,0,0,0,0.231506370175928,0,0
"3","2",0.828400264174033,0,0,0,0,0.132785031220739,0.038814704605228,0,0,0,0,0,0
"4","3",0,0,0,0,0,0.145972600597265,0,0.177705569022926,0,0,0.338665063385378,0,0.33765676699443
"5","4",0,0,0,0,0,0,0.122154184133711,0.294299043293702,0,0,0.200906210906285,0.382640561666302,0
"6","5",0,0,0,0,0,0.252933236544811,0.154644989223533,0,0.378004166940786,0,0.21441760729087,0,0
"7","6",0.645553325003099,0,0,0,0,0,0.201533477571417,0,0,0,0.152913197425484,0,0
"8","7",0.292395191427658,0,0.302115699822961,0,0,0.245518323952475,0,0,0,0,0.159970784796906,0,0
"9","8",0,0,0,0,0,0,0.495818644669024,0,0,0,0.223777661349399,0.280403693981577,0
"10","9",0.301773088593667,0,0,0,0,0.315381358052781,0,0,0,0,0.231441537122735,0.151404016230816,0
"11","10",0,0,0,0,0,0.619476237205289,0.170069255877928,0,0,0,0.210454506916783,0,0
"12","11",0.394845334058199,0,0,0,0,0,0.420040072653448,0,0,0,0.185114593288353,0,0
"13","12",0,0,0,0,0,0.156760505060901,0.240949760311952,0,0,0,0.187157986472618,0.41513174815453,0
"14","13",0.61122140040698,0,0,0,0,0,0.38877859959302,0,0,0,0,0,0
"15","14",0.147441484646469,0,0,0,0,0.183338111146632,0.530685264079392,0,0,0,0.138535140127507,0,0
"16","15",0.293360513166207,0,0,0,0,0.337439212618375,0.165907679225554,0,0,0,0.203292594989864,0,0
"17","16",0,0,0,0,0,0.51110698201782,0.287530002833437,0,0,0,0.201363015148743,0,0
"18","17",0,0,0,0,0,0.394866943444825,0.605133056555175,0,0,0,0,0,0
"19","18",0.489589125697185,0,0.274385027879918,0,0,0,0.0964388860767645,0,0,0,0.139586960346133,0,0
"20","19",0,0,0.187427848978036,0,0,0.558571896464445,0.254000254557519,0,0,0,0,0,0
"21","20",0.797210240568229,0,0,0,0,0.202789759431771,0,0,0,0,0,0,0
"22","21",0.291617306757566,0,0,0,0,0.440439307110433,0.267943386132001,0,0,0,0,0,0
"23","22",0.524963676459308,0,0,0,0,0.203307083933417,0.271729239607275,0,0,0,0,0,0
"24","23",0.425352602171372,0,0,0,0,0,0.373061764149951,0,0,0,0.201585633678677,0,0
"25","24",0,0,0,0,0,0.187344633323349,0.357296097036487,0,0,0,0.214445848331736,0,0.240913421308428
"26","25",0,0,0,0,0,0,0.198354418619336,0,0.379564611049989,0,0.212270600683887,0.209810369646787,0
"27","26",0,0,0,0,0,0.154079864510964,0.35601091753526,0,0,0,0.489909217953776,0,0
"28","27",0.476987017163858,0,0,0,0,0.165733344618919,0.102709958138798,0,0,0,0.254569680078425,0,0
"29","28",0,0,0.121205807804122,0,0,0.395351455400237,0.0252411371125728,0,0,0,0.248394120835669,0,0.2098074788474
"30","29",0.786502794899865,0,0,0,0,0,0.0614399254252663,0,0,0,0.152057279674869,0,0
"31","30",0,0,0,0,0.131949133184445,0.399983979132523,0,0,0,0,0.204256212589227,0.263810675093806,0
"32","31",0,0,0,0,0,0.569880740354234,0.200888876544531,0,0,0,0.229230383101235,0,0
"33","32",0,0,0,0,0,0.230269987529998,0.419740657464624,0,0,0.211422983306404,0.138566371698975,0,0
"34","33",0,0,0,0,0,0.310793445728663,0.107852033827456,0,0.366752584837804,0,0.214601935606077,0,0
"35","34",0,0,0,0,0,0.48166399040355,0,0,0,0,0.51833600959645,0,0
"36","35",0,0,0,0,0,0.154974171953135,0.343562637149997,0,0,0,0.235597023493995,0,0.265866167402873
"37","36",0.239561573681301,0,0,0,0,0.566259849927157,0,0,0,0,0.194178576391543,0,0
"38","37",0.253682894333444,0,0,0,0,0.111456032590682,0.145206848527098,0.132650331391753,0.237761279291693,0,0.119242613865331,0,0
"39","38",0,0,0,0,0,0,0.382480332123373,0.292829273124793,0,0,0.324690394751834,0,0
"40","39",0,0,0,0,0,0.477990254406543,0.0527136210143154,0,0.262839390378226,0,0.206456734200915,0,0
"41","40",0.432488253948549,0,0,0,0,0,0.394336334159871,0,0,0,0.17317541189158,0,0
"42","41",0.25087848430415,0,0,0,0,0.10572386406704,0,0.196483895414463,0,0,0.212336990678507,0.23457676553584,0
"43","42",0.309267143201485,0,0,0,0,0.163473510625439,0.278174190311619,0.249085155861457,0,0,0,0,0
"44","43",0,0,0,0,0,0,0.68119345891632,0,0,0,0.31880654108368,0,0
"45","44",0,0,0,0,0.25930487506186,0,0.417940085169691,0,0,0,0.322755039768449,0,0
"46","45",0,0,0,0,0,0.413524580892874,0.586475419107126,0,0,0,0,0,0
"47","46",0.427994868484006,0,0,0,0,0.384212247881414,0.0219881953313632,0,0,0,0.165804688303216,0,0
"48","47",0,0,0,0,0,0,0.311593670612766,0,0.451351441607091,0,0,0,0.237054887780143
"49","48",0.36464509851791,0,0,0,0,0.414780179115202,0.220574722366888,0,0,0,0,0,0
"50","49",0,0,0,0,0.244046954933407,0,0.326377629672159,0,0.212542168770346,0,0.217033246624087,0,0
"51","50",0.363630521746068,0,0,0,0.179143759828036,0.13379392806543,0.0706986150675766,0,0,0,0.25273317529289,0,0
"52","51",0,0,0,0,0.165709930166755,0.13655303768949,0.387129105649745,0,0,0,0.149695297222972,0.160912629271037,0
"53","52",0.44724720153112,0,0,0,0,0.229108717419957,0.035009764876574,0.177262619504562,0,0,0.111371696667787,0,0
"54","53",0,0,0,0,0.227225306321863,0,0.347747754755023,0,0,0.210978607939011,0.214048330984102,0,0
"55","54",0,0,0,0,0,0.299804494409163,0.562580784393767,0,0,0,0.13761472119707,0,0
"56","55",0.319455981841299,0,0,0,0,0.256820913437317,0.0288974163429875,0.300464215591546,0,0,0.0943614727868514,0,0
"57","56",0.291212576192529,0,0,0,0,0.318813473029492,0.138337355658936,0,0,0,0.251636595119043,0,0
"58","57",0.394845482081644,0,0,0,0,0.137757439773072,0.320395742927914,0,0,0,0.147001335217371,0,0
"59","58",0,0,0,0,0,0.186715167551586,0.410154676470369,0,0,0,0.403130155978046,0,0
"60","59",0,0,0,0,0.253989876718958,0.108245231144464,0.196722094719171,0,0.203494212189718,0,0.237548585227689,0,0
"61","60",0,0,0,0,0,0.180276912964776,0.0995119941783353,0.309472577537148,0,0,0.19909036840463,0.21164814691511,0
"62","61",0,0,0.286510725160563,0,0,0,0,0.519091099188446,0,0,0.19439817565099,0,0
"63","62",0.344654528989032,0,0,0,0,0,0.18561383554924,0,0,0,0.136400924011719,0.170248040219897,0.163082671230112
"64","63",0,0,0,0,0,0.255737943292161,0.581774481314928,0,0,0,0.16248757539291,0,0
"65","64",0.527498417670326,0,0,0,0,0.169304062273082,0.146453666643934,0,0,0,0.156743853412659,0,0
"66","65",0.255946524468602,0,0,0,0,0.507691406946103,0,0,0,0,0,0.236362068585295,0
"67","66",1,0,0,0,0,0,0,0,0,0,0,0,0
"68","67",0,0,0.148144869926848,0,0,0.242864899799978,0.157871013808635,0,0.247383732957894,0,0.203735483506644,0,0
"69","68",0.374238594292386,0,0,0,0,0.120204674606962,0.292418513659458,0,0,0,0,0.213138217441193,0
"70","69",0.169827646902027,0,0,0,0.14735888131767,0,0.223653708607922,0.21182376965645,0,0,0.247335993515931,0,0
"71","70",0.270708211061115,0,0,0,0,0,0.130806947852027,0.210262659378962,0,0,0.23615974922004,0.152062432487856,0
"72","71",0,0,0,0,0,0.318709422951016,0.291906678795077,0,0,0,0.389383898253907,0,0
"73","72",0.380560495538494,0,0,0,0,0,0.101302208881315,0.174562802513785,0,0,0.343574493066407,0,0
"74","73",0.464623805752584,0,0,0,0,0.125714919935518,0.257269975478236,0,0,0,0.152391298833663,0,0
"75","74",0.432305372779994,0,0,0,0,0.326731428914664,0.122320075487982,0,0,0,0.118643122817361,0,0
"76","75",0,0,0,0,0,0.158862467284778,0.39849677899597,0,0,0,0.442640753719252,0,0
"77","76",0,0,0,0,0,0.7233525194193,0.2766474805807,0,0,0,0,0,0
"78","77",0.258537110759,0,0,0,0,0.182494467423963,0.151303725345403,0,0,0,0.407664696471634,0,0
"79","78",0,0,0,0,0,0.335398163778288,0.383540665576236,0,0,0,0.281061170645476,0,0
"80","79",0.24735746435159,0,0,0,0.27068384167106,0.158440709444132,0.0462188001907378,0,0,0,0.27729918434248,0,0
"81","80",0.360023016455391,0,0,0,0,0.313680524685958,0.0567820816267027,0,0,0,0,0.269514377231948,0
"82","81",0.349778452525207,0,0.191250215397695,0,0,0,0.286912687922488,0,0,0,0.172058644154611,0,0
"83","82",0.330716255007747,0,0,0,0,0.170894361243957,0.0163275471408495,0.190294423514126,0.291767413093322,0,0,0,0
"84","83",0.517759556816038,0,0,0,0,0.244997317945124,0.0044930415171966,0,0,0,0.232750083721641,0,0
"85","84",0,0,0.154400648580595,0,0,0,0.130494555164402,0.195126892611483,0.310087652056998,0,0.20989025158652,0,0
"86","85",0.787938602813316,0,0,0,0,0.100822087767102,0,0,0,0,0.111239309419582,0,0
"87","86",0.288757420647407,0,0,0,0,0.319841525949011,0.128207714543519,0,0,0,0.263193338860063,0,0
"88","87",0,0,0,0,0.10558263743804,0,0.0520111968486515,0,0,0,0.568625322524861,0.273780843188447,0
"89","88",0,0,0.218895188817027,0,0,0.390445784476463,0.213716185313325,0,0,0,0.176942841393185,0,0
"90","89",0,0,0,0,0,0.123116811961773,0,0.341746758925097,0,0,0.53513642911313,0,0
"91","90",0,0,0,0,0,0.556803288571482,0.270436975833234,0,0,0,0.172759735595284,0,0
"92","91",0.433441546216384,0,0,0,0,0.14573027164707,0.166952591843548,0,0,0,0.253875590292998,0,0
"93","92",0,0,0,0,0,0,0.283754841256363,0.202117555742972,0,0,0.225271138610061,0,0.288856464390604
"94","93",0,0,0,0,0,0.357999749123459,0.38788405999699,0,0,0,0.25411619087955,0,0
"95","94",0.327338594985232,0.164871711534255,0,0,0,0,0.333684229327262,0,0,0,0.174105464153252,0,0
"96","95",0.30558068870751,0,0,0,0,0.233170380316996,0,0,0.285506644949489,0,0.175742286026005,0,0
"97","96",0,0,0,0,0.137240869955819,0.328229727946579,0.156989296899027,0,0,0,0.138436983550454,0.239103121648119,0
"98","97",0,0,0,0,0,0.239168396547166,0.433921367764277,0,0,0,0.326910235688557,0,0
"99","98",0.231263349473364,0,0.12014569390935,0,0,0,0.276259579528909,0,0,0.24070081645555,0.131630560632827,0,0
"100","99",0.635216372143448,0,0,0,0,0,0.204943565281617,0,0,0,0.159840062574935,0,0
"101","100",0.516031117856095,0,0,0,0.225580471252558,0,0.0757633768480526,0,0,0,0.182625034043295,0,0
"102","101",0.378800737868508,0,0,0,0,0,0.621199262131492,0,0,0,0,0,0
"103","102",0,0,0,0,0,0.416373909531162,0.187655686649707,0,0,0,0.206284619702643,0.189685784116488,0
"104","103",0,0,0,0,0,0.448232582300996,0.231574543952753,0,0,0,0,0,0.320192873746251
"105","104",0,0,0,0,0,0.20830195690001,0.441121160566188,0,0,0,0.350576882533803,0,0
"106","105",0,0,0,0,0,0,0.195967197891511,0.291510120503142,0,0,0.512522681605348,0,0
"107","106",0,0,0,0,0.156850142053601,0,0.203910895130234,0.253122486544977,0,0,0.251146395697927,0,0.134970080573261
"108","107",0,0,0,0,0,0,1,0,0,0,0,0,0
"109","108",0,0,0,0,0,0.313582278465016,0.45389060934611,0,0,0,0.232527112188874,0,0
"110","109",0.519790278859726,0,0,0,0,0.271405496132933,0,0,0,0,0.208804225007341,0,0
"111","110",0.354157616012582,0,0,0,0,0.326463684420244,0.0307483754988012,0,0.288630324068372,0,0,0,0
"112","111",0.380847787072746,0,0,0,0,0,0.147834925563647,0,0.309408881050901,0,0.161908406312706,0,0
"113","112",0,0,0,0,0,0,0.275136490090759,0,0.565361366991137,0,0.159502142918104,0,0
"114","113",0,0,0,0,0,0.539692726309607,0.460307273690393,0,0,0,0,0,0
"115","114",0,0,0,0,0,0.4214977557892,0.5785022442108,0,0,0,0,0,0
"116","115",0.298863834489977,0,0,0,0,0.454602173867271,-3.8838710031911e-18,0,0,0,0.246533991642752,0,0
"117","116",0,0,0,0,0.147766112402592,0,0.183655193995284,0,0,0.206289637496024,0.4622890561061,0,0
"118","117",0,0,0,0,0,0.593195857116435,0,0,0,0,0,0,0.406804142883565
"119","118",0.289890891872745,0,0,0,0,0,0.0723721196971393,0.246478627839152,0,0.188349304810542,0.202909055780422,0,0
"120","119",0,0,0,0,0,0.81958362486689,0.18041637513311,0,0,0,0,0,0
"121","120",0.270412124845722,0,0,0,0,0.417367934661056,0,0,0,0,0.168495366879033,0.143724573614188,0
"122","121",0.188008632054267,0,0,0,0,0.231834938316899,0,0,0,0.180110896064477,0.180543591858138,0.21950194170622,0
"123","122",0.259744604925918,0,0,0,0.30821803567158,0,0.0491523623352944,0.179703981713877,0,0,0.203181015353331,0,0
"124","123",0.236287428878794,0,0.242509502009781,0,0,0,0.0908491930844123,0.222715032763039,0,0,0.207638843263974,0,0
"125","124",0,0,0,0,0,0,0.359543541993854,0,0,0,0.139389469295262,0.501066988710884,0
"126","125",0,0,0,0,0,0.259740870210897,0.38339419305083,0,0,0,0.356864936738273,0,0
"127","126",0.355537631890304,0,0,0,0,0.143584867917006,0.0790131784244063,0,0,0,0.203132841825562,0.218731479942722,0
"128","127",0,0,0,0,0,0.239450350623096,0.166609585115127,0,0,0,0.23535120952065,0.358588854741127,0
"129","128",0,0,0.379996117748765,0,0,0,0,0,0,0,0.278960165698448,0.341043716552787,0
"130","129",0,0,0,0,0,0,0.545197208286307,0.298148974267909,0,0,0.156653817445784,0,0
"131","130",0.580456456556552,0,0,0,0,0,0.213851132575038,0,0,0,0.20569241086841,0,0
"132","131",0.643602672289134,0,0,0,0,0.138490592457196,0.0146044234574006,0,0,0,0.20330231179627,0,0
"133","132",0,0,0,0,0,0.21732036212599,0.351317944129316,0,0,0,0.21279358676736,0.218568106977334,0
"134","133",0,0,0,0,0,0.223183477747511,0.21946090398085,0,0,0,0,0.202068649084978,0.35528696918666
"135","134",0,0,0,0,0,0,0.402570058738292,0,0.367421346351328,0,0.23000859491038,0,0
"136","135",0.208166509596162,0,0,0,0,0.165926676439955,0.253623731297968,0,0,0,0.184515128823278,0.187767953842638,0
"137","136",0.358467978438232,0,0,0,0,0,0.169692999257321,0,0.229340874686047,0,0.242498147618399,0,0
"138","137",0.345478911193252,0,0,0,0.340131673342037,0.115052996645477,0,0,0,0,0.199336418819234,0,0
"139","138",0.50443539787144,0,0.189368620608957,0,0,0.140652306657536,0,0,0,0,0.165543674862067,0,0
"140","139",0,0,0,0,0,0.315265273525463,0.338549028200917,0,0,0,0.34618569827362,0,0
"141","140",0.360333671825512,0,0,0,0,0.166145914536384,0.268733826137969,0,0,0,0.204786587500134,0,0
"142","141",0,0,0,0,0,0.44885950643506,0.55114049356494,0,0,0,0,0,0
"143","142",0,0,0,0,0,0.310251990430644,0.478188917036475,0,0,0,0.211559092532882,0,0
"144","143",0,0,0,0,0,0.151878498551363,0.230744279736912,0.205731258189745,0,0,0.41164596352198,0,0
"145","144",0,0,0.226172341498526,0,0,0.355111009235675,0.207105817052944,0,0.211610832212855,0,0,0,0
"146","145",0.357052651165586,0,0,0,0,0,0,0.230227806772145,0.243717829425611,0,0.169001712636657,0,0
"147","146",0,0,0,0,0,0.809835576690742,0.190164423309258,0,0,0,0,0,0
"148","147",0,0,0,0,0,0.63409942510437,0.179078082221315,0,0,0,0.186822492674315,0,0
"149","148",0,0,0,0,0,0,0.0622617351906117,0.277436644315624,0,0,0.469112167031951,0.191189453461814,0
"150","149",0.25809237778727,0,0,0,0.123129313368042,0,0.389534201439424,0,0,0,0.229244107405264,0,0
"151","150",0.361357177008005,0,0,0,0,0.131424009441783,0.191055921009449,0,0,0,0.316162892540763,0,0
"152","151",0,0,0.117775810028248,0,0,0,0.143711432547187,0.300633236735959,0,0,0.200868099937628,0.237011420750978,0
"153","152",0.816906996308096,0,0,0,0,0.178343328326352,0.00474967536555207,0,0,0,0,0,0
"154","153",0,0,0,0,0,0.259028574013428,0.453647603067089,0,0,0,0.287323822919483,0,0
"155","154",0,0,0.230003397234272,0,0,0.198877637252633,0,0,0,0,0.265306600722386,0.305812364790709,0
"156","155",0.503153261168989,0,0,0,0,0,0.0100253830473084,0.287762210573472,0,0,0.199059145210231,0,0
"157","156",0,0,0,0,0,0.12281992522941,0.262356956391859,0.243669318459583,0.214389390732619,0,0.156764409186529,0,0
"158","157",0,0,0,0,0,0.192976275100238,0.208402987359059,0,0,0,0.243437474246614,0.355183263294089,0
"159","158",0.258495434834782,0,0,0,0,0.167584033856247,0.221969812719824,0.127327802864794,0,0,0.224622915724354,0,0
"160","159",0.377792418941385,0,0,0,0,0.238753917756764,0,0.263371712158292,0,0,0.120081951143559,0,0
"161","160",0.448418964130101,0,0.215017915534231,0,0,0,0.0321616359049164,0,0,0,0.304401484430752,0,0
"162","161",0,0,0,0,0,0.387309443221071,0.0532440038585202,0,0,0,0.392995480165222,0,0.166451072755187
"163","162",0,0,0,0,0,0.434384991512718,0.0644203322782492,0,0,0,0.501194676209033,0,0
"164","163",0.334980359933323,0,0,0,0,0.105955770119123,0.115445918930551,0,0,0,0.20237615638768,0.241241794629322,0
"165","164",0,0,0,0,0,0.139895731707169,0.619742449980427,0,0,0,0.240361818312404,0,0
"166","165",0,0,0,0,0,0.407233510937435,0.353422191975651,0,0,0,0.239344297086914,0,0
"167","166",0.467043214313611,0,0,0,0,0.199518486497646,0.133511377530655,0,0,0,0,0,0.199926921658088
"168","167",0,0,0,0,0,0.501185937965537,0.225706133998818,0,0,0,0,0,0.273107928035645
"169","168",0,0,0,0,0,0,0.27764926772304,0.528457102838404,0,0,0.193893629438555,0,0
"170","169",0,0,0.237538191062058,0,0,0,0.371829556396023,0,0,0,0.390632252541918,0,0
"171","170",0.404917249990359,0,0,0,0,0.431444193391306,-5.57761058717386e-18,0,0,0,0.163638556618335,0,0
"172","171",0,0,0,0,0,0,0.57869742853288,0,0.42130257146712,0,0,0,0
"173","172",0.588093636941539,0,0,0,0,0.360795759090217,0.051110603968244,0,0,0,0,0,0
"174","173",0.236679369159096,0,0,0,0.0970269089743681,0,0.354958808074672,0,0,0,0.311334913791863,0,0
"175","174",0,0,0,0,0,0.411674798900452,0,0,0.34017566941074,0,0,0,0.248149531688809
"176","175",0.275989088341351,0,0,0,0,0.351650339031286,0.115647146294161,0,0,0,0.256713426333202,0,0
"177","176",0.257132624845157,0,0,0,0,0,0.566239445696566,0,0,0,0,0.176627929458277,0
"178","177",0,0,0,0,0,0.173409716410393,0.199661514092356,0,0,0,0.240578569972551,0.386350199524701,0
"179","178",0,0,0,0,0,0,0.344736470975676,0.306866157132731,0,0,0,0.348397371891593,0
"180","179",0.43596210642309,0,0,0,0,0,0.223564691202228,0,0,0,0.186223493167188,0.154249709207494,0
"181","180",0.495253395431985,0,0,0,0,0.296528728493984,0.0351994510306618,0,0,0,0,0.173018425043369,0
"182","181",0.233593060473016,0,0,0,0,0.245424506415852,0,0.213536727309827,0,0,0.307445705801305,0,0
"183","182",0.156916915685739,0,0,0,0,0.309927506762374,0,0,0,0.106322478946418,0.145083713094457,0.281749385511013,0
"184","183",0.270585983759587,0,0,0,0,0.284751068600012,0,0,0,0,0.206663396844264,0.237999550796137,0
"185","184",0,0,0,0,0,0.299229224321824,0.196412478200442,0,0,0,0.260720150626145,0.243638146851588,0
"186","185",0,0,0,0,0,0.16992345928569,0.2678579100501,0,0,0,0,0.278033234443578,0.284185396220632
"187","186",0.579520487951977,0,0,0,0,0,0.420479512048023,0,0,0,0,0,0
"188","187",0,0,0,0,0,0.488218965249279,0.333679828017725,0,0,0,0.178101206732996,0,0
"189","188",0,0,0.21221986418526,0,0,0.133053631183258,0.350667570922464,0,0,0,0.304058933709018,0,0
"190","189",0.491526431293194,0,0,0,0.288895527243119,0,0,0,0,0,0.219578041463688,0,0
"191","190",0.303896598617485,0,0,0,0,0,0.424237575298717,0,0,0,0.271865826083797,0,0
"192","191",0,0,0,0,0,0.186064543096613,0.210276503446227,0,0,0,0.315084794878254,0,0.288574158578906
"193","192",0,0,0,0,0,0.253099011767458,0,0,0,0,0.248018445988887,0.498882542243655,0
"194","193",0,0,0,0,0,0.868662668569013,0.131337331430987,0,0,0,0,0,0
"195","194",0,0,0.201218493341956,0,0,0.33956753800225,0.263854162567888,0,0,0,0.195359806087905,0,0
"196","195",0.231070611161961,0,0,0,0.110078914163981,0.180587496636502,0,0,0,0,0.247715945951534,0.230547032086021,0
"197","196",0,0,0.245989672277264,0,0,0,0.417416183407988,0.201199511065781,0,0,0.135394633248967,0,0
"198","197",0.264269621020368,0,0,0,0,0.357880838757211,0.377849540222421,0,0,0,0,0,0
"199","198",0.397260223941024,0,0,0,0,0.215353795490264,0.0891408155644506,0,0,0,0.298245165004262,0,0
"200","199",0.269579987236897,0,0,0,0,0.267708324303375,0.166037886476328,0,0,0,0.122751368655388,0,0.173922433328012
"201","200",0,0,0,0,0,0.426593913479227,0.378760457964283,0,0,0,0.19464562855649,0,0
"202","201",0.515322417783673,0,0,0,0,0,0.357494868331683,0,0,0,0.127182713884644,0,0
"203","202",0,0,0,0,0,0.31782945292885,0,0,0,0,0.140740776976826,0.541429770094324,0
"204","203",0.313853123679784,0,0,0,0,0.445864975804728,0,0,0,0,0.240281900515487,0,0
"205","204",0.481869030344162,0,0,0,0.194928171912841,0.323202797742997,0,0,0,0,0,0,0
"206","205",0.59474856896507,0,0,0,0,0.339636942992547,0.0656144880423832,0,0,0,0,0,0
"207","206",0,0,0,0,0,0.0991229751241411,0.479293206755992,0,0,0,0.127601243872035,0.293982574247831,0
"208","207",0.421957180986932,0,0,0,0,0,0.0894240123743473,0,0,0.188252690902353,0,0,0.300366115736368
"209","208",0,0,0,0,0.396201733067338,0.11313079426629,0.165980506170444,0,0,0,0.324686966495928,0,0
"210","209",0.352351012089271,0,0,0,0,0,0.202140545237417,0,0,0,0.139882093438793,0.164180687262093,0.141445661972427
"211","210",0,0,0,0,0,0.41404557719514,0.0338756338892764,0,0,0,0,0.350200100598003,0.20187868831758
"212","211",0.859750575762426,0,0,0,0,0,0.016808671626894,0,0,0,0.12344075261068,0,0
"213","212",0.271459404335948,0,0,0,0,0,0.286525472649651,0,0,0,0.201192736173207,0,0.240822386841195
"214","213",0.835140203130379,0,0,0,0,0.151665611583124,0.0131941852864969,0,0,0,0,0,0
"215","214",0,0,0,0,0,0.677791618258692,0.322208381741308,0,0,0,0,0,0
"216","215",0.281075999723658,0,0,0,0,0,0.118895445248972,0.230383741464174,0,0,0.146616411053722,0.223028402509473,0
"217","216",0,0,0,0,0,0.30381504224791,0.242946135269563,0,0,0,0.453238822482527,0,0
"218","217",0,0,0,0,0,0,0.738635141747567,0,0,0,0.261364858252433,0,0
"219","218",0,0,0.113222577482927,0,0,0.300824381746461,0,0.264128990985352,0,0.159893584447803,0.161930465337457,0,0
"220","219",0.274290262353046,0,0,0,0,0.194650588847143,0,0,0,0,0.107773831230549,0.235095661216008,0.188189656353254
"221","220",0.451931686003743,0,0,0,0,0.172628728537861,0.186543127631577,0,0,0,0.18889645782682,0,0
"222","221",0,0,0,0,0,0,0.452807111991165,0.547192888008835,0,0,0,0,0
"223","222",0,0,0,0,0,0,0.618622606754147,0,0,0,0.147539160530434,0.233838232715419,0
"224","223",0,0,0,0,0,0,0.22985287034332,0,0.528578132046565,0,0.241568997610115,0,0
"225","224",0,0,0,0,0,0.187365330183581,0.233047349280278,0,0.402453317033585,0,0.177134003502557,0,0
"226","225",0,0,0,0,0,0.198971533331725,0.204963850248499,0,0.446597567448925,0,0.14946704897085,0,0
"227","226",0,0,0,0,0,0.37109852821626,0.150771511374017,0,0.260850579504782,0,0,0,0.217279380904941
"228","227",0.451662910631352,0,0,0,0,0.124144705389125,0.279770607700543,0,0,0,0.14442177627898,0,0
"229","228",0,0,0.176351503709866,0,0,0.213395791194828,0.101572970986839,0,0,0,0.210715918163682,0.297963815944786,0
"230","229",0.447071556350855,0,0,0,0,0.0872758396639366,0.0541681161884735,0.132364565000974,0,0,0.279119922795761,0,0
"231","230",0.269228573004387,0,0.126648100693681,0,0,0.23488639989329,0,0,0,0,0.148032044175064,0.221204882233577,0
"232","231",0,0,0,0,0,0.37855691385732,0.401507879235946,0,0,0,0.219935206906734,0,0
"233","232",0,0,0,0,0,0.193248073899476,0.371888703348185,0,0,0.137781364292596,0.133129187685997,0,0.163952670773746
"234","233",0.450587506614026,0,0,0,0,0.135959232551663,0.227520075204495,0,0.185933185629816,0,0,0,0
"235","234",0.612288691919968,0,0.0899031429082847,0,0,0.166643217142971,0,0,0,0,0.131164948028776,0,0
"236","235",0.196406199067274,0,0,0,0.192591326356742,0.115813047180097,0.215661045159688,0,0,0,0.279528382236198,0,0
"237","236",0.643365473924371,0,0,0,0,0.356634526075629,0,0,0,0,0,0,0
"238","237",0.268514438090178,0,0,0,0.142325238186529,0.187294845163664,0,0,0,0,0.207100521061782,0.194764957497848,0
"239","238",0.452746263100711,0,0,0,0,0,0.18973919664889,0,0,0,0.357514540250399,0,0
"240","239",0,0,0,0,0,0,0.295229630210016,0,0.294698183153089,0,0.141399898278655,0.268672288358239,0
"241","240",0,0,0,0,0,0.396880141211244,0.428016906376536,0,0,0,0.17510295241222,0,0
"242","241",0,0,0,0,0,0.766492658738135,0.0576559455222172,0,0,0,0.175851395739648,0,0
"243","242",0.356581540048189,0,0.108322586004588,0,0,0.253026918005121,0,0,0,0,0.282068955942102,0,0
"244","243",0.444568660214913,0,0,0,0,0.494541692188931,0.0608896475961553,0,0,0,0,0,0
"245","244",0,0,0.300120590632774,0,0,0,0.199174431322392,0.328472714927404,0,0,0.17223226311743,0,0
"246","245",0.251841649654039,0,0,0,0.0936349451486982,0,0.24833984364218,0,0,0,0.195413194469758,0.210770367085324,0
"247","246",0,0,0.383136162339756,0,0,0,0.616863837660244,0,0,0,0,0,0
"248","247",0.612637168692093,0,0,0,0,0.312340019085125,0.0750228122227815,0,0,0,0,0,0
"249","248",0,0,0,0,0,0.222566676022057,0.441481559364536,0,0.335951764613407,0,0,0,0
"250","249",0,0,0,0,0,0.25981765343039,0.437850678918938,0,0,0,0.302331667650671,0,0
"251","250",0.388111686189023,0,0,0,0,0.401469184385649,0,0,0,0,0.210419129425328,0,0
"252","251",0,0,0,0,0,0,0.704018888098708,0,0,0,0.295981111901292,0,0
"253","252",0.354979305608907,0,0,0,0,0.19614465705644,0.261927252184751,0,0.186948785149902,0,0,0,0
"254","253",0.202180327215416,0,0,0,0,0,0.0723575789165425,0,0.245530051948212,0,0.148023991416607,0.331908050503222,0
"255","254",0.235118991027901,0,0,0,0,0.307691393176231,0,0,0,0,0.166342150643046,0.290847465152822,0
"256","255",0.400876064142736,0,0,0,0,0.14199315228802,0.0553543448551901,0.231926816055449,0,0,0.169849622658606,0,0
"257","256",0.2526400088555,0,0,0,0,0.618631229019193,0.00102537990276188,0,0,0,0.127703382222545,0,0
"258","257",0,0,0,0,0,0.324026423746341,0.276175756306946,0,0,0,0.399797819946713,0,0
"259","258",0,0,0,0,0,0.164405718119198,0.413003409407416,0,0,0,0.422590872473385,0,0
"260","259",0.49010051811355,0,0,0,0.179855378330095,0.146406725775235,0,0,0,0,0.18363737778112,0,0
"261","260",0,0,0,0,0,0.115583408474179,0.31771750352905,0,0,0.210756961676042,0.153686328660337,0,0.202255797660391
"262","261",0.993921826670684,0,0,0,0,0,0.00607817332931585,0,0,0,0,0,0
"263","262",1,0,0,0,0,0,0,0,0,0,0,0,0
"264","263",0,0,0,0,0,0.277798751764801,0.470827184530181,0,0,0,0.251374063705019,0,0
"265","264",0.47964306913756,0,0,0,0,0.52035693086244,0,0,0,0,0,0,0
"266","265",0.613510426861216,0,0,0,0,0.151287781157372,0.100539082293215,0,0,0,0.134662709688198,0,0
"267","266",0,0,0,0,0,0.547395583963549,0.0974058866385948,0,0,0,0.165283469287684,0.189915060110172,0
"268","267",0.465822486259737,0,0.191276241338978,0,0,0,0.199059230663577,0,0,0,0.143842041737708,0,0
"269","268",0,0,0,0,0,0.120077771864711,0.214358823817919,0,0.291980427927423,0,0.373582976389948,0,0
"270","269",0,0,0.318769895919032,0,0,0,0.259972035684353,0,0.296935336682833,0,0.124322731713782,0,0
"271","270",0.495086903340614,0,0,0,0,0.151712722787151,0,0,0,0,0.353200373872235,0,0
"272","271",0.337872025445233,0,0,0,0,0.177891291530372,0,0,0.148501078421094,0,0.0947204109041259,0.241015193699175,0
"273","272",0,0,0,0,0.297773065291513,0.286946831174838,0.264890365733659,0,0,0,0.15038973779999,0,0
"274","273",0.351044788465398,0,0,0,0,0.179363770019672,0.333761930584744,0,0,0,0.135829510930186,0,0
"275","274",0.564226695482122,0,0,0,0,0.142434855477859,0.0921121531890376,0,0,0,0.201226295850981,0,0
"276","275",0.378791553368079,0,0,0,0,0,-1.28605890293235e-18,0.232093771704415,0,0,0.389114674927506,0,0
"277","276",0,0,0,0,0.31242587177479,0.176855565051048,0.266259213302992,0,0,0,0.24445934987117,0,0
"278","277",0,0,0,0,0.293631232118018,0,0.0738595927061631,0,0,0,0.276168739855095,0.356340435320723,0
"279","278",0,0,0,0,0,0.2034976583348,0.359172665165814,0,0.30041298427709,0,0.136916692222296,0,0
"280","279",0,0,0,0,0,0.215681447101226,0.175207933915093,0,0.430812533895497,0,0.178298085088185,0,0
"281","280",0,0,0.203526742450058,0,0,0,0.518643811567499,0,0,0,0.125881810753121,0.151947635229322,0
"282","281",0,0,0.39477266996007,0,0,0.352491558444527,0.252735771595404,0,0,0,0,0,0
"283","282",0,0,0,0,0,0.227400198319484,0.441700854609722,0,0,0,0.136183742173077,0.194715204897718,0
"284","283",0,0,0,0,0,0,0.195475334417242,0.540798782613743,0.263725882969014,0,0,0,0
"285","284",0,0,0,0,0,0,0.297864111908891,0.179868613424559,0,0,0.236763334287599,0,0.285503940378952
"286","285",0.523595483227603,0,0,0,0,0,0.307001592743251,0,0,0,0.169402924029146,0,0
"287","286",0.297796519775982,0,0,0,0,0.246743266544926,0.121069972975298,0,0.212420160079918,0,0.121970080623875,0,0
"288","287",0.432697939225586,0,0,0,0,0.241884741737625,0.00547383059336007,0,0,0,0.159624409196261,0.160319079247168,0
"289","288",0,0,0,0,0,0.392503645951936,0,0,0,0,0.231636044358198,0.375860309689866,0
"290","289",0,0,0,0,0.34702681273626,0.333055913518775,0.115938073355393,0,0,0,0.203979200389571,0,0
"291","290",0,0,0,0,0,0.353617679973494,0.507826656179768,0,0,0,0.138555663846738,0,0
"292","291",0.388601315717359,0,0.318857581480301,0,0,0,0.0341436584269556,0,0,0,0.258397444375385,0,0
"293","292",0.551989039017579,0,0.193529291010164,0,0,0,0.254481669972257,0,0,0,0,0,0
"294","293",0,0,0,0,0,0,0.371066182164085,0,0,0,0.344925276312582,0,0.284008541523332
"295","294",0.27301140765348,0,0,0,0,0.263945294381847,0.299573803436475,0,0,0,0.163469494528197,0,0
"296","295",0,0,0,0,0,0.330588415663689,0.425367213175921,0,0,0,0.244044371160391,0,0
"297","296",0,0,0.179992656310659,0,0,0.150890607028149,0.307468035348231,0.187186355995893,0,0,0.174462345317068,0,0
"298","297",0,0,0,0,0,0.16773192522889,0.560297077329815,0,0,0,0.271970997441294,0,0
"299","298",0.259848122351793,0,0,0,0,0,0.222597634975209,0,0,0,0.18594663497611,0.331607607696888,0
"300","299",0,0,0.213263022499348,0,0,0,0.27415533662068,0,0,0.333284516793112,0.17929712408686,0,0
"301","300",0.226290645175164,0,0,0,0,0.376838970880775,0.249153505436775,0,0,0,0.147716878507286,0,0
"302","301",0.555684102987697,0,0,0,0,0.283077470768492,0,0,0,0,0.161238426243811,0,0
"303","302",0.395807902908189,0,0,0,0,0.21563566563868,0.193379886907195,0,0,0,0.195176544545937,0,0
"304","303",0,0,0.281273204436547,0,0,0.10779601328164,0,0,0,0,0.395841823117283,0.215088959164529,0
"305","304",0.351245669998589,0,0,0,0,0.288261616341713,0.360492713659698,0,0,0,0,0,0
"306","305",0.766890459298623,0,0,0,0,0,0.0583743443121982,0,0,0,0.174735196389179,0,0
"307","306",0,0,0,0,0,0.575028474228648,0.0949578585723064,0.330013667199046,0,0,0,0,0
"308","307",0,0,0,0,0,0.197909417467044,0.443264025002616,0,0,0,0.35882655753034,0,0
"309","308",0,0,0,0,0,0.390337874396576,0.369819407870534,0,0,0,0.23984271773289,0,0
"310","309",0.391407392956843,0,0,0,0,0,0.153317056702592,0.329691885211934,0,0,0.125583665128632,0,0
"311","310",0.343259892285148,0,0,0,0,0.363725097228779,0.080635266649981,0,0,0,0.212379743836092,0,0
"312","311",0,0,0,0,0,0.300123874768018,0,0,0.332414486476605,0.244909216846883,0.122552421908493,0,0
"313","312",0,0,0,0,0,0.118554177376538,0.274761242740046,0.182581863039425,0,0,0.237803005407722,0.186299711436269,0
"314","313",0.226021404979615,0,0,0,0,0.186931527188617,0.198893847409493,0,0,0,0.388153220422276,0,0
"315","314",0,0,0,0,0,0,0.279392509592131,0,0.24334852250194,0.477258967905929,0,0,0
"316","315",0,0,0,0,0,0,0.652196857069265,0.347803142930735,0,0,0,0,0
"317","316",0,0,0,0,0,0.52208299623336,0.241916691100746,0,0,0,0.236000312665894,0,0
"318","317",0,0,0,0,0,0.150650713100213,0.666153915212866,0,0,0,0.18319537168692,0,0
"319","318",0,0,0,0,0.153469132209611,0.331560166688478,0.0832600443678182,0,0,0,0.217143202713386,0.214567454020707,0
"320","319",0.300363977566827,0,0,0,0,0.105739816217447,0.368616037802011,0,0,0,0.225280168413716,0,0
"321","320",0,0,0,0,0,0.24130021266888,0.409777036399309,0,0.223176133221471,0,0.125746617710341,0,0
"322","321",0.284632395078304,0,0,0,0,0.306581142554027,0.0989789278566467,0.141541416420699,0,0,0.168266118090323,0,0
"323","322",0.341182586076722,0,0,0,0,0.397937183592528,0.113302850276881,0,0,0,0.147577380053869,0,0
"324","323",0,0,0,0,0,0.28026426488691,0.231026994919337,0,0,0,0.488708740193752,0,0
"325","324",0,0,0,0,0,0.530331049501262,0.287755277216282,0,0,0,0.181913673282456,0,0
"326","325",0,0,0,0,0,0.272501364326946,0.301848997850035,0,0,0,0.149920730074942,0.275728907748077,0
"327","326",0,0,0,0,0,0.49506936771166,0.50493063228834,0,0,0,0,0,0
"328","327",0.867581549894455,0,0,0,0,0,0,0,0,0,0.132418450105545,0,0
"329","328",0.260750324219683,0,0,0,0,0.313470302788329,0.0533397572985149,0,0,0,0.193708778495473,0,0.178730837197999
"330","329",0.591195960594109,0,0,0,0,0.408804039405891,0,0,0,0,0,0,0
"331","330",0,0,0,0,0,0.418331081110464,0.15955911988294,0,0,0.280893958263652,0.141215840742944,0,0
"332","331",0,0,0.16830338215546,0,0,0.242160367167462,0.249246668061773,0,0,0,0.340289582615305,0,0
"333","332",0,0,0,0,0,0.273296616928204,0.424079664507408,0,0,0,0.302623718564388,0,0
"334","333",0,0,0.243181095996932,0,0,0,0.545950278311417,0,0,0,0.210868625691651,0,0
"335","334",0,0,0,0,0,0.337427306388824,0.116473429674884,0,0.378416283604588,0,0.167682980331704,0,0
"336","335",0.377621112562536,0,0,0,0,0.235740782709858,0,0,0,0,0.386638104727606,0,0
"337","336",0.679203986665359,0,0,0,0,0,0.0707686294131589,0,0,0,0,0.250027383921482,0
"338","337",0,0,0,0,0,0,0.238221541056326,0.212160018899064,0,0,0.171128040237435,0,0.378490399807174
"339","338",0,0,0,0,0,0,0.337812392290182,0,0.47289155120213,0,0.189296056507688,0,0
"340","339",0.434481592500148,0,0,0,0,0,0.198880445523084,0,0,0,0.366637961976768,0,0
"341","340",0,0,0,0,0.229568314077477,0,0.362351608112923,0,0,0,0.4080800778096,0,0
"342","341",0.366758201078874,0,0,0,0,0,0.125871335894556,0,0,0,0.193278700823939,0.314091762202631,0
"343","342",0,0,0,0,0,0.354556608884825,0.023157070511308,0,0,0,0.371726888939325,0,0.250559431664543
"344","343",0.239446667874111,0,0,0,0,0.327150710964369,0,0,0,0,0.164495716167844,0.268906904993676,0
"345","344",0,0,0,0,0,0.265834364071811,0,0.256507012490931,0,0,0.23951921153083,0.238139411906428,0
"346","345",0,0,0.224779936276024,0,0,0.198909746027084,0.331308899484639,0,0,0,0.245001418212253,0,0
"347","346",0,0,0,0,0,0.124579051157612,0.0952468725744866,0,0,0,0.418670252402254,0.190802710801095,0.170701113064552
"348","347",0.390752917239296,0,0,0,0,0.0997009270729034,0.30586834158456,0,0,0,0.203677814103241,0,0
"349","348",0.46002258919373,0,0,0,0,0.133028600726624,0,0,0,0,0.406948810079646,0,0
"350","349",0,0,0,0,0,0.174827684569457,0.414480838624964,0,0,0,0.226675042995525,0,0.184016433810054
"351","350",0.325186541740295,0,0,0,0,0.346533153751952,0.081757481329219,0,0,0,0.246522823178533,0,0
"352","351",0.399013473035896,0,0,0,0,0.17445039522769,0.211703142181063,0,0,0,0.214832989555352,0,0
"353","352",0.574056660685143,0,0,0,0,0.228802043814945,0.197141295499912,0,0,0,0,0,0
"354","353",0.274160083650108,0,0,0,0,0.29804169544428,0.184303317085222,0.24349490382039,0,0,0,0,0
"355","354",0,0,0,0,0.181635342930812,0,0.285826836471386,0.156040573304396,0,0,0.170792962203301,0,0.205704285090105
"356","355",0.35343121799287,0,0.181005334919364,0,0,0,0.291922789285004,0,0,0,0.173640657802762,0,0
"357","356",0.246673462097859,0,0,0,0,0.150307513491208,0.258680406144335,0,0.192578179791834,0,0.151760438474765,0,0
"358","357",0.470564729439295,0,0,0,0.153068374809169,0.241011847038045,0.0283511160898363,0,0,0,0,0.107003932623654,0
"359","358",0.336965706008491,0,0,0,0,0.137278909303818,0.225741152370635,0,0,0,0.300014232317056,0,0
"360","359",0,0,0,0,0,0.233057397730371,0.282036029862952,0,0,0,0.484906572406677,0,0
"361","360",0.289555594827284,0,0,0,0,0.344632664192472,0.0256754540490066,0,0.179591850062197,0,0,0,0.160544436869041
"362","361",0.456552439505104,0,0.254960205863648,0,0,0,0.0483325998405729,0,0,0,0.240154754790675,0,0
"363","362",0.127720260128893,0.267008254507467,0,0,0,0.173470165844349,0.081370959068994,0,0,0,0.19572967450517,0.154700685945127,0
"364","363",0,0,0,0,0,0.248365525169277,0.480101429823956,0,0,0,0.271533045006768,0,0
"365","364",0,0,0,0,0,0.220192276743698,0.570614398447117,0,0,0,0.209193324809184,0,0
"366","365",0.374152721874203,0,0,0,0,0,0.287785292316726,0,0,0.20199926621346,0.136062719595611,0,0
"367","366",0.283148547311071,0,0.383712177830319,0,0,0,0.119339707510065,0,0,0,0.213799567348546,0,0
"368","367",0,0,0,0,0,0,0.179204415148619,0.265612153105646,0,0,0.555183431745734,0,0
"369","368",0,0,0,0,0,0.253428671114307,0.540621039262856,0,0,0,0.205950289622838,0,0
"370","369",0.316876756891129,0,0,0,0,0,0.184272687726454,0.319698337614865,0,0,0.179152217767551,0,0
"371","370",0,0,0,0,0,0.269677965225117,0.120243317552145,0,0,0.132215327538737,0.205904736367969,0.271958653316031,0
"372","371",0,0,0,0,0,0.447489986893736,0.103584059324859,0.247870832785795,0,0,0.201055120995611,0,0
"373","372",0,0,0,0,0,0,0.403656430143865,0.254107045045676,0,0,0.342236524810459,0,0
"374","373",0,0,0,0,0,0.149130414260112,0.442838834072176,0,0,0,0.408030751667712,0,0
"375","374",0.489266073642922,0,0,0,0,0,0.298924152105168,0,0,0,0.21180977425191,0,0
"376","375",0,0,0,0,0,0,0.306890740245421,0.40437557623302,0.138941359238264,0,0.149792324283296,0,0
"377","376",0.190065878481982,0,0.0998147145235332,0,0,0.195682943109637,0.102799957755905,0.288801955624638,0,0,0.122834550504305,0,0
"378","377",0.501243743730166,0,0,0,0,0,0.278136528080154,0,0,0,0.22061972818968,0,0
"379","378",0,0,0,0,0,0.205971834966424,0.164914600132585,0,0,0,0.154793449082197,0.474320115818794,0
"380","379",0,0,0,0,0,0,0.616322699688677,0.383677300311323,0,0,0,0,0
"381","380",0.483322611475487,0,0,0,0,0,0.115438973652673,0,0.220631141360958,0,0.180607273510881,0,0
"382","381",0.370727051867226,0,0,0,0,0.206360045458044,0.0517847884914501,0,0,0,0.148316443770926,0.222811670412354,0
"383","382",0,0,0,0,0,0.251869140972105,0.748130859027895,0,0,0,0,0,0
"384","383",0.428831334848932,0,0,0,0,0.1933929636852,0,0,0,0,0.198016436536302,0.179759264929566,0
"385","384",0.283418610249929,0,0,0,0,0.101512347301243,0.493011785833598,0,0,0,0.12205725661523,0,0
"386","385",0,0,0,0,0,0.195096459751679,0.25424963748395,0,0.41520145897805,0,0.13545244378632,0,0
"387","386",0,0,0,0,0,0,0.473522168726248,0,0,0,0.27385009198697,0,0.252627739286782
"388","387",0,0,0,0,0,0.183477232106144,0.311437034661425,0,0,0,0.157388498743611,0.34769723448882,0
"389","388",0.296911791548123,0,0,0,0,0,0.403058345673078,0,0.152660141253153,0,0.147369721525646,0,0
"390","389",0.825408878751071,0,0,0,0,0,0,0,0,0,0.174591121248929,0,0
"391","390",0.297457428408262,0,0,0,0,0.397182721959061,-4.86055328729222e-18,0,0,0.151416847905287,0.15394300172739,0,0
"392","391",0,0,0,0,0.137618217765637,0.254748779690216,0.188436449724129,0,0,0,0.17997224822968,0.239224304590338,0
"393","392",0,0,0,0,0,0.178568592963306,0.36636045474156,0,0,0,0.455070952295134,0,0
"394","393",0.543775919995655,0,0,0,0,0.138653718209334,0.0389345032822178,0,0,0,0.278635858512794,0,0
"395","394",0,0,0,0,0,0.226459415572433,0.26469446614184,0,0,0.338712903714538,0.170133214571188,0,0
"396","395",0.301875931650622,0,0,0,0,0,0.175681902966328,0.411567789234245,0,0,0.110874376148805,0,0
"397","396",0.406880034232299,0,0,0,0.172332995334386,0,0.0818707122914597,0,0,0,0.216849897470615,0.122066360671241,0
"398","397",0.404128226801887,0,0,0,0,0.164281418765929,0,0,0,0,0.139469027544659,0.14042284454716,0.151698482340365
"399","398",0,0,0,0,0,0,0,0.35990071196553,0,0.186878330243358,0.136011989959385,0.317208967831726,0
"400","399",0,0,0,0,0,0.135883899715016,0.407877026156184,0.303612629654931,0,0,0.152626444473869,0,0
"401","400",0,0,0,0,0,0.311470233337338,0.483451208538423,0,0,0,0.20507855812424,0,0
"402","401",0.344862501917369,0,0,0,0,0,0.271177740410535,0,0,0,0.164356399423142,0.219603358248954,0
"403","402",0,0,0,0,0.244338910748894,0.126582251703883,0.476497251430167,0,0,0,0.152581586117056,0,0
"404","403",0.300371093428544,0,0,0,0,0.172974524770241,0.248972499493196,0.175404327051104,0.102277555256915,0,0,0,0
"405","404",0.275329984086316,0,0,0,0.173309245336129,0,0.0467441254304385,0,0,0,0.366933532253838,0.137683112893279,0
"406","405",0.364240800702715,0,0,0,0,0.283544932234804,0,0,0,0,0.352214267062481,0,0
"407","406",0,0,0,0,0,0.281133614078535,0.0786093602777976,0.19682864070276,0,0,0.443428384940907,0,0
"408","407",0,0,0,0,0,0.43324366495599,0,0.214677840024105,0,0,0.352078495019905,0,0
"409","408",0,0,0,0,0,0.18019236585417,0.514312766253592,0,0.305494867892238,0,0,0,0
"410","409",0.33510657569877,0,0,0,0,0.406286101120461,0,0.258607323180769,0,0,0,0,0
"411","410",0,0,0,0,0,0,0.513802164074413,0,0,0.287900736650098,0.19829709927549,0,0
"412","411",0.376068108279851,0,0,0,0,0.274819224686636,0.186448108344317,0,0,0,0.162664558689195,0,0
"413","412",0.239545449248109,0,0,0,0,0,0.235188606607915,0,0,0,0.202002727899119,0.323263216244857,0
"414","413",0,0,0,0,0,0.571264143692636,0.428735856307364,0,0,0,0,0,0
"415","414",0.16674825030414,0.230065110335471,0,0,0,0.245318952275661,0.20791422347614,0,0,0,0.149953463608588,0,0
"416","415",0,0,0,0,0,0.636389609760905,0.363610390239095,0,0,0,0,0,0
"417","416",0.292190150903459,0,0,0,0,0.164688716699436,0.0135987826162629,0,0.370206256261254,0,0.159316093519588,0,0
"418","417",0.405453553116861,0,0,0,0,0.315158705078069,0.0986212359258854,0,0,0,0.180766505879184,0,0
"419","418",0,0,0,0,0,0,0.1144840589835,0.294628253367874,0,0,0,0.330961771780687,0.259925915867939
"420","419",0.676203576068508,0,0,0,0,0,0.0745433019313081,0.249253122000184,0,0,0,0,0
"421","420",0,0,0,0,0,0.426383354165554,0.149363589721892,0.238340002777076,0,0,0.185913053335479,0,0
"422","421",0,0,0,0,0,0.486992928975971,0.513007071024029,0,0,0,0,0,0
"423","422",0,0,0,0,0.134981900905951,0,0,0.234817124494181,0,0,0.442521601159125,0.187679373440743,0
"424","423",0,0,0,0,0,0.161271200486808,0.370456421156096,0,0,0,0.468272378357096,0,0
"425","424",0.412995739505183,0,0,0,0,0.100440760821719,0,0,0,0,0.486563499673098,0,0
"426","425",0,0,0,0,0,0,0.7348073554772,0,0,0,0.2651926445228,0,0
"427","426",0,0,0,0,0,0.563119497950735,0.436880502049264,0,0,0,0,0,0
"428","427",0,0,0,0,0.310476871950225,0,0.263450798756965,0,0,0.196871588478352,0.229200740814457,0,0
"429","428",0,0,0,0,0.155837033488833,0,0.136543190990512,0,0.438177322798905,0,0.26944245272175,0,0
"430","429",0,0,0.10060701989412,0,0,0.368335440238973,0,0,0,0.116224918086642,0.414832621780265,0,0
"431","430",0,0,0,0,0,0.788588170251556,0,0,0,0,0.211411829748444,0,0
"432","431",0.27361941272793,0,0,0,0,0.331149224266386,0.395231363005684,0,0,0,0,0,0
"433","432",0,0,0.344989375275624,0,0,0.260970706494844,0.239650323641427,0,0,0,0.154389594588105,0,0
"434","433",0,0,0,0,0,0.417112576973653,0.0907410282484307,0,0,0,0.492146394777916,0,0
"435","434",0,0,0,0,0.128688377941429,0.181226536320543,0.229798592477054,0,0,0,0.215828174651711,0.244458318609263,0
"436","435",0,0,0,0,0,0.328273637943344,0.271940151482582,0.219342472938937,0,0,0,0.180443737635137,0
"437","436",0,0,0,0,0,0,0,0.455339931580514,0.544660068419486,0,0,0,0
"438","437",0.32956737361028,0,0,0,0,0.201665596703812,0.14467117841436,0,0.324095851271547,0,0,0,0
"439","438",0,0,0,0,0,0.373584601419455,0.626415398580545,0,0,0,0,0,0
"440","439",0,0,0,0,0,0,0.360095500889699,0.280807501088154,0,0,0.359096998022148,0,0
"441","440",0,0,0,0,0,0.354210285670144,0.375548055462745,0.270241658867111,0,0,0,0,0
"442","441",0.579087836952601,0,0,0,0,0.120468103443228,0.127315288747776,0,0,0,0.173128770856395,0,0
"443","442",0,0,0,0,0,0,0.276242913768807,0.186641144957128,0.252695433541641,0,0.284420507732424,0,0
"444","443",0.44933630306564,0,0,0,0,0.271390168281236,0.139890593951785,0,0,0,0.139382934701339,0,0
"445","444",0.269233381251087,0,0,0,0,0,0.335722312999295,0.202923930200474,0.192120375549144,0,0,0,0
"446","445",0,0,0,0,0,0,0.509842764201676,0,0.307768580723557,0,0.182388655074767,0,0
"447","446",0,0,0,0,0,1,0,0,0,0,0,0,0
"448","447",0.47523453942308,0,0,0,0,0,0.0559895224751895,0,0,0.150612952235901,0,0.318162985865829,0
"449","448",0,0,0,0,0,0.244520020094631,0.143602531242064,0.290132428490134,0,0,0,0,0.321745020173171
"450","449",0.542898560918131,0,0,0,0,0,0.131807051720419,0,0,0,0.325294387361449,0,0
"451","450",0,0,0,0,0,0,0.0821576950245695,0.365200315663905,0,0,0.552641989311526,0,0
"452","451",0,0,0,0,0,0.306156848452688,0.300329531321548,0.278321635871459,0,0,0.115191984354304,0,0
"453","452",0.550708131145396,0,0,0,0,0.169346507582177,0,0,0.00450415573849342,0,0,0,0.275441205533934
"454","453",0.411804009973,0,0,0,0,0.22766721841312,0,0.360528771613879,0,0,0,0,0
"455","454",0.488146642751237,0,0,0,0,0.311983370665351,0,0,0,0,0.199869986583413,0,0
"456","455",0,0,0,0,0,0.289159359483021,0.0948340102850444,0,0,0.31799957935115,0.0923776082381739,0.205629442642611,0
"457","456",0.283034206810799,0,0.215892655023481,0,0,0.295012564408455,0,0,0,0,0,0.206060573757266,0
"458","457",0.341976787991687,0,0,0,0.212876534026726,0.157825716132688,0.0825203782928345,0,0,0,0.204800583556064,0,0
"459","458",0,0,0,0,0,0.385107280367275,0.418924650037532,0,0,0,0.195968069595193,0,0
"460","459",0,0,0,0,0,0.604563489696544,0.395436510303456,0,0,0,0,0,0
"461","460",0.327714196414177,0,0,0,0,0,0.477264288928099,0,0.195021514657724,0,0,0,0
"462","461",0.231470018788759,0,0.229137617011429,0,0,0,0.1075261051749,0,0.184378132940895,0,0.247488126084017,0,0
"463","462",0.359243087972055,0,0,0,0,0.205439664469763,0.00643714267564348,0,0,0,0.197225005509514,0,0.231655099373025
"464","463",0.246762964070417,0,0,0,0,0.355184897392989,0.218293583502174,0,0,0,0.17975855503442,0,0
"465","464",0,0,0,0,0,0,0.285001562134711,0,0.427726953693851,0,0.287271484171438,0,0
"466","465",0,0,0,0,0.127815758936132,0.195910526891401,0.139332250549289,0.257741493982778,0,0,0.2791999696404,0,0
"467","466",0.642328966569409,0,0,0,0,0.28695408758753,0.0707169458430613,0,0,0,0,0,0
"468","467",0.48008492108435,0,0,0,0,0.1710837657031,0.191364097143816,0,0,0,0.157467216068734,0,0
"469","468",0.436229183572462,0,0,0,0,0.397017637468423,0.00192431729662663,0,0,0,0.164828861662489,0,0
"470","469",0.544701678875332,0,0,0,0,0.316451969003997,0.138846352120671,0,0,0,0,0,0
"471","470",0,0,0,0,0,0.252306335781887,0.208670796022266,0.294163909408131,0,0.244858958787716,0,0,0
"472","471",0.39868638774543,0,0,0,0,0.24866469680666,0.0776686512710708,0,0.274980264176839,0,0,0,0
"473","472",0,0,0,0,0,0,0.116241715538371,0.518545566610677,0.365212717850952,0,0,0,0
"474","473",0.307950253334836,0,0,0,0,0.416585901045687,0.107559607384628,0,0,0,0.16790423823485,0,0
"475","474",0,0,0,0,0.154957998084933,0,0.359126240512373,0.359846387233988,0,0,0.126069374168706,0,0
"476","475",0.381367722464861,0,0,0,0,0.125957404100253,0,0,0,0,0.264118912577694,0,0.228555960857192
"477","476",0.26423968149883,0,0,0,0,0,0.451589925812356,0,0,0,0.284170392688814,0,0
"478","477",0.448964269137703,0,0,0,0,0,0.260111871256513,0,0,0,0.290923859605783,0,0
"479","478",0.348843458406865,0,0,0,0,0,0.207860213664278,0,0.179608242086394,0,0.106745222409889,0,0.156942863432574
"480","479",0.647166631903971,0,0,0,0,0,0.0323162168583652,0,0,0,0.320517151237664,0,0
"481","480",0.200495354561556,0,0.12913878911294,0,0,0,0.100177263352584,0.210241323837206,0,0.181515575504377,0.178431693631336,0,0
"482","481",0.555906252110369,0,0,0,0,0,0.444093747889631,0,0,0,0,0,0
"483","482",0.498219742288275,0,0,0,0,0.127568275195312,0.196958051408885,0,0.177253931107528,0,0,0,0
"484","483",0,0,0,0,0,0.352997408461919,0.0921094782091917,0,0,0,0.234050789359651,0,0.320842323969238
"485","484",0,0,0,0,0,0.301188974353375,0.332238274736505,0.205702329630536,0,0,0.160870421279584,0,0
"486","485",0,0,0,0,0,0.476282117625815,0.234283797706595,0,0,0,0.28943408466759,0,0
"487","486",0,0,0,0,0,0.262026002470578,0.23723190426196,0,0,0,0.261026993505781,0.239715099761682,0
"488","487",0.433485736808878,0,0,0,0,0,0.0847972099888744,0,0,0,0.481717053202247,0,0
"489","488",0.394793648973973,0,0,0,0,0.0890834051016009,0,0,0,0,0.263860199127553,0.252262746796874,0
"490","489",0.194315633889283,0,0,0,0,0.14608826543811,0.125954147677331,0,0.243758742082164,0,0.11649500363527,0.173388207277842,0
"491","490",0.524004158760154,0,0,0,0,0.1111155275484,0.188638314467832,0,0,0,0.176241999223615,0,0
"492","491",0,0,0,0,0,0,0.408876197788719,0.334548781711379,0.142031949565916,0,0.114543070933985,0,0
"493","492",0.260797478465107,0,0,0,0,0.342785720662691,0.396416800872202,0,0,0,0,0,0
"494","493",0,0,0,0,0,0.11434662299454,0.234391950994074,0.185420589226339,0,0,0.104852073452162,0.360988763332885,0
"495","494",0.614329729340434,0,0,0,0,0,0.216408992634556,0,0,0,0.16926127802501,0,0
"496","495",0,0,0,0,0,0.212820564160419,0.349492404301985,0,0,0,0,0,0.437687031537595
"497","496",0.502711537265693,0,0,0,0,0.384334574924912,0,0,0,0,0.112953887809395,0,0
"498","497",0,0,0.104862653074543,0,0,0,0.257354070892929,0.251574568262707,0,0,0.386208707769821,0,0
"499","498",1,0,0,0,0,0,8.7678712979745e-18,0,0,0,0,0,0
"500","499",0.395828400235294,0,0,0,0,0.134874585289509,0.245512041562357,0,0,0.223784972912841,0,0,0
"501","500",0.208331964737142,0.27904844914317,0,0,0,0,0.346160159232082,0,0,0,0,0.166459426887605,0
"502","501",0.357839070216443,0,0,0,0,0,0.0816974393878447,0,0.560463490395712,0,0,0,0
"503","502",0.170078931802088,0,0,0,0,0.253321728140268,0.400218669481943,0,0,0,0.1763806705757,0,0
"504","503",0.417549857867856,0,0,0,0,0,0.358323876392981,0,0,0,0.224126265739163,0,0
"505","504",0,0,0.393864869530042,0,0,0,0.487933772030806,0,0,0,0.118201358439152,0,0
"506","505",0,0,0,0,0,0.213480171098312,0.264015265916248,0.22846032104754,0,0,0.2940442419379,0,0
"507","506",0,0,0,0,0,0.315238985510687,0,0.389627752944618,0,0,0.295133261544695,0,0
"508","507",0.443015459647312,0,0,0,0,0.454078180989681,0.102906359363007,0,0,0,0,0,0
"509","508",0,0,0,0,0,0.282330103781273,0,0,0,0,0.191982364416814,0.297806192588747,0.227881339213166
"510","509",0.52655746510004,0,0,0,0,0,0.0636951724015506,0.134172706208453,0,0.127457372238426,0.14811728405153,0,0
"511","510",0,0.450195279846652,0,0,0,0,0.549804720153348,0,0,0,0,0,0
"512","511",0,0,0,0,0,0.610159210525167,0.389840789474833,0,0,0,0,0,0
"513","512",0,0,0,0,0,0.285664168212324,0.504162027506817,0,0,0,0.210173804280859,0,0
"514","513",0.289343030960589,0,0,0,0,0.151027221438387,0.0812403403911295,0,0,0,0.218892474465101,0,0.259496932744793
"515","514",0,0,0,0,0,0.314432059993218,0.514752542620603,0,0,0,0.170815397386179,0,0
"516","515",0,0,0,0,0,0.737885406920667,0.0289766187309252,0,0,0,0,0,0.233137974348408
"517","516",0,0,0,0,0,0,0.596001409492918,0,0.403998590507082,0,0,0,0
"518","517",0.3930277308112,0,0,0,0,0,0.194853347573523,0,0,0.234654176795208,0.177464744820069,0,0
"519","518",0,0,0,0,0,0,0.243850255324534,0.219558526794428,0,0,0.536591217881037,0,0
"520","519",0,0,0,0,0,0.825340601260992,0,0,0,0,0.174659398739008,0,0
"521","520",0.618604712525922,0,0,0,0,0,0.171113082365855,0,0,0,0.210282205108223,0,0
"522","521",0.461237782404242,0,0,0,0,0.187969921561223,0.202117302291658,0,0,0,0.148674993742876,0,0
"523","522",0,0,0,0,0,0.325085169466016,0,0.415400691583271,0,0,0.259514138950713,0,0
"524","523",0,0,0,0,0,0.462360429300723,0.3249328827796,0,0,0,0.212706687919677,0,0
"525","524",0,0,0,0,0,0.701059538704115,0.298940461295885,0,0,0,0,0,0
"526","525",0,0,0,0,0,0.438584360019767,0.383293501380989,0,0,0,0.178122138599244,0,0
"527","526",0,0,0,0,0,0.351925206820149,0,0,0,0,0.275440509738378,0.372634283441473,0
"528","527",0,0,0,0,0,0.120722648753809,0.150511502937552,0.15864019166729,0.355496735706886,0,0.214628920934463,0,0
"529","528",0,0,0,0,0,0.294072233069627,0.105227230383344,0,0,0.267459743579476,0.333240792967553,0,0
"530","529",0.563383233162956,0,0,0,0,0.267278343964198,0,0,0,0,0,0.169338422872846,0
"531","530",0,0,0,0,0,0.356897381664755,0.0595390813333032,0.252322006996688,0,0,0.131183453261995,0,0.200058076743259
"532","531",0,0,0,0,0,0.764930512588893,0.235069487411107,0,0,0,0,0,0
"533","532",0,0,0,0,0,0.145136794843864,0.157285372761945,0.169710894721219,0,0,0.336811059933029,0,0.191055877739943
"534","533",0,0,0,0,0,0,0.396637299428805,0,0,0,0.603362700571195,0,0
"535","534",0,0,0,0,0,0,0.43194304877605,0,0,0,0.225952822270199,0.34210412895375,0
"536","535",0,0,0,0,0,0,0.449552182088964,0.269025114588478,0,0,0,0,0.281422703322558
"537","536",0,0,0,0,0,0.281002648250215,0.141853355003381,0,0,0.247142544160853,0.168336470453772,0.161664982131779,0
"538","537",0,0,0,0,0.464863859790062,0.195502242096953,0.128961015736715,0,0,0,0.21067288237627,0,0
"539","538",0,0,0,0,0.232497183239359,0,0.2064150348735,0.188163854941478,0.20649844453977,0,0.166425482405892,0,0
"540","539",0.314133763040563,0,0,0,0,0.286159454737279,0.169819852305579,0,0,0,0.229886929916579,0,0
"541","540",0,0,0.126393732122758,0,0,0,0.287856743461704,0.268038517863084,0,0,0.317711006552454,0,0
"542","541",0,0,0,0,0,0,0.210381741699257,0.185443725333231,0.272248569772656,0,0.202298307099783,0,0.129627656095073
"543","542",0,0,0,0,0,0,0.226674089947709,0.203258479111389,0,0,0.570067430940902,0,0
"544","543",0.301290058572781,0,0,0,0,0.150171463106228,0.297225410351364,0.251313067969627,0,0,0,0,0
"545","544",0,0,0,0,0.182721664443444,0.136553631553488,0.423285771743592,0,0,0,0.257438932259475,0,0
"546","545",0,0,0,0,0.202300171035183,0.289575478720242,0.075558414581716,0,0,0,0.23153371901618,0.201032216646678,0
"547","546",0.430040722489919,0,0,0,0,0.131526824862858,0.253239156110774,0,0,0,0.185193296536449,0,0
"548","547",0,0,0,0,0,0.0839190843781846,0.269210529777479,0,0,0.281285273904057,0.151219085329726,0.214366026610554,0
"549","548",0,0,0,0,0,0,0.440237351753545,0.329523307192918,0,0,0.230239341053537,0,0
"550","549",0,0,0,0,0,0,0.317858939658902,0,0,0.192290163503553,0.212497439909761,0.277353456927783,0
"551","550",0,0,0.308973119221224,0,0,0.135670376052072,0.348044961720067,0,0,0,0.207311543006636,0,0
"552","551",0,0,0,0,0,0.184546869043958,0.109060122619551,0,0.307568163532061,0.183328021814346,0.215496822990083,0,0
"553","552",0,0,0,0,0,0.252517949888098,0.461662476131415,0,0,0,0.285819573980487,0,0
"554","553",0.385825155363132,0,0,0,0,0.164338686917171,0.105388099596199,0.194720127817254,0,0,0,0.149727930306243,0
"555","554",0.387013649821033,0,0,0,0,0,0.215576696266369,0,0,0,0.238595802573649,0.158813851338949,0
"556","555",0.458597668350264,0,0,0,0,0.150563137931975,0.206126977749728,0,0,0,0.184712215968034,0,0
"557","556",0,0,0,0,0,0,0.291156043370946,0.209758384496923,0,0,0.231514828837349,0,0.267570743294782
"558","557",0.133463842663961,0,0,0,0,0.299576140451269,0,0.366916178069758,0,0,0.200043838815012,0,0
"559","558",0,0,0,0,0.140676160908883,0.386216788310497,0,0,0,0,0.189634365443657,0.283472685336962,0
"560","559",0,0,0,0,0,0,0.330114515298929,0,0,0,0.2619771400924,0.407908344608671,0
"561","560",0.834643735749651,0,0,0,0,0,0.0106432932762115,0,0,0,0.154712970974138,0,0
"562","561",0.385006928186132,0,0.232883787033249,0,0,0.252726139415389,0,0,0,0,0.12938314536523,0,0
"563","562",0.871908762134248,0,0,0,0,0.128091237865753,0,0,0,0,0,0,0
"564","563",0,0,0.187799705152339,0,0,0.173122960036127,0.102878691002819,0,0,0,0.175175812475746,0.361022831332969,0
"565","564",0,0,0,0,0,0.515383477635033,0.256663524001798,0,0,0,0.227952998363169,0,0
"566","565",0,0,0,0,0,0,0.376724141417361,0,0,0.416598215524032,0.206677643058607,0,0
"567","566",0,0,0,0,0,0.304985771765765,0,0,0,0,0.424923344671078,0.270090883563156,0
"568","567",0.603221953306769,0,0,0,0,0,0.396778046693231,0,0,0,0,0,0
"569","568",0,0,0,0,0,0.157628637307185,0.457814473046279,0.384556889646535,0,0,0,0,0
"570","569",0,0,0,0,0.247647272161347,0,0.170449554881566,0,0.380616591433772,0,0.201286581523315,0,0
"571","570",0.194514084918083,0,0,0,0.331615989296189,0,0.192649836591944,0,0,0,0.281220089193784,0,0
"572","571",0,0,0,0,0,0.275293470577364,0.338658186742197,0,0,0,0.38604834268044,0,0
"573","572",0,0,0,0,0,0,0.0629154157136824,0.174338567045097,0.208407397139674,0,0.343067893339882,0,0.211270726761665
"574","573",0.400593159157632,0,0,0,0,0,0.249928002635619,0,0.201840342985454,0,0.147638495221296,0,0
"575","574",0,0,0,0,0,0,0.471991150859302,0.27824585297827,0,0,0,0.249762996162428,0
"576","575",0,0,0,0,0,0.411870001332847,0.251168005637487,0,0.336961993029666,0,0,0,0
"577","576",0,0,0,0,0,0.141536123356686,0.127986492129836,0,0,0,0.475997332597194,0,0.254480051916284
"578","577",0.319738968458203,0,0,0,0,0.237985593147652,0.149203906530087,0,0,0,0.293071531864057,0,0
"579","578",0,0,0.184855127239448,0,0,0,0.406928867332989,0.408216005427563,0,0,0,0,0
"580","579",0,0,0,0,0,0.167668934799964,0.601791751863382,0,0,0,0.230539313336654,0,0
"581","580",0.3495266827926,0,0,0,0,0.6504733172074,0,0,0,0,0,0,0
"582","581",0.207310677647231,0,0,0,0,0.180547641276199,0.401514382103234,0,0,0,0.210627298973337,0,0
"583","582",0,0,0,0,0,0.168561576759889,0.213544862180085,0,0.251066844080127,0,0.155767083567723,0.211059633412176,0
"584","583",0.641101517893756,0,0.200643088648765,0,0,0,0.0446773823086061,0,0.113578011148873,0,0,0,0
"585","584",0,0,0,0,0,0.18305110040899,0,0,0,0,0.522703977718776,0,0.294244921872234
"586","585",0.457282289331798,0,0.340734291564447,0,0,0,0.0219176237797828,0,0,0,0.180065795323973,0,0
"587","586",0,0,0.33174395422615,0,0,0.122919559873697,0.0233115272391504,0,0.303728530338674,0,0.21829642832233,0,0
"588","587",0.301039116121825,0,0,0,0,0,0,0,0.698960883878175,0,0,0,0
"589","588",0.243584285983323,0,0.200529565141499,0,0,0,0.21427404850826,0,0,0,0.16624228672616,0.175369813640759,0
"590","589",0,0,0.227504258732778,0,0,0.45911826896415,0.313377472303073,0,0,0,0,0,0
"591","590",0,0,0,0,0,0.159400951348001,0.381068766960391,0,0.335971139495358,0,0.123559142196251,0,0
"592","591",0.451667806119672,0,0,0,0,0,0.15226422104612,0,0,0,0.216980172038797,0.179087800795411,0
"593","592",0,0,0,0,0,0.167172490880412,0.282195633138768,0.550631875980819,0,0,0,0,0
"594","593",0.521531842643593,0,0,0,0,0.187032627093201,0.291435530263206,0,0,0,0,0,0
"595","594",0,0,0,0,0,0.185469892191332,0.0303243961833927,0,0,0,0.619971166123472,0,0.164234545501803
"596","595",0,0,0,0,0,0,0.361425984299884,0,0,0,0.141881688404282,0.233707241062344,0.26298508623349
"597","596",0.223510712391618,0,0.18112406552638,0,0,0,0.0938430287724988,0.168822895619425,0.332699297690078,0,0,0,0
"598","597",0,0,0,0,0,0.38747226570433,0,0.365346640144162,0,0,0.247181094151508,0,0
"599","598",0.260509345748185,0,0,0,0,0.234884254905231,0.162937481027718,0.168618377894506,0.173050540424359,0,0,0,0
"600","599",0.569644942033835,0,0,0,0,0.133384020419539,0,0.150095659668858,0,0,0.146875377877768,0,0
"601","600",0,0,0,0,0,0.236275299040361,0.414907275333064,0,0.348817425626575,0,0,0,0
"602","601",0,0,0,0,0,0.311129718709634,0.417179210725089,0,0,0,0.271691070565277,0,0
"603","602",0,0,0,0,0,0.35163073676222,0.0781116609600611,0,0,0,0.243574398463013,0.326683203814706,0
"604","603",0,0,0,0,0,0.54159076105258,0.189894426353521,0,0.268514812593899,0,0,0,0
"605","604",0.482606450708132,0,0,0,0,0.182329342381287,0.335064206910581,0,0,0,0,0,0
"606","605",0,0,0,0,0,0,0.475342767775918,0,0,0,0.524657232224082,0,0
"607","606",0,0,0,0,0,0.319157031224503,0.49591092487865,0,0,0,0.184932043896848,0,0
"608","607",0,0,0,0,0,0.20710533185373,0.2198117799649,0.226158651455322,0,0,0.346924236726048,0,0
"609","608",0.543260432049106,0,0,0,0,0.185169499351201,0.104388188052448,0,0,0,0.167181880547245,0,0
"610","609",0,0,0,0,0,0.477215134575256,0.2558354885929,0,0.266949376831843,0,0,0,0
"611","610",0,0,0,0,0.213388687836131,0.207149967210466,0.181600200018806,0,0,0,0.397861144934597,0,0
"612","611",0,0,0,0,0.220307694948877,0.32710792013872,0.281265733324369,0,0,0,0.171318651588034,0,0
"613","612",0,0,0,0,0,0,0.423619141353118,0,0.34730458868016,0,0.229076269966722,0,0
"614","613",0.753491991370112,0,0,0,0,0.246508008629889,0,0,0,0,0,0,0
"615","614",0,0,0,0,0,0.165807662183901,0.256239814795279,0.577952523020821,0,0,0,0,0
"616","615",0,0,0,0,0,0.198817939240114,0.305753572021455,0,0,0,0.185003958673232,0.310424530065199,0
"617","616",0,0,0,0,0,0,0.447680035207421,0,0,0.346958434603148,0.205361530189431,0,0
"618","617",0.252719380075569,0,0,0,0,0,0.0736715648952617,0,0,0,0.446825477242959,0.226783577786211,0
"619","618",0,0,0,0,0,0.602477742038624,0.215003365178147,0,0,0,0.182518892783229,0,0
"620","619",0.635434249600633,0,0,0,0,0.245539199370719,0,0,0,0,0.119026551028648,0,0
"621","620",0,0,0,0,0,0.37529280003704,0.426006746890984,0,0,0,0.198700453071976,0,0
"622","621",0,0,0,0,0,0.169024675986182,0.543268882292566,0,0,0,0.287706441721251,0,0
"623","622",0.451555833176125,0,0,0,0,0.250627959388251,0.0892493160493269,0,0,0,0.208566891386297,0,0
"624","623",0,0,0,0,0,0.452047201454743,0,0,0,0,0.547952798545257,0,0
"625","624",0.704869580907728,0,0,0,0,0,0.295130419092272,0,0,0,0,0,0
"626","625",0.46919640424772,0,0,0,0,0,0.396848652455865,0,0,0,0.133954943296416,0,0
"627","626",0.315148936493266,0,0,0,0.134456050514105,0,0.292737635274859,0,0,0,0.25765737771777,0,0
"628","627",0,0,0,0,0.160979605241853,0.104480723103392,0.0645296318851024,0.16202258580176,0,0,0.169822791384535,0.338164662583358,0
"629","628",0.23521944739012,0,0,0,0,0,0.319000556157561,0,0,0,0.445779996452319,0,0
"630","629",0.649891125800834,0,0,0,0,0,0.161663776819047,0,0,0,0.188445097380118,0,0
"631","630",0,0,0,0,0,0,0.420638210723663,0,0.24897632403969,0,0.330385465236647,0,0
"632","631",0,0,0.121641246076832,0,0,0,0.547239224059346,0.177007237889803,0,0,0.154112291974019,0,0
"633","632",0,0,0,0,0.183936281554682,0,0,0.307371675895374,0.218439741028426,0,0.290252301521519,0,0
"634","633",0.133671859660102,0,0,0,0,0.527533605277001,0,0,0,0,0.338794535062897,0,0
"635","634",0.209727097742671,0,0,0,0,0.211733985850191,0.138728512680201,0,0,0,0.179584368286431,0.260226035440506,0
"636","635",0,0,0,0,0,0,0.286154359077814,0.229034660888603,0,0,0.227212012879136,0.257598967154446,0
"637","636",0,0,0,0,0,0,0.447279662136095,0,0,0,0.284623313068572,0.268097024795334,0
"638","637",0.32833799926791,0,0,0,0,0.257714282195584,0,0,0,0,0.413947718536505,0,0
"639","638",0.507736692859406,0,0,0,0,0.11990301949191,0.0678362341347151,0.18781942241839,0,0,0.116704631095579,0,0
"640","639",0.275318209868805,0,0,0,0,0.256532843836678,0.188642213364938,0,0,0,0.27950673292958,0,0
"641","640",0.777065787454562,0,0,0,0,0,0.0734208253585944,0,0,0,0.149513387186844,0,0
"642","641",0.585774639240227,0,0,0,0,0,0,0,0.232480563109111,0,0,0.181744797650662,0
"643","642",0.518458629746388,0,0,0,0,0,0.065852006520786,0,0,0,0.2493461194171,0.166343244315727,0
"644","643",0,0,0,0,0,0.410345214866034,0.11294078094568,0,0,0,0.117025560347981,0.178806831604165,0.18088161223614
"645","644",0,0,0,0,0,0,0.212284035926492,0,0.212601450546692,0.224366132096553,0.350748381430263,0,0
"646","645",0,0,0,0,0,0,0.443063432971726,0,0,0,0.556936567028274,0,0
"647","646",0.272320828059443,0,0,0,0,0,0.194202766523456,0,0,0,0.117206282884442,0.416270122532659,0
"648","647",0.194172448702312,0,0,0,0,0,0.046585003408105,0,0.405936349571079,0,0.353306198318504,0,0
"649","648",0.321948596900694,0,0,0,0,0.148823117330887,0.292813946192154,0,0,0,0.236414339576264,0,0
"650","649",0,0,0,0,0,0.194070494483302,0.307884849211299,0.244055514689946,0,0,0.253989141615453,0,0
"651","650",0,0,0,0,0,0.286096108501674,0.281583573231452,0.217004850319984,0,0.21531546794689,0,0,0
"652","651",0.347499394578633,0,0,0,0,0.164923202270944,0.191209908020816,0,0,0,0.296367495129607,0,0
"653","652",0,0,0,0,0,0,0.71079035231857,0,0,0,0.28920964768143,0,0
"654","653",0.253901165167854,0,0,0,0.188287280828042,0,0.084899738555781,0,0.212306986437806,0,0.260604829010518,0,0
"655","654",0.466982329820191,0.160286860850889,0,0,0,0,0.18190466001747,0,0,0,0.19082614931145,0,0
"656","655",0,0,0,0,0,0.313594691976915,0.686405308023085,0,0,0,0,0,0
"657","656",0,0,0.396954329962255,0,0,0,0.323772209054845,0,0,0,0.279273460982899,0,0
"658","657",0.439983356441244,0,0,0,0,0.263829226200615,0.296187417358141,0,0,0,0,0,0
"659","658",0,0,0,0,0,0,0.714098027161066,0,0,0,0.285901972838934,0,0
"660","659",0,0,0,0,0.190183391133685,0.193017836628464,0,0.226260031156265,0,0,0.152937158278513,0,0.237601582803073
"661","660",0,0,0,0,0,0.338347972923044,0,0.197388679749188,0,0,0.464263347327768,0,0
"662","661",0.191124733344557,0,0,0,0.185071857596778,0,0.177646511750385,0.211792645550541,0,0,0.234364251757739,0,0
"663","662",0,0,0,0,0.174675892756348,0,0.5077548867715,0,0,0,0.317569220472152,0,0
"664","663",0,0,0,0,0,0.375351216059309,0.214516552262944,0,0,0,0.184062928999989,0.226069302677758,0
"665","664",0.311260584940192,0,0,0,0,0.368652034563069,0.0944507504375223,0,0,0,0.225636630059217,0,0
"666","665",0.786958062744563,0,0,0,0,0.190648045436916,0.0223938918185207,0,0,0,0,0,0
"667","666",0,0,0,0,0.213961342888945,0.256887470449061,0.240370155389944,0,0,0,0.28878103127205,0,0
"668","667",0.472579806048381,0,0,0,0,0,0.264570323945428,0,0,0,0.113675569297345,0.149174300708845,0
"669","668",0,0,0,0,0.181148909851256,0.177514125877748,0.143146171967018,0,0,0,0.498190792303978,0,0
"670","669",0.360508560898906,0,0,0,0,0.496809710403467,0,0,0,0,0.142681728697628,0,0
"671","670",0.222105763817757,0,0,0,0.355106036142321,0,0,0.185799852649502,0,0,0.236988347390421,0,0
"672","671",0.379175878599485,0,0,0,0,0,0.0107713656279674,0,0.610052755772548,0,0,0,0
"673","672",0,0,0,0,0,0,0.545918225790159,0,0,0,0.173572760548491,0.28050901366135,0
"674","673",0.585962632456235,0,0,0,0,0.207339984753604,0.206697382790161,0,0,0,0,0,0
"675","674",0,0,0,0,0.458903752712261,0,0.237056944126681,0,0,0,0.304039303161059,0,0
"676","675",0.422557487879373,0,0,0,0,0.27934087441786,0.147000072499734,0,0,0,0.151101565203034,0,0
"677","676",0.35646434304023,0,0.21905687988844,0,0,0.219619822303049,0.204858954768281,0,0,0,0,0,0
"678","677",0,0,0,0,0,0.273636698317401,0.258402893208265,0.209208494669132,0,0.107855803971546,0.150896109833657,0,0
"679","678",0,0,0,0,0,0.446703136803924,0,0,0,0,0.264720087649367,0.288576775546709,0
"680","679",0,0,0,0,0,0.478087137732231,0.521912862267769,0,0,0,0,0,0
"681","680",0.252183455078646,0,0,0,0,0.484411671089361,0.0640048795318138,0,0,0,0.199399994300179,0,0
"682","681",0.206320066383673,0,0,0,0,0.275308577286987,0.132989592149061,0,0.236234957653637,0,0.149146806526642,0,0
"683","682",0,0,0.193788874857419,0,0.193090286783334,0,0.326313929643946,0,0,0,0.286806908715301,0,0
"684","683",0.385405135391543,0,0,0,0.218766082384412,0.132851577175837,0.10402206033059,0,0,0,0.158955144717618,0,0
"685","684",0.220831641814005,0,0,0,0,0.488843705768328,0,0,0,0,0.290324652417667,0,0
"686","685",0.316514684225538,0,0,0,0,0.424140386593729,0,0,0,0,0.259344929180733,0,0
"687","686",0,0,0,0,0,0.463922190975333,0.536077809024667,0,0,0,0,0,0
"688","687",0.178235737638282,0,0,0,0,0.146782844325843,0.166296688789269,0.319496939650162,0,0,0.189187789596445,0,0
"689","688",0,0,0,0,0,0,0.476583463928528,0,0,0,0.206164583868338,0.317251952203134,0
"690","689",0,0,0,0,0,0.291446463587992,0,0,0.175585283052121,0,0.32115285402735,0,0.211815399332537
"691","690",0.46450284565851,0,0,0,0,0,0.346723060345878,0,0,0,0,0.188774093995612,0
"692","691",0,0,0,0,0,0,0.516426967731367,0,0,0,0.194914832101529,0.288658200167104,0
"693","692",0.54140030632475,0,0,0,0,0.267642872325249,-4.71505856564868e-18,0,0.190956821350001,0,0,0,0
"694","693",0.66084975002544,0,0,0,0,0,0.164754521398248,0,0,0,0.174395728576312,0,0
"695","694",0.261754578721779,0,0,0,0,0.104673481891661,0,0,0.221494553469594,0,0.412077385916966,0,0
"696","695",0,0,0.400716684246049,0,0,0.122310968815126,0.293374043303659,0,0,0,0.183598303635166,0,0
"697","696",0,0,0,0,0,0,0.342844396136319,0,0,0,0.380137436834274,0.277018167029407,0
"698","697",0.374311172703934,0,0,0,0,0.157083731683321,0.235447762894022,0,0,0,0.233157332718723,0,0
"699","698",0,0,0,0,0,0.190372638790102,0.311313017706075,0.30687511359394,0,0.191439229909882,0,0,0
"700","699",0.401755419118607,0,0,0,0,0,0.126807876068562,0,0.259765422319745,0,0.211671282493086,0,0
"701","700",0,0,0.105613424971973,0,0,0,0.230616278848318,0,0.335666470627017,0,0.127421180146198,0,0.200682645406495
"702","701",0,0,0,0,0,0.136932189313889,0.342659413194506,0.289016177216485,0.23139222027512,0,0,0,0
"703","702",0.835541508867661,0,0,0,0,0,0,0,0,0,0.164458491132339,0,0
"704","703",0,0,0,0,0,0.168903802071074,0.417395649547895,0.214224637327788,0,0,0.199475911053243,0,0
"705","704",0,0,0.179897286435112,0,0,0,0.335770682015918,0.216704932919842,0,0,0.267627098629128,0,0
"706","705",0,0,0,0,0,0.519170526427083,0.251978911151732,0,0,0,0,0,0.228850562421185
"707","706",0.262026611392394,0,0,0,0,0.252503815615212,-4.53376137717515e-18,0,0,0,0.331836660622552,0,0.153632912369843
"708","707",0.353450128973292,0,0,0,0,0,0.404655816981199,0,0,0,0.241894054045509,0,0
"709","708",0.431640852356796,0,0,0,0,0,0.19957566548032,0,0.214722402298208,0,0,0.154061079864676,0
"710","709",0,0,0,0,0,0.230267184919694,0.537269065607132,0,0,0,0.232463749473174,0,0
"711","710",0,0,0,0,0,0,0.52474005117931,0.286554228588753,0,0,0.188705720231937,0,0
"712","711",0.232703665709826,0,0,0,0,0.5708528336684,0,0,0,0,0.196443500621774,0,0
"713","712",0,0,0,0,0,0.530981281260138,0.218274123963917,0,0,0,0.250744594775945,0,0
"714","713",0.518534853801286,0,0,0,0,0,0.0344910701794086,0,0.283361485205492,0,0.163612590813814,0,0
"715","714",0,0,0,0,0.288102020502129,0,0.544915415224547,0,0,0,0.166982564273324,0,0
"716","715",0.49907608814597,0,0,0,0,0.155062085510758,0.105293544305549,0,0,0,0.240568282037724,0,0
"717","716",0.332374815266672,0,0,0,0,0.319943203754929,0.038625985571264,0.309055995407135,0,0,0,0,0
"718","717",0,0,0.309077149558649,0,0,0,0.273326645349389,0.417596205091962,0,0,0,0,0
"719","718",0.463878991127117,0,0,0,0,0.363383403246896,0,0,0,0,0.172737605625987,0,0
"720","719",0.302636988723281,0,0,0,0,0.23656587166915,0.0669406851005579,0,0.251370206839737,0,0.142486247667273,0,0
"721","720",0.174276781192387,0,0,0,0,0.106622594226013,0.0727946189427192,0,0,0,0.481714673793615,0,0.164591331845267
"722","721",0.37728102967006,0,0,0,0,0,0.178544802252407,0.205722045287097,0,0,0.238452122790435,0,0
"723","722",0,0,0.21060971664388,0,0,0.223638370724306,0.386166504683884,0,0,0,0.17958540794793,0,0
"724","723",0.429638780612399,0,0,0,0,0.347309033937027,0,0,0,0,0.223052185450574,0,0
"725","724",0.253131281619454,0,0,0,0.145913242367104,0.250395218137914,0.211104211162176,0,0,0,0,0.139456046713351,0
"726","725",0.261859826392763,0,0,0,0,0.19122786930444,0.00409365456092948,0,0,0,0.346078320077133,0,0.196740329664734
"727","726",0.324866117073476,0,0,0,0,0.413473744935451,0.102631338845588,0,0,0,0.159028799145485,0,0
"728","727",0,0,0,0,0,0.288025837555981,0.259294696696239,0,0,0,0.45267946574778,0,0
"729","728",0.284793374261734,0,0,0,0,0.316885992349319,0.0749411821613321,0,0,0,0.323379451227615,0,0
"730","729",0,0,0,0,0,0,0.450671675746305,0,0,0,0.549328324253695,0,0
"731","730",0,0,0,0,0,0,0.202128189986593,0.679471440036263,0,0,0.118400369977144,0,0
"732","731",0.377332260344035,0,0,0,0,0.145787346556687,0,0,0,0,0.12956132550361,0.347319067595667,0
"733","732",0,0,0,0,0,0.198777812438208,0.323609715668914,0,0,0,0.232492029380881,0.245120442511997,0
"734","733",0,0,0.27136757099816,0,0,0.19184650952818,0,0.26247507290478,0,0,0.274310846568879,0,0
"735","734",0,0,0,0,0,0,0.302993765192101,0,0,0,0.276607619192888,0.420398615615011,0
"736","735",0.688049555247685,0,0,0,0,0,0.00490498055588426,0,0.16189079683653,0,0.145154667359901,0,0
"737","736",0.629114145603958,0,0,0,0,0,0.0875992862392122,0,0,0,0.28328656815683,0,0
"738","737",0.28345826432598,0,0,0,0.135077528292828,0,0.217713503021269,0.172054160936023,0,0,0.1916965434239,0,0
"739","738",0.33523995473272,0,0,0,0,0,0.357524272699022,0,0,0,0.307235772568258,0,0
"740","739",0,0,0,0,0,0.64192076411845,0.35807923588155,0,0,0,0,0,0
"741","740",0.161181977879123,0.176436851429227,0,0,0,0.301981469042607,0.163980974870496,0,0,0,0.196418726778547,0,0
"742","741",0,0,0,0,0,0.403451701437226,0,0,0,0,0.38581717219858,0.210731126364194,0
"743","742",0,0,0,0,0,0,0.131538394429916,0.307715624605327,0,0,0.322128357432417,0,0.23861762353234
"744","743",0.225431166509599,0,0.184683881816205,0,0,0,0.182126665641815,0,0,0.158822155500754,0.248936130531628,0,0
"745","744",0,0,0,0,0,0.318432053928249,0.249131500441279,0.154060837931112,0,0,0.124128294819173,0,0.154247312880187
"746","745",0,0,0,0,0,0,0.412460984815281,0,0,0,0.58753901518472,0,0
"747","746",0,0,0,0,0,0.326912520055179,0,0,0,0,0.673087479944821,0,0
"748","747",0,0,0,0,0.26616645197107,0.217144410357621,0.0822760074109402,0.167961817517544,0,0,0.266451312742825,0,0
"749","748",0,0,0,0,0,0.284978027854912,0,0.232034660823398,0,0,0.329541336668781,0,0.153445974652909
"750","749",0,0,0,0,0,0.344081529346675,0.162134900481901,0,0.493783570171424,0,0,0,0
"751","750",0,0,0,0,0,0.352573041611552,0.361678222867799,0,0,0,0.285748735520649,0,0
"752","751",0,0,0,0,0,0,0.494962482716292,0,0.505037517283708,0,0,0,0
"753","752",0,0,0,0,0,0.167666928480842,0.454147300639558,0,0,0,0.3781857708796,0,0
"754","753",0.335066743910628,0,0,0,0.286103859559621,0,0.200300990071844,0,0,0,0.178528406457906,0,0
"755","754",0.507918016126372,0,0,0,0,0.251072124554549,0.0777321557919686,0,0,0,0.16327770352711,0,0
"756","755",0.35181928120423,0,0,0,0,0.177717106098101,0.0985320147241383,0,0,0,0.156720932587326,0.215210665386205,0
"757","756",0,0,0,0,0,0,0.656323879209883,0,0,0,0.152839781751239,0,0.190836339038878
"758","757",0,0,0,0,0,0.492768404199513,0,0,0,0,0.214136775433145,0.293094820367342,0
"759","758",0,0,0,0,0,0,0.223973223569572,0,0.460062867022091,0.315963909408337,0,0,0
"760","759",0.732117278627624,0,0,0,0,0.10378592882572,0,0,0,0,0.164096792546656,0,0
"761","760",0,0,0,0,0,0,0.518405246463623,0,0.481594753536377,0,0,0,0
"762","761",0.369387859250067,0,0,0,0,0,0.180937587554071,0.317686707585751,0.131987845610111,0,0,0,0
"763","762",0.313175709260708,0,0,0,0,0.102475436958817,0.21792773009803,0,0,0,0.366421123682446,0,0
"764","763",0,0,0,0,0,0.258489716002141,0.265480746551114,0,0,0.263775011043298,0.212254526403447,0,0
"765","764",0.396365688998215,0,0,0,0.153022988709597,0.18240634110873,0.0759267871595874,0,0,0,0.19227819402387,0,0
"766","765",0.300282363192944,0,0,0,0,0,0.0391486587419834,0,0,0,0.453315440190748,0.207253537874325,0
"767","766",0.397688763497807,0,0,0,0,0.252083524247519,0,0,0,0,0.350227712254674,0,0
"768","767",0.37421280224029,0,0,0,0,0,0.445825359766761,0,0,0,0,0.17996183799295,0
"769","768",0.33744876634573,0,0,0,0,0.186647146409129,0.273522121810003,0,0,0,0.202381965435137,0,0
"770","769",0.437428088613312,0,0,0,0,0,0.406172982620486,0,0,0,0.156398928766202,0,0
"771","770",0.377025408441283,0,0,0,0,0.3974839925386,0.0583361049764096,0,0,0,0.167154494043707,0,0
"772","771",0.486882984895691,0,0.226500007519633,0,0,0.141078369425433,0,0,0,0,0.145538638159243,0,0
"773","772",0.560526994383642,0,0,0,0,0,0,0,0,0,0.237612362771495,0.201860642844863,0
"774","773",0,0,0,0,0.22707220386796,0,0.251037327078983,0,0.264583400876514,0,0,0.257307068176543,0
"775","774",0,0,0,0,0,0.668471127507358,0,0,0,0,0.331528872492642,0,0
"776","775",0.581320974451047,0,0,0,0,0.197347274200808,0.221331751348145,0,0,0,0,0,0
"777","776",0,0,0,0,0,0.20018589258001,0.599660694605379,0,0,0,0.20015341281461,0,0
"778","777",0,0,0,0,0,0,0.567304428505272,0,0.432695571494728,0,0,0,0
"779","778",0.496302476298692,0,0,0,0,0.136545240700804,0.167881139357891,0,0,0,0.199271143642613,0,0
"780","779",0,0,0,0,0,0.180930568776574,0.207211510673641,0,0,0,0.196538257961842,0,0.415319662587943
"781","780",0,0,0,0,0,0,0.160725724068893,0,0.443873927562571,0,0.395400348368536,0,0
"782","781",0.342841157158153,0,0,0,0,0.353449872206638,0.118054603578879,0,0,0,0.18565436705633,0,0
"783","782",0,0,0,0,0,0,0.266034686353768,0,0.733965313646232,0,0,0,0
"784","783",0.226395458573257,0,0,0,0.268144528953863,0.13850912859037,0,0,0,0,0.182328829631859,0.184622054250651,0
"785","784",0,0,0,0,0,0.231948943859994,0.536143760308858,0,0,0,0.231907295831148,0,0
"786","785",0,0,0,0,0,0.342949874976294,0.445724488480829,0,0,0,0.211325636542877,0,0
"787","786",0.35336955698134,0,0,0,0,0.142765860923417,0.095788611450622,0,0,0,0.240218556627082,0.167857414017539,0
"788","787",0,0,0,0,0,0.170086973346177,0.243993919960932,0,0,0.390433686717758,0.195485419975133,0,0
"789","788",0,0,0.335469924383516,0,0,0,0.265930459670879,0,0,0.234481481398596,0.164118134547009,0,0
"790","789",0.534949444123076,0,0,0,0,0.299705914474641,0,0,0,0,0.165344641402283,0,0
"791","790",0.198985214685165,0,0,0,0,0.168680375343905,0.254971358079371,0.233898058195414,0,0,0.143464993696145,0,0
"792","791",0.265416375571076,0,0,0,0,0,0.191341112658549,0.192245496880603,0.1988410773347,0,0.152155937555073,0,0
"793","792",0,0,0,0,0,0.338666314967218,0.258695024960508,0.227055058666872,0,0,0.175583601405403,0,0
"794","793",0.401853638682879,0,0,0,0,0.343601659852315,0.095935961244421,0,0,0,0.158608740220385,0,0
"795","794",0.204490835894845,0,0,0,0,0.295951101655626,0,0,0,0,0.16556313657943,0,0.333994925870099
"796","795",0.218857551536088,0,0,0,0,0.167545666324973,0.0677892102525156,0.253950987716819,0,0,0.291856584169604,0,0
"797","796",0,0,0,0,0,0,0.788544599351179,0,0,0,0.211455400648821,0,0
"798","797",0.679761053211253,0,0,0,0,0.121308895017676,0,0,0,0,0.19893005177107,0,0
"799","798",0,0.131765397277267,0,0,0.209021528755966,0.113953874582469,0.185114069985464,0,0.174196401320103,0,0.185948728078731,0,0
"800","799",0,0,0,0,0.227019435484453,0.281538128886255,0.0937806726746548,0,0,0,0.180618067194557,0.217043695760081,0
"801","800",0,0,0,0,0,0.287450301966154,0.346192803385436,0,0.36635689464841,0,0,0,0
"802","801",0.584726512480344,0,0.35967765332702,0,0,0,0.0555958341926355,0,0,0,0,0,0
"803","802",0,0,0,0,0,0.148382002958074,0.55632974296132,0,0,0,0,0,0.295288254080606
"804","803",0.192155738911168,0,0,0,0.158065965546458,0.376790888072,0.0769517996783036,0,0,0,0,0,0.19603560779207
"805","804",0.465019306841528,0,0,0,0,0,0.113396126713018,0.138425844706984,0,0,0.125296070370407,0.157862651368063,0
"806","805",0.523101638455485,0,0,0,0,0.226806481109046,0.0532582222857246,0,0,0,0.196833658149745,0,0
"807","806",0,0,0,0,0,0.246163498436325,0.308822545949179,0,0.208919620618954,0,0.236094334995542,0,0
"808","807",0,0,0,0,0,0,0,0,0,0.250911080165113,0.192629629415617,0.55645929041927,0
"809","808",0,0,0,0,0.249270087327875,0,0.25580582406805,0.494924088604074,0,0,0,0,0
"810","809",0.595304801600199,0,0,0,0,0,0.132410472634614,0,0,0,0.272284725765188,0,0
"811","810",0.502852272180132,0,0,0,0,0.12318042746535,0.231171876319558,0,0,0,0.14279542403496,0,0
"812","811",0.256095401311194,0,0,0,0.192153490712053,0.181259333421724,0.113286575712863,0,0,0,0.257205198842165,0,0
"813","812",0,0,0,0,0,0.276979704924937,0,0.332260321020064,0,0,0.221017944159773,0,0.169742029895226
"814","813",0,0,0,0,0,0.447265433413594,0.383492258808092,0,0,0,0.169242307778314,0,0
"815","814",0.383817392781967,0,0,0,0,0.134536747314956,0.0144152697648082,0,0,0,0.321268822650875,0.145961767487394,0
"816","815",0,0,0,0,0,0.397021820297463,0.386422341676558,0,0,0,0.21655583802598,0,0
"817","816",0.584129842736764,0,0,0,0,0,0.0280815838492282,0.196346317902767,0,0,0.191442255511241,0,0
"818","817",0,0,0,0,0,0.292827187233621,0.157562969084339,0,0,0,0.361513531704044,0,0.188096311977996
"819","818",0,0,0,0,0,0.401930471549118,0.153686616042182,0,0,0,0.186668182209123,0,0.257714730199577
"820","819",0,0,0,0,0,0.16929574010651,0.214036461960275,0,0.289551641835841,0,0,0.327116156097375,0
"821","820",0.453354338517221,0,0,0,0,0,0.010509491431435,0.395041144496898,0,0,0.141095025554446,0,0
"822","821",0,0,0,0,0,0,0.427655995982782,0,0.336364415767767,0,0.235979588249451,0,0
"823","822",0,0,0,0,0,0.364328349095202,0.212028754051854,0,0,0,0.120573475457687,0,0.303069421395256
"824","823",0,0,0,0,0,0,0.348170860264515,0,0.651829139735485,0,0,0,0
"825","824",0.327243606017066,0,0,0,0,0.262656117606807,0.19099233997765,0,0.105556083789869,0,0.113551852608608,0,0
"826","825",0,0,0,0,0,0.596703811925591,0.156042382012958,0,0,0,0.247253806061451,0,0
"827","826",0,0,0,0,0,0.293728919738922,0.269205073767789,0,0,0,0.437066006493289,0,0
"828","827",0,0,0.227394311299413,0,0,0,0.34196751325368,0,0.249452627532745,0,0.181185547914162,0,0
"829","828",0.380402500840978,0,0,0,0,0.412545044192995,0.207052454966027,0,0,0,0,0,0
"830","829",0,0,0,0,0.346201799518597,0,0.0851215816427658,0,0,0,0.568676618838637,0,0
"831","830",0.355271965556157,0,0,0,0,0.329393733852628,0.00642010328253509,0,0,0,0.152025366683914,0,0.156888830624766
"832","831",0.227813925052992,0,0,0,0,0.171868564404788,0.103119358414877,0,0.305292898628149,0,0.191905253499193,0,0
"833","832",0,0,0,0,0.19492202090464,0.3976727382185,0.187639805921635,0,0,0,0.219765434955225,0,0
"834","833",0,0,0,0,0,0,0.489551927910041,0,0.510448072089959,0,0,0,0
"835","834",0,0,0,0,0.274528981266484,0,0.27102819597553,0,0,0.257505302207617,0.196937520550369,0,0
"836","835",0.545228155632042,0,0,0,0,0.196191682522026,0.258580161845932,0,0,0,0,0,0
"837","836",0.331336183322324,0,0,0,0,0.347247371034068,0.0839593257703195,0,0,0,0.237457119873289,0,0
"838","837",0,0,0,0,0,0.204863708416023,0.316221249409169,0,0,0.296858763324395,0.182056278850413,0,0
"839","838",0.250712967392935,0,0,0,0,0.0704444888103772,0.231110329080725,0,0,0,0.115606391697423,0,0.33212582301854
"840","839",0.590773421328546,0,0,0,0,0.124326659635703,0,0,0,0,0.138021675530229,0.146878243505522,0
"841","840",0.147135992607441,0,0,0,0,0.197427790088034,0.081227564120336,0.337111233364222,0,0,0.237097419819967,0,0
"842","841",0.165830230779784,0,0,0,0,0.19936862040156,0.0431760161063211,0,0,0,0.290355728395704,0.301269404316632,0
"843","842",1,0,0,0,0,0,0,0,0,0,0,0,0
"844","843",0,0,0,0,0.216051845626418,0,0,0.209783075633968,0,0,0.574165078739614,0,0
"845","844",0.122080550095619,0,0,0,0,0.724005966080206,0,0,0,0,0.153913483824175,0,0
"846","845",0.59982089155643,0,0,0,0,0,0.0425871841324616,0,0.228809613246297,0,0.128782311064811,0,0
"847","846",0,0,0,0,0,0.432322874579375,0.357830163267779,0,0,0,0.209846962152846,0,0
"848","847",0,0,0.164645531522813,0,0.190020169676901,0,0.436715898499369,0,0,0,0.208618400300918,0,0
"849","848",0.473476117468731,0,0,0,0,0.526523882531269,0,0,0,0,0,0,0
"850","849",0.606327980192739,0,0,0,0,0.248989435944177,0.0254011958517695,0,0,0,0.119281388011314,0,0
"851","850",0,0,0,0,0,0,0.36695885082322,0.27799826966464,0,0,0.355042879512139,0,0
"852","851",0.425198553286692,0,0,0,0,0.358777036111058,0.0246193120144266,0,0,0,0.191405098587823,0,0
"853","852",0,0,0,0,0,0,0.38916528921395,0.278368126915925,0,0,0.332466583870124,0,0
"854","853",0,0,0,0,0,0.2123394338362,0.108763170384293,0,0.262858811293629,0,0.164008917931583,0,0.252029666554295
"855","854",0.246785918785774,0,0,0,0,0,0.0655016513562994,0.325438742062616,0,0,0.36227368779531,0,0
"856","855",0,0,0,0,0,0,0.584314458879031,0,0,0,0.415685541120969,0,0
"857","856",0,0,0,0,0.126410630093183,0,0.181610651582559,0.199592399247679,0,0,0.241103680777202,0.251282638299377,0
"858","857",0.175667427321709,0,0,0,0.170100439674664,0.160114524711895,0.106948945585723,0.19446943203626,0,0,0.192699230669748,0,0
"859","858",0,0,0,0,0,0.224883722034632,0.293904237022796,0,0.481212040942572,0,0,0,0
"860","859",0,0,0,0,0,0.540706103416632,0.325614401853282,0,0,0,0.133679494730086,0,0
"861","860",0.705591147294805,0,0,0,0,0,0.0196400354447389,0,0,0,0.274768817260456,0,0
"862","861",0.442853191809007,0,0,0,0,0,0.265286582980315,0,0,0,0.291860225210678,0,0
"863","862",0.314406110752007,0,0,0,0,0.467033506528602,0,0,0,0,0.218560382719391,0,0
"864","863",0.412726824095767,0,0,0,0,0.554060910363587,0.0332122655406464,0,0,0,0,0,0
"865","864",0,0,0.172209241527109,0,0,0.375300850352161,0.289832744348146,0,0,0,0.162657163772584,0,0
"866","865",0,0,0,0,0,0.427704503487205,0.572295496512795,0,0,0,0,0,0
"867","866",0,0,0,0,0,0.132575918739595,0,0.233116194296438,0,0,0.207698459269409,0.426609427694559,0
"868","867",0,0,0,0,0,0,0.474627598221026,0,0.2601351978645,0,0.265237203914474,0,0
"869","868",0,0,0,0,0,0.359213189299771,0.433933899392893,0,0,0,0.206852911307336,0,0
"870","869",0.300703638719257,0,0,0,0.187128010920759,0,0.0724678750340925,0,0,0,0.288658994356511,0.151041480969381,0
"871","870",0.384659069606981,0,0,0,0,0.349684092489162,0.0241410805865462,0,0,0,0.241515757317311,0,0
"872","871",0,0,0,0,0,0.199785168913257,0.0380498502501333,0.201421607801389,0,0,0.140757809780473,0,0.419985563254748
"873","872",0,0,0,0,0,0.231448007767453,0.259729011486576,0.155555042037334,0,0.164113801544552,0.189154137164085,0,0
"874","873",0,0,0,0,0,0.255900116894509,0.549224424752771,0,0,0,0.19487545835272,0,0
"875","874",0,0,0,0,0.222232222972813,0.144824396340974,0.142704532173256,0.254873185944733,0,0,0.235365662568225,0,0
"876","875",0.517541874029543,0,0,0,0,0.189341414676727,0,0,0,0,0.293116711293729,0,0
"877","876",0,0,0,0,0.148192330172057,0,0.171108303986539,0.182323112079238,0,0,0.255579128626047,0.242797125136119,0
"878","877",0.399321614266655,0,0,0,0,0.35263379692108,0.115625679312524,0,0,0,0.132418909499741,0,0
"879","878",0.816333756585676,0,0,0,0,0.18363059527135,3.56481429741779e-05,0,0,0,0,0,0
"880","879",0,0,0,0,0,0,0.421818576568981,0,0.385110603497622,0,0.193070819933397,0,0
"881","880",0,0,0,0,0,0.714068619039657,0.0850356053711001,0,0,0,0.200895775589243,0,0
"882","881",0,0,0,0,0,0.378487102327923,0,0,0,0,0.262215557658265,0,0.359297340013813
"883","882",0.393313328590685,0,0,0,0.159289248625517,0,0.26056556290341,0,0,0,0,0.186831859880389,0
"884","883",0,0,0,0,0.261197398696411,0.380255342704821,0.195659237427633,0,0,0,0,0.162888021171134,0
"885","884",0,0,0,0,0,0.266830370344917,0.399331079092503,0,0,0,0.33383855056258,0,0
"886","885",0,0,0,0,0,0.152998125676275,0.223844525053224,0,0.366621420366597,0.256535928903904,0,0,0
"887","886",0,0,0.293942067209844,0,0,0,0.192519799125632,0.316939118766962,0,0,0.196599014897563,0,0
"888","887",0.568596855526625,0,0,0,0,0.388038011931597,0.0433651325417782,0,0,0,0,0,0
"889","888",0,0,0.254932891049687,0,0,0,0.495402042551241,0.249665066399072,0,0,0,0,0
"890","889",0,0,0,0,0,0.549459654193995,0.234896249454277,0,0,0,0.215644096351728,0,0
"891","890",0.252065150714225,0,0,0,0,0,0.0564233819933592,0,0,0,0.159200270545871,0,0.532311196746545
"892","891",0.615880491527246,0,0,0,0,0,0.152427479874649,0,0,0,0.231692028598106,0,0
"893","892",0,0,0,0,0,0,0.400151339226375,0,0,0.170590531884171,0.108486053714521,0.320772075174933,0
"894","893",0,0,0,0,0,0,0.371662741078589,0.264729029063366,0,0,0.207627983737144,0,0.1559802461209
"895","894",0.332963122049546,0,0,0,0,0.253300776498449,0.197908026400226,0,0,0,0.215828075051779,0,0
"896","895",0,0,0.264035993807935,0,0,0,0.298238464506861,0.159831057128726,0,0,0.129750486328701,0,0.148143998227778
"897","896",0,0,0.276752803883084,0,0,0.450433768592615,0.121594866486757,0,0,0,0.151218561037543,0,0
"898","897",0,0,0.132702397884838,0,0,0,0.191259409209717,0.198697747089064,0.265348455796313,0,0.211991990020067,0,0
"899","898",0.540529353554127,0,0,0,0,0.343301833754831,0,0,0,0,0.116168812691042,0,0
"900","899",0,0,0,0,0,0,0.0531683442057524,0,0.619392063375726,0,0.327439592418521,0,0
"901","900",0.410429883459117,0,0,0,0,0.183844986047798,0.0188903026275602,0,0.223879635537412,0,0.162955192328113,0,0
"902","901",0,0,0,0,0,0,0.545034004789915,0,0,0,0.454965995210085,0,0
"903","902",0,0,0,0,0.202299333985116,0.475987172502294,0.107364582518849,0,0,0,0.214348910993741,0,0
"904","903",0,0,0,0,0,0.396733143334068,0,0,0,0,0.327403332673639,0,0.275863523992293
"905","904",0,0,0,0,0,0.382308631953913,0.369990206064276,0.247701161981811,0,0,0,0,0
"906","905",0,0,0.424725462736106,0,0,0,0.0411537327111912,0.227885269803544,0,0,0.306235534749159,0,0
"907","906",0.558033620862077,0,0,0,0,0,0.272491869802856,0,0,0,0.169474509335068,0,0
"908","907",0.463613772860192,0,0,0,0.139159543205528,0,0.161857092580177,0,0,0,0.235369591354103,0,0
"909","908",0,0,0,0,0,0,0.457355695797641,0,0,0.307838360116781,0.234805944085578,0,0
"910","909",0.207330228013311,0,0,0,0.150571537082545,0.135732479911481,0.0296352842285794,0,0,0,0.476730470764084,0,0
"911","910",0,0,0.181122285028285,0,0,0.284600375544192,0.229699520953742,0,0,0.157301860311984,0.147275958161797,0,0
"912","911",0,0,0,0,0,0.398120995276701,0.198024061414254,0,0.233041548248406,0,0.170813395060639,0,0
"913","912",0,0,0,0,0,0,0.336742799383357,0,0,0,0.314736564337644,0.348520636278999,0
"914","913",0,0,0.232983685811469,0,0,0.152829519356631,0.45538505632782,0,0,0,0.15880173850408,0,0
"915","914",0.250852424584355,0,0,0,0,0.182608137577068,0.101728908046348,0,0,0,0.464810529792229,0,0
"916","915",0.525131318281437,0,0,0,0,0,0,0.305394993915193,0,0,0.16947368780337,0,0
"917","916",0,0,0,0,0,0.449736442267098,0.336807177298177,0,0,0,0,0,0.213456380434726
"918","917",0.59912040591056,0,0,0,0.138624081396957,0,0.0965622522203458,0,0,0,0.165693260472137,0,0
"919","918",0,0,0,0,0,0.422364310824951,0.235379071629301,0,0,0,0.342256617545748,0,0
"920","919",0,0,0.134086554196666,0,0,0,0,0.388017587882944,0,0,0.155218764582499,0.322677093337891,0
"921","920",0.398506217810562,0,0,0,0,0,0,0,0.352759071628549,0,0.248734710560889,0,0
"922","921",0.231006518576452,0,0,0,0,0.269444111310671,0,0,0,0,0.273572514495957,0,0.22597685561692
"923","922",0,0,0,0,0,0.201383422932381,0.322440760495591,0,0,0,0,0.476175816572028,0
"924","923",0.451219446194202,0,0,0,0,0,0.248542395985885,0,0,0,0.300238157819912,0,0
"925","924",0.668695380587585,0,0,0,0,0,-5.83613006698215e-19,0,0,0.194537550590031,0.136767068822383,0,0
"926","925",0,0,0,0,0,0.513451050057674,0.238849529717862,0,0,0,0.247699420224463,0,0
"927","926",0.334005198369439,0,0,0,0,0.143966113426688,0.205097705871068,0.202535736270195,0,0,0.114395246062611,0,0
"928","927",0.302688307875955,0,0,0,0,0.111538335810029,0.0613653320926308,0.288298111424894,0.236109912796492,0,0,0,0
"929","928",0.369306993915913,0,0,0,0,0.368771591638974,0.104843333027558,0,0,0,0.157078081417555,0,0
"930","929",0.233133701315654,0,0,0,0,0,0.356502119437924,0,0,0,0,0.410364179246422,0
"931","930",0,0,0,0,0,0,0.374078211637313,0,0,0,0.301884786454083,0.324037001908604,0
"932","931",0,0,0,0,0,0,0.266534951273077,0.229369485360587,0,0.30730001107424,0,0.196795552292096,0
"933","932",0.241748927755579,0,0,0,0,0.173177068665139,0,0,0,0,0.309006232596623,0.276067770982659,0
"934","933",0.320333484909196,0,0,0,0,0.199225174572252,0.166722199096304,0,0,0,0.136945873242261,0.176773268179987,0
"935","934",0,0,0,0,0,0,0.807230561637815,0,0,0,0.192769438362185,0,0
"936","935",0,0,0,0,0.194289726628748,0.434136620989757,0.151776425839149,0,0,0,0.219797226542346,0,0
"937","936",0.474108296174538,0,0,0,0,0,0.206620841728741,0,0,0,0,0.319270862096722,0
"938","937",0.541794525865326,0,0,0,0,0,0.278551817029968,0,0,0,0.179653657104706,0,0
"939","938",0.533130611894923,0,0,0,0,0.299616673884515,0,0,0,0,0.167252714220562,0,0
"940","939",0,0,0.280869432691208,0,0,0,0.231551004930389,0.266719466365789,0,0,0,0.220860096012613,0
"941","940",0,0,0.211771922452728,0,0,0.219268358897986,0.293091841287018,0,0,0,0.275867877362267,0,0
"942","941",0.295240698879039,0,0,0,0,0.573644110631795,0,0,0,0,0.131115190489166,0,0
"943","942",0,0,0,0,0,0.190871206919774,0.333144140590644,0,0,0,0.475984652489582,0,0
"944","943",0,0,0,0,0,0.222036486829156,0.394619862660818,0,0,0,0.383343650510027,0,0
"945","944",0,0,0,0,0,0.319630691369782,0.4772661373478,0,0,0,0.203103171282418,0,0
"946","945",0.25823322143281,0,0,0,0,0,0.265965023230936,0,0,0,0.475801755336254,0,0
"947","946",0,0,0,0,0,0.135455084271789,0.138118915038854,0.726426000689357,0,0,0,0,0
"948","947",0,0,0,0,0,0.560680627926817,0.243048553113191,0,0,0,0.196270818959992,0,0
"949","948",0.182255777001193,0,0,0,0,0.461717621737522,0,0,0,0,0.124584654985879,0,0.231441946275406
"950","949",0.599197532592556,0,0,0,0,0,0.172501360081945,0,0,0,0,0.228301107325499,0
"951","950",0,0,0,0,0,0.252307276170499,0.200543419585191,0,0,0,0.30726749160745,0.23988181263686,0
"952","951",0,0,0,0,0,0,0.214038454655927,0.412499243595253,0,0,0.37346230174882,0,0
"953","952",0.365051297164934,0,0,0,0,0.628856261256611,0.00609244157845481,0,0,0,0,0,0
"954","953",0,0,0,0,0,0.570496537665904,0.164469779883618,0,0,0,0.265033682450477,0,0
"955","954",0.493108597098876,0,0,0,0,0.15079152027981,0,0,0,0,0.356099882621314,0,0
"956","955",0.369173303898252,0,0,0,0,0.115840422826523,0.124509955396021,0,0,0,0.103170641209061,0.287305676670144,0
"957","956",0.533374828810393,0,0,0,0,0.280311251509721,0.0598504674397287,0,0,0,0.126463452240157,0,0
"958","957",0.219276564957866,0,0,0,0,0.254751462606229,0,0,0,0,0.525971972435906,0,0
"959","958",0.452765002396353,0,0,0,0,0,0.135044914723658,0,0,0,0.412190082879989,0,0
"960","959",0,0,0,0,0,0.26168424083494,0.221135873814598,0.211527281496987,0.162165967654709,0,0,0,0.143486636198766
"961","960",0.181849045453655,0,0,0,0,0.217083376932609,0.110042813211367,0.333361797643406,0,0,0.157662966758963,0,0
