,T_CD4,T_CD8,T_reg,mDC,mono-mac,myeloid,pDC,plasma,tumour_1,tumour_2
0,0.113646924,0.104385674,0.10646703,0.09733014,0.10204445,0.12052939,0.08316569,0.09352206,0.09301033,0.0858984
1,0.11363062,0.1044155,0.10647989,0.09734217,0.102028035,0.12061123,0.08313088,0.09349009,0.092931435,0.08594015
2,0.11349704,0.10450482,0.10659476,0.09716281,0.1020252,0.12060045,0.083132744,0.093451954,0.09299032,0.08603991
3,0.11357274,0.10428549,0.10642004,0.09732617,0.101717696,0.1210488,0.08310433,0.093592174,0.092906214,0.08602637
4,0.1134759,0.10464664,0.10661673,0.09729759,0.10228423,0.12045333,0.08299796,0.09357457,0.092606515,0.08604646
5,0.11359411,0.104473114,0.10656345,0.0972469,0.101953566,0.120611794,0.08311915,0.09344056,0.09301304,0.08598434
6,0.113609895,0.10443524,0.10653607,0.097271636,0.101964444,0.12058944,0.083102755,0.093463935,0.093019664,0.08600699
7,0.11350224,0.104452714,0.10661113,0.09709681,0.1020329,0.12066264,0.08327813,0.09353624,0.0930489,0.08577836
8,0.11387126,0.10432921,0.10629953,0.09748897,0.10183193,0.120720655,0.083021194,0.0936235,0.09288889,0.085924834
9,0.11352607,0.10444731,0.106573634,0.0972139,0.101956055,0.120652966,0.08317758,0.09346824,0.09303925,0.08594503
10,0.113610536,0.10439194,0.10646069,0.09723486,0.10201341,0.120585494,0.083135486,0.0935027,0.093044974,0.086019866
11,0.113738306,0.10433733,0.10638717,0.097468495,0.10183257,0.120757446,0.08306245,0.093499,0.09291424,0.086002976
12,0.11371236,0.10434675,0.10646064,0.097309195,0.10195134,0.12063229,0.083124936,0.09349057,0.093026526,0.0859453
13,0.11372958,0.104490474,0.10662681,0.09702221,0.10211075,0.12048617,0.08313864,0.09357875,0.093012586,0.085804045
14,0.11362973,0.104335114,0.10649145,0.097306594,0.102067225,0.12056366,0.08327166,0.09346511,0.09304144,0.08582799
15,0.11401688,0.1047089,0.106518306,0.09707049,0.10172782,0.12057656,0.082489505,0.093579486,0.09294313,0.0863689
16,0.11364186,0.10441172,0.106315576,0.097605094,0.10230223,0.12069107,0.08352879,0.093576066,0.092599496,0.08532806
17,0.1137591,0.10448286,0.10651017,0.09725152,0.10188401,0.12057535,0.08299744,0.093341485,0.09308714,0.08611088
18,0.113532685,0.10458765,0.106626846,0.09716291,0.10200903,0.12062092,0.08319576,0.09356826,0.092882924,0.085813
19,0.11336431,0.10447122,0.10669934,0.09720643,0.101794526,0.12103985,0.08307249,0.0935053,0.09286101,0.08598548
20,0.11355147,0.104459725,0.10658433,0.09723224,0.10195168,0.12066342,0.08310376,0.0934573,0.09299848,0.08599752
21,0.113897935,0.1044383,0.106445484,0.097767934,0.10179579,0.120867305,0.08299701,0.093921766,0.09251868,0.085349865
22,0.11345445,0.10454889,0.10660477,0.09716285,0.101905525,0.12064809,0.083138496,0.09338012,0.09302784,0.08612901
23,0.11352093,0.10450184,0.10663515,0.09717635,0.10197277,0.120622925,0.083099574,0.093453944,0.09299307,0.08602348
24,0.11365979,0.10438238,0.10652185,0.09723801,0.1020436,0.12063972,0.08313348,0.09341498,0.0930391,0.08592706
25,0.113672286,0.104504146,0.10660771,0.09717697,0.10174447,0.12082108,0.08304783,0.09345974,0.09301729,0.08594847
26,0.113651976,0.10437468,0.1065012,0.09732929,0.10203139,0.120561,0.083161846,0.093499966,0.092987694,0.08590096
27,0.1135475,0.1044521,0.106498785,0.09733363,0.10201792,0.12052051,0.08332398,0.09345341,0.09294951,0.085902706
28,0.11363886,0.1043792,0.10650019,0.097224034,0.10203983,0.12058886,0.08320364,0.09338878,0.09310098,0.085935675
29,0.11358194,0.104412705,0.1065376,0.09729208,0.10215865,0.120483026,0.083317645,0.093635455,0.09286139,0.085719444
30,0.11355207,0.10440196,0.106515355,0.09737305,0.101638585,0.12071119,0.083083816,0.09334209,0.09313565,0.08624619
31,0.11361663,0.10443494,0.10655682,0.09724918,0.10195274,0.120645635,0.08307215,0.0934572,0.092992015,0.0860227
32,0.11361584,0.10440563,0.106517695,0.097324304,0.10198696,0.12062879,0.083119035,0.09347715,0.09296554,0.08595898
33,0.11370136,0.10437741,0.10637259,0.097568974,0.101789996,0.12082726,0.08309165,0.093494825,0.092816256,0.08595967
34,0.113502756,0.10454001,0.10669759,0.09728905,0.10196452,0.12048991,0.083104506,0.09344454,0.09296324,0.08600389
35,0.11373746,0.104506165,0.10663149,0.09719636,0.10195007,0.12049829,0.08297556,0.09339596,0.09305548,0.08605309
36,0.11358792,0.10443223,0.10657262,0.09718953,0.1017983,0.12089323,0.08307151,0.09344044,0.093037,0.085977286
37,0.11352096,0.10439681,0.10647614,0.09713826,0.101850264,0.12081733,0.083188646,0.09339082,0.09307015,0.08615065
38,0.113662496,0.10433468,0.10649137,0.097417586,0.10190561,0.12077579,0.08312465,0.093483485,0.092904046,0.085900314
39,0.11368272,0.10441526,0.10652007,0.09727981,0.10197393,0.120622694,0.08308593,0.09350875,0.09297851,0.08593236
40,0.11349708,0.10446156,0.106605925,0.09723713,0.10176403,0.120939516,0.08306129,0.09348959,0.092947036,0.0859969
41,0.11356305,0.1044724,0.10650031,0.09731176,0.10174411,0.12087442,0.0830619,0.09362696,0.09287139,0.085973695
42,0.11365443,0.10433933,0.106445774,0.097314425,0.10198164,0.12071004,0.08320361,0.09351806,0.09300231,0.085830376
43,0.11367835,0.10437357,0.106581815,0.09735213,0.10192889,0.120681494,0.0830356,0.09345399,0.092961654,0.08595248
44,0.11352753,0.10434661,0.10654686,0.0973565,0.10206426,0.12049553,0.08332821,0.09367401,0.092892125,0.085768364
45,0.113890715,0.104224294,0.106309794,0.09752993,0.10200594,0.120574504,0.083057635,0.093538225,0.092940085,0.08592886
46,0.11359329,0.10435281,0.1062926,0.09748064,0.10142926,0.12102976,0.08293122,0.09361668,0.09285111,0.0864226
47,0.11363255,0.10436279,0.106559955,0.09722768,0.10165786,0.120942585,0.08291291,0.093599506,0.092938974,0.0861652
48,0.11389094,0.1048847,0.106458075,0.09747228,0.10179927,0.12052109,0.082933806,0.093452096,0.09288195,0.08570577
49,0.11364175,0.10444359,0.106514774,0.09729955,0.101942465,0.120705314,0.0830886,0.0935533,0.092909224,0.08590141
50,0.113752596,0.10434389,0.10642097,0.09743534,0.10193073,0.12072374,0.08311434,0.09351939,0.09288405,0.085874885
51,0.1134328,0.10447661,0.10659642,0.09719326,0.10194283,0.12074107,0.08315095,0.09340798,0.09298388,0.08607419
52,0.11372651,0.10445803,0.10651205,0.09720474,0.1018297,0.12086496,0.0829866,0.0935878,0.09296937,0.085860185
53,0.11368441,0.104403,0.106353246,0.09737398,0.10175719,0.1207078,0.08299215,0.093495876,0.092967056,0.08626536
54,0.11367251,0.10443741,0.106481604,0.097221844,0.10165794,0.120921165,0.083073586,0.09351461,0.09300342,0.08601601
55,0.11378127,0.10430991,0.106361665,0.097491026,0.101896,0.12068495,0.08312881,0.09354563,0.09291141,0.08588932
56,0.113776304,0.10429682,0.10634483,0.09746827,0.1019339,0.120724335,0.08315003,0.09353461,0.09294075,0.085830115
57,0.11358338,0.104362294,0.106560625,0.09705204,0.101669826,0.12110464,0.08300742,0.09360602,0.093059614,0.0859941
58,0.113726236,0.104375295,0.1064474,0.09727403,0.10204846,0.12051419,0.083125316,0.093473166,0.09302806,0.08598788
59,0.113755085,0.1042711,0.10640736,0.09738117,0.10203952,0.12051064,0.08320662,0.09348841,0.0930437,0.085896306
60,0.11375016,0.10430465,0.106403515,0.097394645,0.10198137,0.120609626,0.0831499,0.093504384,0.09300174,0.08589994
61,0.113701314,0.10436294,0.10644402,0.09734296,0.10191615,0.12071842,0.083061144,0.093522005,0.09292495,0.086006105
62,0.11400251,0.10432432,0.10642399,0.09747751,0.101864636,0.12048471,0.08283882,0.09339405,0.09316528,0.08602419
63,0.113568336,0.10449073,0.10662171,0.097199336,0.10190995,0.12065294,0.08303096,0.0934039,0.092986904,0.086135186
64,0.11356579,0.104474716,0.106547296,0.0972355,0.10201807,0.12062056,0.08312673,0.0934606,0.09297275,0.08597799
65,0.113529034,0.1045157,0.10663372,0.09710795,0.10193093,0.12068157,0.08308352,0.09345815,0.09298368,0.08607571
66,0.11375913,0.10432704,0.10639192,0.09745042,0.10193283,0.12067639,0.083093055,0.09351574,0.09293004,0.08592345
67,0.11348389,0.104266845,0.10641863,0.097353525,0.10208747,0.12070144,0.08330294,0.093573965,0.09299638,0.08581492
68,0.113718316,0.104425766,0.10649778,0.09729605,0.101848535,0.12067068,0.083025955,0.09361444,0.093009226,0.08589322
69,0.11365647,0.10444035,0.106627405,0.09737253,0.10199098,0.12062742,0.08293773,0.09348838,0.09287094,0.085987814
70,0.11378142,0.104428075,0.10649756,0.09725857,0.101872474,0.12066884,0.08302245,0.09349412,0.09300209,0.085974455
71,0.113499664,0.10448214,0.1064348,0.09751608,0.10201084,0.12086151,0.08311977,0.09356872,0.09256811,0.08593845
72,0.11358506,0.10438013,0.1065315,0.09722273,0.1017747,0.12075169,0.08325754,0.09326976,0.09329973,0.08592725
73,0.11369685,0.10433621,0.10644656,0.09737923,0.10205422,0.12053904,0.083190165,0.0934789,0.0930068,0.08587208
74,0.11365704,0.10436273,0.10651712,0.09736369,0.101940885,0.12067942,0.08311309,0.093521744,0.09292475,0.08591954
75,0.11337707,0.1045592,0.106711015,0.09715867,0.101580165,0.121131144,0.083000176,0.09350646,0.09288679,0.086089335
76,0.113641046,0.10434435,0.10648311,0.0973172,0.10196079,0.12063591,0.08321386,0.09346657,0.09303179,0.08590532
77,0.113684475,0.104418054,0.10649809,0.09731892,0.10188145,0.120572045,0.08310717,0.09342387,0.09308598,0.08601001
78,0.11384824,0.10437901,0.10642334,0.097281374,0.102107845,0.12030403,0.083216004,0.09355554,0.09311166,0.08577302
79,0.11330868,0.10455726,0.106524676,0.0975084,0.101951,0.12078828,0.08354532,0.093325354,0.09288099,0.085609965
80,0.1135176,0.10437839,0.106649324,0.09726552,0.10194269,0.12075614,0.08326561,0.09343822,0.093004405,0.08578214
81,0.11390222,0.10444433,0.10645373,0.09739402,0.10189542,0.120535016,0.08311733,0.09361319,0.09296519,0.08567953
82,0.113692515,0.104436524,0.10651551,0.09730197,0.10195582,0.12062354,0.083072715,0.09352216,0.092960104,0.08591914
83,0.11349171,0.10458339,0.10667113,0.097242266,0.10181449,0.12081526,0.083038196,0.09349788,0.09281127,0.086034484
84,0.11370575,0.10440136,0.10644902,0.09741731,0.101961106,0.12061157,0.08308959,0.09352101,0.09293232,0.085911006
85,0.11365314,0.10433291,0.10643578,0.097364746,0.101926245,0.12067674,0.083171934,0.093504325,0.09297974,0.085954465
86,0.11354518,0.1044994,0.106462434,0.097401336,0.102000244,0.12073744,0.08308923,0.093513146,0.09277205,0.08597962
87,0.11360163,0.10437937,0.10651443,0.09728244,0.1021118,0.12043185,0.08324193,0.09343899,0.093069345,0.085928194
88,0.11367808,0.10432516,0.10647903,0.0973651,0.10202812,0.12055563,0.08317844,0.093497925,0.09299941,0.08589309
89,0.1136839,0.10434649,0.106490694,0.0973397,0.10198243,0.12060508,0.08311956,0.09346911,0.09301155,0.08595142
90,0.113736205,0.10428933,0.10638418,0.09753441,0.1018521,0.12086113,0.08318977,0.093700714,0.092548326,0.08590383
91,0.11388496,0.103997864,0.106296554,0.09705004,0.10184802,0.12104354,0.0830373,0.09341278,0.093345314,0.08608366
92,0.11373581,0.10445863,0.106451124,0.09719504,0.101888925,0.12073584,0.08311638,0.093400605,0.09303987,0.085977845
93,0.11374647,0.10442373,0.10649255,0.09743518,0.10192613,0.12065697,0.08304904,0.09357051,0.092854954,0.08584455
94,0.113522254,0.10437577,0.10645681,0.09729554,0.10203496,0.12059549,0.08335087,0.09359203,0.09293666,0.085839555
95,0.113762446,0.104226254,0.10636344,0.09747356,0.10202033,0.12059498,0.0832272,0.09351727,0.09298957,0.085824996
96,0.11369119,0.1045468,0.10654861,0.097264014,0.10191004,0.120607935,0.08303137,0.093413524,0.09296835,0.086018175
97,0.11370695,0.104282185,0.10640972,0.097314686,0.10207988,0.120548226,0.08322354,0.09345952,0.093080066,0.085895196
98,0.113701284,0.104311876,0.10641395,0.097382605,0.101979904,0.12061511,0.08317766,0.093533926,0.09299295,0.085890725
99,0.113731466,0.104373835,0.10644826,0.097441524,0.10196713,0.120646626,0.08305797,0.093571134,0.09285907,0.08590298
100,0.1136813,0.10440954,0.10647756,0.09735533,0.10202138,0.120584235,0.08317954,0.09350303,0.09293707,0.08585109
101,0.11362264,0.104238816,0.106437564,0.09720213,0.102100335,0.12088565,0.08312738,0.09368321,0.0929082,0.085794
102,0.11383302,0.10455384,0.10661517,0.097435854,0.10197627,0.12043031,0.082932405,0.09346975,0.09277565,0.08597774
103,0.11380729,0.10445391,0.10639438,0.09741781,0.1016196,0.12064319,0.08269189,0.0933447,0.09313998,0.08648727
104,0.113648966,0.104491,0.10650721,0.097162314,0.10210373,0.120474786,0.08291856,0.09343122,0.09301345,0.08624877
105,0.11362192,0.104361415,0.10648207,0.097321436,0.102000594,0.12060775,0.08316901,0.09348742,0.09299988,0.08594857
106,0.11370407,0.104424514,0.106506854,0.09720827,0.10190536,0.12058314,0.083049595,0.093452066,0.09306775,0.086098455
107,0.11400896,0.104273744,0.10632721,0.097560816,0.101974525,0.12038635,0.08299754,0.09341772,0.09294557,0.08610757
108,0.11371567,0.10430254,0.10642526,0.09738566,0.10203761,0.120513014,0.08319234,0.09351038,0.093009666,0.08590789
109,0.113674276,0.104364224,0.10645799,0.09734942,0.101961106,0.12063916,0.083108895,0.093500175,0.09298023,0.08596455
110,0.1136741,0.10433858,0.106479004,0.09734222,0.10198232,0.12056527,0.083148815,0.093480684,0.093025595,0.08596334
111,0.114274964,0.104204014,0.10644452,0.09717755,0.10176977,0.1211074,0.08294156,0.0934786,0.09305903,0.0855426
112,0.11368666,0.10432163,0.10644449,0.09738936,0.10189309,0.12076431,0.08318048,0.09348419,0.09299028,0.085845456
113,0.11376605,0.10447988,0.10653717,0.097271465,0.101836495,0.1206554,0.08298536,0.09345426,0.09306094,0.08595304
114,0.113845095,0.10425217,0.10632275,0.09751639,0.10191153,0.12068589,0.08310564,0.093568265,0.09293954,0.085852735
115,0.113656156,0.10438628,0.106519744,0.09732833,0.101956524,0.120631546,0.08311568,0.09346131,0.09298932,0.085955076
116,0.113769315,0.10424627,0.106386386,0.09737578,0.102057375,0.120510966,0.08321694,0.0935003,0.09306092,0.08587574
117,0.1138066,0.10420533,0.10634817,0.09746891,0.102083296,0.120522015,0.083236046,0.09352202,0.09300356,0.08580408
118,0.113564216,0.10428948,0.10655741,0.0974622,0.101955764,0.12069805,0.083173946,0.09339535,0.09295237,0.08595124
119,0.11365111,0.10431761,0.106455594,0.09736296,0.1019767,0.12063621,0.08319106,0.093473814,0.0929847,0.08595018
120,0.113677196,0.1043608,0.106510445,0.097324245,0.10201794,0.12055881,0.083132654,0.0934866,0.09298128,0.08595005
121,0.11376119,0.10413653,0.106177635,0.09737151,0.102121696,0.120638795,0.08297576,0.09345012,0.09308138,0.08628536
122,0.11372836,0.104412414,0.10652331,0.09729851,0.10195813,0.12072978,0.083005995,0.09353952,0.092910476,0.08589352
123,0.113703735,0.10442275,0.10651715,0.09728036,0.101937346,0.120711595,0.083062865,0.09347697,0.092989326,0.085897915
124,0.11331822,0.104578815,0.106779546,0.09686607,0.10194494,0.12098052,0.083107084,0.09347042,0.09295233,0.086002074
125,0.11356613,0.1044343,0.10654776,0.09725735,0.10201772,0.12055794,0.08314639,0.09346457,0.09301415,0.08599373
126,0.113699816,0.104355104,0.106437385,0.09736496,0.10202215,0.12059522,0.08315697,0.09350928,0.09298231,0.08587679
127,0.113560826,0.10448231,0.1065745,0.097275056,0.10192986,0.12076658,0.08308683,0.09348991,0.09289873,0.08593542
128,0.11372987,0.104306206,0.10644139,0.09736085,0.10202666,0.12053376,0.08315949,0.093492076,0.09304173,0.08590786
129,0.11358557,0.104397036,0.106585726,0.0972965,0.102018416,0.120596476,0.08314422,0.093521185,0.09298253,0.08587232
130,0.113708846,0.104297474,0.10640983,0.0973983,0.10196272,0.12062434,0.08317984,0.09350392,0.09301308,0.085901655
131,0.113655366,0.10433835,0.10650258,0.09742009,0.10203412,0.12035494,0.08319344,0.09343035,0.093106866,0.085963964
132,0.113584965,0.104579635,0.10667316,0.09713429,0.10202983,0.12050548,0.08304386,0.09345047,0.0930086,0.085989654
133,0.11366241,0.10448868,0.106554896,0.0973536,0.10193139,0.12067926,0.083049566,0.093506105,0.092898555,0.08587562
134,0.1138904,0.10441772,0.10618933,0.09747668,0.10216257,0.12057871,0.08314301,0.093636304,0.092803836,0.08570143
135,0.11368364,0.10435315,0.10649772,0.09734291,0.1019154,0.12071106,0.08307692,0.09354246,0.09294898,0.08592768
136,0.11380216,0.104298115,0.106411435,0.09738252,0.10194679,0.1206061,0.08311479,0.093463205,0.09304728,0.08592763
137,0.11360322,0.10444813,0.10651408,0.09741447,0.10189069,0.12079993,0.08306739,0.09358781,0.092797026,0.08587723
138,0.11413631,0.10435837,0.106235996,0.097349025,0.10165414,0.12061313,0.082800865,0.09344104,0.09314052,0.08627053
139,0.11342558,0.10442779,0.106579445,0.09755767,0.10183352,0.120847315,0.08333054,0.09339301,0.09285569,0.08574932
140,0.11374383,0.10435292,0.10644288,0.097366266,0.10189579,0.12068365,0.08309904,0.09351119,0.09299445,0.08590992
141,0.11365697,0.10432942,0.10651222,0.09729709,0.101963334,0.12066034,0.08316153,0.09341699,0.09304428,0.085957885
142,0.113605976,0.10448326,0.10656031,0.097209044,0.10193224,0.12062335,0.08304916,0.093446925,0.09302298,0.08606677
143,0.11362,0.104385726,0.106526494,0.09728563,0.10195807,0.120657444,0.08309382,0.09346885,0.09300634,0.085997626
144,0.11365455,0.10438844,0.10649035,0.09732154,0.10196998,0.12058582,0.08313203,0.093461305,0.09301373,0.08598223
145,0.113626786,0.10443339,0.10653347,0.09731522,0.10203402,0.120502226,0.08313723,0.09347337,0.092973694,0.08597062
146,0.11367716,0.10449676,0.106535666,0.09723854,0.10191206,0.12063853,0.083087474,0.09358661,0.092991225,0.08583595
147,0.11370019,0.10454609,0.106554344,0.09715001,0.10193351,0.12061029,0.082892485,0.09333618,0.0930511,0.08622573
148,0.11357584,0.104432724,0.10651798,0.097296596,0.10194715,0.12063312,0.08314018,0.093468346,0.09297181,0.08601625
149,0.11361189,0.10439129,0.106479265,0.097505875,0.102223106,0.120575085,0.083178364,0.09366042,0.09275271,0.08562198
150,0.11353483,0.10448717,0.10655291,0.09728812,0.101957165,0.12065184,0.08321929,0.09358394,0.09294324,0.08578138
151,0.11374189,0.10456887,0.1065511,0.09721414,0.10186304,0.12071219,0.08291735,0.09342396,0.092974,0.0860335
152,0.11353636,0.10438212,0.106616795,0.09706257,0.10205152,0.120774105,0.083222486,0.093392685,0.09302132,0.08594008
153,0.11352044,0.10452815,0.10644979,0.09737776,0.10158566,0.120951205,0.08305079,0.09361516,0.09289884,0.0860222
154,0.11362335,0.10446465,0.106570594,0.09715278,0.10200704,0.12057748,0.08307788,0.093397066,0.093073994,0.08605514
155,0.113610104,0.10433124,0.10661354,0.09709947,0.1018122,0.12092621,0.082931414,0.093554616,0.09290219,0.08621912
156,0.113756254,0.104259595,0.10636449,0.09744231,0.1019809,0.120711744,0.08313475,0.09353859,0.092943035,0.08586833
157,0.11374854,0.10428096,0.1064217,0.09741166,0.102022395,0.12055543,0.083201215,0.09350506,0.09300336,0.08584963
158,0.113436244,0.10462621,0.1067102,0.09721082,0.10184989,0.120924436,0.08308341,0.093710385,0.09277971,0.08566865
159,0.11365224,0.104438044,0.10655182,0.09726866,0.102018684,0.12054779,0.08312098,0.09355154,0.092929445,0.08592073
160,0.11384514,0.104426,0.10648814,0.097385764,0.1019249,0.120582335,0.083018176,0.09361397,0.09291371,0.08580187
161,0.11349608,0.10455587,0.106536366,0.09736882,0.10199199,0.12057082,0.08318893,0.093346015,0.09293509,0.08600996
162,0.11355921,0.10443913,0.10650417,0.097317584,0.101961285,0.12064886,0.083168484,0.09352157,0.0929401,0.08593964
163,0.113773346,0.10430061,0.10642182,0.09740294,0.102013685,0.12055427,0.08312505,0.0935106,0.09298777,0.08590991
164,0.11356318,0.10440591,0.10654795,0.097284764,0.10198418,0.12063484,0.08314602,0.09344978,0.09300924,0.08597415
165,0.11383377,0.104304254,0.10662568,0.09725684,0.10209223,0.12027348,0.082958736,0.09345987,0.09312682,0.08606831
166,0.113660365,0.10439786,0.10648235,0.0973421,0.10194809,0.120650716,0.08312846,0.09347296,0.09296128,0.08595581
167,0.11369556,0.10429623,0.10643536,0.09736102,0.10204849,0.1205423,0.08319009,0.093503416,0.0930179,0.085909635
168,0.11362161,0.10440306,0.10652146,0.09730758,0.101983115,0.12057789,0.08310818,0.09344369,0.09300404,0.08602944
169,0.113346115,0.10450534,0.106567115,0.09740434,0.101971604,0.12064667,0.08337702,0.09317477,0.09297576,0.08603135
170,0.11357356,0.104500145,0.10663869,0.097244024,0.102017365,0.120494634,0.08309095,0.093411274,0.09299914,0.08603017
171,0.11353254,0.1045224,0.1065809,0.097112134,0.101928934,0.120875254,0.08296478,0.093556315,0.09289136,0.08603544
172,0.11407463,0.10479834,0.10653738,0.09707335,0.10171794,0.12054504,0.082616456,0.093621954,0.09293739,0.08607758
173,0.113851435,0.10427789,0.10637858,0.09747075,0.10187825,0.12068839,0.08310449,0.093585245,0.09292243,0.085842535
174,0.11387647,0.10417487,0.10624864,0.09739046,0.10241211,0.120165676,0.083427,0.093685545,0.09306862,0.08555058
175,0.11367417,0.10440095,0.10653408,0.09734849,0.10187335,0.120737575,0.08305799,0.09353253,0.092933334,0.08590748
176,0.11371111,0.10433237,0.10656767,0.09701865,0.10155603,0.12109398,0.08275646,0.09364626,0.09300536,0.08631209
177,0.113574766,0.10452561,0.106606156,0.09725174,0.10186066,0.12089264,0.082991086,0.09357644,0.09282608,0.085894845
178,0.11349769,0.104594275,0.10673411,0.097217925,0.10172865,0.12094771,0.083174825,0.09365099,0.09286637,0.08558743
179,0.11363781,0.10441224,0.10655154,0.0973416,0.10179407,0.1207636,0.08303769,0.093473636,0.09296077,0.08602709
180,0.11367695,0.10434444,0.10656965,0.09740668,0.10180034,0.120613836,0.08320162,0.09343864,0.093080774,0.085867114
181,0.113638654,0.10442785,0.106493555,0.09728233,0.10198225,0.12064361,0.08314539,0.093538016,0.09295567,0.08589263
182,0.11367428,0.10431775,0.10646443,0.097398475,0.10201181,0.12059565,0.08317278,0.09348658,0.093004465,0.085873805
183,0.113749444,0.104300566,0.106414534,0.0974143,0.10204381,0.12048784,0.08315215,0.093498744,0.0930105,0.0859281
184,0.1136947,0.10440997,0.106432706,0.09740173,0.101931356,0.12069754,0.0830675,0.09344802,0.09293674,0.08597968
185,0.11417628,0.10423082,0.106177345,0.097614944,0.10224941,0.12018063,0.083111845,0.09362734,0.09292707,0.085704274
186,0.1132238,0.10402141,0.1063712,0.09764681,0.101585984,0.12126738,0.0833707,0.09356256,0.0930894,0.085860744
187,0.11378127,0.10427335,0.10637863,0.097450204,0.10195848,0.12061329,0.08314139,0.093516104,0.092993505,0.08589377
188,0.11356972,0.10426919,0.10649369,0.097248115,0.10195055,0.12056595,0.08317418,0.0933258,0.09314423,0.08625863
189,0.11366814,0.10436636,0.106476724,0.097357206,0.10193103,0.1206524,0.083147176,0.09351018,0.09298756,0.0859032
190,0.11362819,0.1043722,0.1065001,0.097297035,0.10204701,0.12053125,0.08316804,0.09347684,0.093017936,0.08596134
191,0.11358159,0.104453616,0.10660013,0.09720565,0.10201547,0.12053585,0.083088376,0.09344219,0.09301461,0.086062536
192,0.113712445,0.10450573,0.10654666,0.09727399,0.10179241,0.12078942,0.08295391,0.09347671,0.09291932,0.0860293
193,0.113597035,0.104385555,0.10651554,0.09721026,0.10202156,0.12059714,0.08317222,0.09342449,0.09305331,0.08602289
194,0.11354696,0.104260266,0.10659249,0.09722521,0.102032445,0.12063551,0.083234325,0.0933355,0.093164876,0.085972376
195,0.11375452,0.10437772,0.106442064,0.097425535,0.10182883,0.12075151,0.08305722,0.09352058,0.09295282,0.085889176
196,0.11367683,0.10439146,0.10649182,0.097363904,0.10194803,0.12059924,0.0831269,0.09345204,0.092966005,0.085983746
197,0.113619275,0.10433128,0.10647681,0.09727736,0.10199657,0.120615244,0.083231054,0.09345051,0.09307003,0.08593181
198,0.11363951,0.104342565,0.106456265,0.097433195,0.10187965,0.12077666,0.08315888,0.09355179,0.09288645,0.08587493
199,0.11373853,0.104354195,0.10649946,0.097360864,0.1019043,0.120763324,0.08300767,0.09351063,0.0929378,0.08592319
200,0.11369007,0.104414284,0.106465645,0.09735429,0.10191425,0.12065296,0.08308592,0.09348362,0.0929615,0.085977405
201,0.11354802,0.104391314,0.10653979,0.09722205,0.10195114,0.120663315,0.08314633,0.0934369,0.09308525,0.08601595
202,0.11357735,0.10442305,0.10656156,0.0972613,0.10202622,0.1205474,0.083131626,0.09344299,0.09300697,0.08602155
203,0.113555275,0.1042346,0.10623509,0.09744645,0.10204574,0.1208654,0.083350316,0.09368295,0.092847265,0.08573691
204,0.11317479,0.10417264,0.106514394,0.09721947,0.10211662,0.120733745,0.08361517,0.0936916,0.093035296,0.08572618
205,0.11358163,0.10423467,0.106404044,0.09732111,0.10208639,0.120494135,0.08329444,0.09336827,0.09307881,0.086136565
206,0.113437966,0.104398355,0.10654656,0.09735514,0.10198569,0.12055522,0.0832721,0.093603104,0.0929246,0.08592128
207,0.11353169,0.10440698,0.10655865,0.09727618,0.10196907,0.120660216,0.08315577,0.09346849,0.092963,0.08600995
208,0.113649204,0.10451159,0.10653978,0.097402915,0.101938814,0.12060059,0.08302327,0.09361363,0.092951275,0.08576902
209,0.11371469,0.104347,0.106432624,0.09744043,0.101934426,0.12065488,0.08313417,0.09351589,0.09293739,0.08588858
210,0.11366627,0.10436462,0.10650615,0.097320214,0.102008626,0.120554626,0.083121784,0.09345569,0.09302754,0.085974455
211,0.1136283,0.104417115,0.106489405,0.0971908,0.101754695,0.12073664,0.08294806,0.09339803,0.09314855,0.086288415
212,0.113741554,0.10427872,0.10644388,0.09738697,0.10196035,0.12066993,0.0831491,0.09351357,0.09298759,0.08586832
213,0.11371813,0.104328535,0.10643707,0.09740826,0.101922974,0.12076092,0.08315497,0.09351951,0.092949055,0.0858006
214,0.113645196,0.10412174,0.10638696,0.09725463,0.10214087,0.12069654,0.08340858,0.09353908,0.093142234,0.08566413
215,0.11377438,0.1042627,0.10638704,0.09739586,0.10206101,0.12049998,0.08322844,0.09349434,0.09304277,0.08585345
216,0.11372369,0.10455669,0.10680645,0.097270094,0.10187382,0.1205278,0.08290723,0.09321182,0.09298027,0.086142085
217,0.11344351,0.10459009,0.10663306,0.097117215,0.101902485,0.1208643,0.083133,0.09346855,0.09297131,0.08587641
218,0.11335618,0.10421605,0.10650257,0.09712756,0.101840205,0.12101388,0.083271824,0.093531705,0.09306246,0.08607754
219,0.11401188,0.104351364,0.10634306,0.0973668,0.10202422,0.12046254,0.083062716,0.093508005,0.09302497,0.085844465
220,0.11421117,0.104445264,0.10613279,0.097425126,0.101937406,0.120268375,0.08297348,0.09379645,0.092935726,0.08587429
221,0.11343579,0.10454352,0.106808834,0.097255096,0.10186294,0.1208421,0.083101675,0.09343225,0.09281098,0.085906856
222,0.11359809,0.104519516,0.106582634,0.09728989,0.1018483,0.12075187,0.083053425,0.093597524,0.09284661,0.08591216
223,0.11370018,0.104257315,0.10611396,0.09727215,0.10191428,0.12099141,0.083063714,0.093562834,0.092920855,0.0862033
224,0.11389873,0.104313895,0.1064737,0.09745229,0.101920255,0.12051489,0.08300548,0.09351225,0.09301843,0.08589013
225,0.11367048,0.10438592,0.10649516,0.09731944,0.102017514,0.12054849,0.08314523,0.09347501,0.09299272,0.0859501
226,0.11362008,0.10450435,0.10642995,0.09737794,0.10210694,0.120613016,0.08315094,0.093638,0.092783324,0.08577546
227,0.11357765,0.10445261,0.10658635,0.09725114,0.10190975,0.12066761,0.08308625,0.093440525,0.09299079,0.086037375
228,0.11371058,0.10430658,0.10645988,0.097400166,0.10202642,0.12056113,0.08317933,0.093481965,0.0929876,0.08588639
229,0.1134447,0.104146086,0.10631466,0.09747132,0.102058,0.12080437,0.083397724,0.093774684,0.09289873,0.08568969
230,0.1136548,0.10433902,0.106449544,0.097335435,0.10193895,0.12068377,0.08314179,0.09348712,0.09301502,0.0859546
231,0.1136762,0.104394436,0.10652506,0.097338,0.101957746,0.120596536,0.08311344,0.09342964,0.09300174,0.085967176
232,0.113710865,0.10441963,0.10652346,0.09732175,0.10182862,0.12070749,0.08301229,0.09350509,0.09295179,0.08601907
233,0.11374516,0.10431363,0.10639845,0.09738973,0.10184324,0.1207868,0.08312811,0.09349064,0.093007505,0.08589669
234,0.11371481,0.1045062,0.10651047,0.097258605,0.10201143,0.12055495,0.083019,0.09351396,0.09295284,0.08595771
235,0.11360006,0.10460209,0.1067249,0.097426675,0.10202652,0.12051671,0.082806796,0.093852654,0.09238632,0.08605731
236,0.113981016,0.10424162,0.10636866,0.09716547,0.10198373,0.120520934,0.08316035,0.09361856,0.0931049,0.08585471
237,0.11391522,0.10457905,0.10653188,0.0971719,0.10172052,0.12077238,0.08277551,0.09371903,0.092937276,0.08587718
238,0.113708265,0.10431497,0.1064581,0.0973371,0.10199445,0.12062227,0.08318701,0.09347397,0.09302934,0.08587448
239,0.11367869,0.10443075,0.10650665,0.0973425,0.10190129,0.12073608,0.0830272,0.09355554,0.09289345,0.08592782
240,0.11370708,0.104331575,0.10642829,0.0973608,0.10198677,0.120610036,0.08318557,0.09351157,0.09299614,0.085882165
241,0.11380479,0.10420406,0.106327996,0.09745484,0.10208305,0.12050457,0.08324071,0.09352846,0.0930334,0.08581807
242,0.11391229,0.104079895,0.1063404,0.09738622,0.102130845,0.12021838,0.083214395,0.09324764,0.0933125,0.0861575
243,0.11350611,0.104309045,0.106402025,0.09728264,0.10199301,0.120816685,0.08326243,0.093448944,0.093023986,0.08595521
244,0.114045754,0.10456208,0.10639419,0.09737811,0.10192303,0.1203891,0.082952365,0.093547665,0.09289887,0.08590883
245,0.1138457,0.10418057,0.106386654,0.097268835,0.10222335,0.12022007,0.0832689,0.093598194,0.09319515,0.08581263
246,0.11373572,0.104355454,0.106473565,0.09731811,0.10195647,0.120574445,0.08310578,0.0934582,0.09305796,0.08596431
247,0.11362548,0.10445691,0.10654861,0.097289436,0.10194418,0.12067607,0.08309478,0.09349966,0.09294468,0.0859202
248,0.113678694,0.104349144,0.10651251,0.097314544,0.10188793,0.120690495,0.08313577,0.09343808,0.09306139,0.08593142
249,0.11377797,0.1042871,0.10636011,0.097461276,0.101962894,0.12061144,0.0831704,0.093510956,0.092973836,0.0858841
250,0.11346172,0.10427771,0.10647037,0.09724659,0.10205024,0.12072112,0.08331157,0.093541786,0.09301545,0.08590349
251,0.11353795,0.10444962,0.106628634,0.097173005,0.101789966,0.12088534,0.08298511,0.09352407,0.09296192,0.086064294
252,0.11374181,0.10436485,0.10649703,0.09729385,0.1019395,0.12062531,0.08307886,0.09352709,0.09299984,0.085931875
253,0.11365518,0.10440274,0.106519,0.097246006,0.10180188,0.12082763,0.0830553,0.09351039,0.092976026,0.08600584
254,0.11366077,0.104384854,0.1065105,0.097325504,0.10196253,0.12064648,0.08310926,0.09351982,0.09294872,0.085931525
255,0.113655016,0.10444924,0.106599815,0.09727355,0.101855986,0.120764524,0.08302602,0.09341874,0.09295496,0.08600209
256,0.11372648,0.10433725,0.10647153,0.097386375,0.10197009,0.12071046,0.083067425,0.09355085,0.09294698,0.085832536
257,0.11361684,0.10437077,0.10650618,0.097318426,0.10197641,0.12066359,0.08317389,0.093434006,0.09300479,0.08593515
258,0.11396401,0.10416687,0.10636911,0.09725636,0.101670794,0.12064125,0.08307701,0.093205005,0.09349844,0.086151086
259,0.113742396,0.1043143,0.10640721,0.09742915,0.10195038,0.12061557,0.08316151,0.09347184,0.09299716,0.085910514
260,0.113772504,0.10423735,0.1063884,0.09740295,0.10208151,0.120500915,0.08324997,0.093501285,0.09304103,0.085824095
261,0.11375908,0.10430288,0.10641894,0.097426035,0.10192413,0.120613605,0.08313401,0.09352019,0.093006015,0.085895136
262,0.11372527,0.10426522,0.10639476,0.09741273,0.10203994,0.120545216,0.083210915,0.09352342,0.093001276,0.08588123
263,0.11362247,0.10435484,0.10648522,0.09731607,0.10201297,0.12055969,0.083210036,0.093458004,0.09303381,0.08594682
264,0.11357634,0.10443114,0.10658094,0.09722307,0.1019373,0.12054792,0.083158486,0.093437746,0.093072824,0.08603418
265,0.113674566,0.10433383,0.106473334,0.09735577,0.10202381,0.12053137,0.083176255,0.093492486,0.09300665,0.085931934
266,0.11374404,0.10427934,0.10640123,0.097406775,0.102063775,0.120492846,0.08319196,0.0935127,0.09300189,0.08590546
267,0.11375632,0.10425805,0.106384195,0.09743453,0.10207217,0.120540105,0.08319671,0.09355711,0.092966326,0.08583441
268,0.11371978,0.10445388,0.1065056,0.09727227,0.101914,0.12061391,0.08304693,0.09347231,0.09302106,0.08598018
269,0.11365974,0.10446014,0.10653917,0.09724647,0.10187887,0.120653376,0.08304006,0.09348824,0.09299463,0.08603923
270,0.114040315,0.10460508,0.106427945,0.09738558,0.102031104,0.120102055,0.082576595,0.09348816,0.092908934,0.086434275
271,0.113736995,0.104412824,0.106654815,0.09732042,0.10178803,0.120602734,0.08312785,0.09335083,0.09307482,0.085930675
272,0.11381145,0.10428344,0.10637811,0.09739545,0.10198539,0.12056303,0.083173014,0.093488105,0.09303947,0.08588255
273,0.113671124,0.1044571,0.106542125,0.09724379,0.10196471,0.12061751,0.083069324,0.09343784,0.09300309,0.08599336
274,0.11370776,0.104322694,0.10642093,0.097411595,0.10196909,0.1206525,0.08315873,0.09348603,0.09295037,0.08592032
275,0.11382482,0.10432435,0.1064958,0.09733957,0.1017831,0.12062174,0.083014004,0.09341675,0.09308377,0.08609611
276,0.113790125,0.10426393,0.10635857,0.09744094,0.10191553,0.120679826,0.0831499,0.09355668,0.09296096,0.08588351
277,0.11337885,0.104231,0.10645175,0.09722909,0.101553574,0.12102465,0.08333095,0.09326642,0.09330378,0.08622999
278,0.113743186,0.10430944,0.10639038,0.097414,0.10198375,0.12061144,0.083189785,0.09352884,0.09295755,0.08587158
279,0.113849044,0.10453575,0.10652335,0.09726436,0.1020528,0.12029125,0.08307788,0.09324739,0.09314337,0.08601486
280,0.11377771,0.10439927,0.10640695,0.097494796,0.10174985,0.120751634,0.08300895,0.093413554,0.092955455,0.0860418
281,0.113751516,0.10424967,0.10636761,0.09746557,0.10198878,0.12062418,0.083189465,0.09351734,0.092986494,0.08585936
282,0.1137282,0.10432078,0.10645628,0.09741837,0.10195271,0.12061473,0.08312199,0.09349124,0.09298297,0.0859127
283,0.11370837,0.10433115,0.1064502,0.09735415,0.10201127,0.12053136,0.08315611,0.093491204,0.09301855,0.08594765
284,0.11376079,0.10432168,0.10637545,0.097487524,0.10195817,0.12063018,0.08313502,0.09353474,0.09291522,0.085881256
285,0.113589525,0.10448192,0.1065655,0.09723197,0.101942115,0.12062575,0.083098896,0.09342746,0.09300548,0.086031415
286,0.11366387,0.104339205,0.10642992,0.09736662,0.102000095,0.12060916,0.08317454,0.093476586,0.092989124,0.08595083
287,0.113630414,0.104639806,0.10669523,0.09725489,0.101889476,0.12067705,0.083057195,0.09360622,0.09289982,0.08564991
288,0.11363177,0.10437522,0.106525674,0.097303405,0.10195797,0.12059217,0.08313696,0.09340492,0.09306113,0.08601072
289,0.11365071,0.1047278,0.10665793,0.09716786,0.10159754,0.120748736,0.08304388,0.09344774,0.093059324,0.08589854
290,0.11367954,0.104479484,0.10651347,0.097327195,0.10189261,0.12077249,0.082973555,0.0935304,0.09289001,0.08594122
291,0.11364527,0.10454026,0.106632866,0.09722647,0.1019998,0.120469674,0.08302756,0.09352579,0.09296284,0.08596942
292,0.11334764,0.104744956,0.10668354,0.09724017,0.10187536,0.12084146,0.083197095,0.09354042,0.09282345,0.085705854
293,0.11376642,0.10433625,0.10639905,0.09736998,0.101857595,0.12073322,0.08307859,0.09351987,0.093008466,0.08593059
294,0.113590986,0.10460011,0.10664973,0.0973664,0.10188981,0.12060343,0.08311107,0.09361741,0.092833556,0.085737504
295,0.113902114,0.104189955,0.106234655,0.09761443,0.102011986,0.12062875,0.08315744,0.09363565,0.09294775,0.08567721
296,0.11372475,0.10429041,0.106424384,0.09736395,0.101985924,0.12060629,0.08320313,0.09346851,0.093035474,0.085897155
297,0.11361145,0.10434695,0.10664413,0.09737303,0.10203125,0.12060305,0.08313463,0.09347811,0.09293989,0.085837424
298,0.11374457,0.104283296,0.10640553,0.09738898,0.102025494,0.12058264,0.08321596,0.093509406,0.0930098,0.085834295
299,0.113764465,0.104302935,0.10658513,0.09766107,0.10198577,0.120629296,0.08320081,0.093655,0.09270366,0.085511856
300,0.11374866,0.104289204,0.10642973,0.09738596,0.1020405,0.12051584,0.083163425,0.093460605,0.09304423,0.08592188
301,0.1135709,0.104429275,0.10655121,0.097254194,0.102027036,0.12059036,0.083156094,0.093437314,0.093010195,0.08597342
302,0.11329255,0.104468584,0.10666414,0.09725661,0.10173921,0.1208413,0.0831976,0.093439594,0.09293616,0.08616432
303,0.11361675,0.104365714,0.106464826,0.097286925,0.10178053,0.12074642,0.08308247,0.09343775,0.0929923,0.086226314
304,0.113799,0.10442707,0.106392786,0.097155504,0.10205493,0.12068665,0.08280899,0.093610905,0.0930103,0.08605388
305,0.11376901,0.10425621,0.10640722,0.09746115,0.10198179,0.12062894,0.083172135,0.09355162,0.09296978,0.08580207
306,0.113546595,0.10448028,0.10654736,0.0970935,0.10187365,0.12078023,0.08310261,0.093339585,0.09319162,0.0860446
307,0.11370295,0.10437295,0.106441416,0.09743279,0.10186836,0.12066384,0.08311016,0.093473785,0.092956774,0.08597691
308,0.1136141,0.10436642,0.10657518,0.09719685,0.10192372,0.120618425,0.08306874,0.09338713,0.09314561,0.08610393
309,0.11369235,0.10450781,0.10661782,0.09727822,0.10194522,0.120522134,0.08308078,0.09359436,0.09294049,0.08582071
310,0.11410869,0.104312584,0.106621414,0.096830845,0.102035314,0.120203316,0.08291469,0.09303866,0.093383126,0.08655128
311,0.11360207,0.10449603,0.10659513,0.09724831,0.10195746,0.120680586,0.08303503,0.09351253,0.0929147,0.08595816
312,0.11370138,0.104326256,0.10645859,0.097365685,0.10206558,0.12051962,0.08314069,0.09349026,0.09299234,0.08593963
313,0.11360117,0.10441688,0.10653499,0.09725918,0.10188788,0.12075246,0.0830429,0.09350512,0.092941724,0.08605777
314,0.11363376,0.10458094,0.10655402,0.09735102,0.10189841,0.12070724,0.08308899,0.09330462,0.09291548,0.08596548
315,0.11374935,0.10434842,0.10644719,0.097370155,0.101911575,0.120686956,0.08309579,0.09352628,0.09297788,0.085886486
316,0.11377089,0.10427405,0.106401056,0.0973948,0.10199575,0.12058885,0.08318257,0.09348812,0.093020596,0.085883416
317,0.11386834,0.104248315,0.10630489,0.09753809,0.101989284,0.12062211,0.083130695,0.09353661,0.0929244,0.08583729
318,0.113405496,0.10422982,0.10646423,0.09737471,0.10196661,0.120762385,0.08338813,0.0934647,0.093043916,0.08589998
319,0.11368188,0.10446999,0.10660695,0.097244464,0.1018793,0.1207621,0.082948506,0.093549885,0.0929404,0.08591654
320,0.11355449,0.10435512,0.10652462,0.09774727,0.101896286,0.12078307,0.08333764,0.093427405,0.092764705,0.085609406
321,0.113481164,0.10458008,0.10659185,0.0972283,0.10217028,0.120515,0.08326406,0.093284294,0.092973016,0.08591198
322,0.113649935,0.1044306,0.10650652,0.097361006,0.10143179,0.12088248,0.08293401,0.09358625,0.09303673,0.08618062
323,0.11384097,0.1043845,0.1063744,0.09731891,0.10178911,0.1206576,0.08302263,0.093464,0.09312377,0.08602412
324,0.113782875,0.10428709,0.10642786,0.097313836,0.10205346,0.120643124,0.08312577,0.093511894,0.09299279,0.085861355
325,0.113895915,0.1043671,0.106430516,0.097686,0.10185117,0.12042541,0.08307402,0.093415014,0.09291856,0.0859363
326,0.11350382,0.104388446,0.106544405,0.097287916,0.10183575,0.12083608,0.08318976,0.09338689,0.092979476,0.08604747
327,0.113776825,0.10444231,0.10651556,0.09736138,0.10195785,0.12043797,0.08299768,0.09351111,0.09293321,0.086066134
328,0.1137623,0.10420908,0.10636285,0.0973925,0.10211536,0.120305985,0.083157726,0.09339501,0.09308928,0.08620988
329,0.113540046,0.104473025,0.106570296,0.09721852,0.101996854,0.120664075,0.083141126,0.09350342,0.09296238,0.085930265
330,0.11371462,0.104359634,0.10648328,0.09734347,0.10197141,0.120526135,0.08311542,0.09347078,0.09303124,0.08598402
331,0.113511756,0.104335554,0.106355,0.09729337,0.10171441,0.1209774,0.083161116,0.09351698,0.0929641,0.08617026
332,0.11380382,0.10426811,0.1063656,0.097499765,0.101982206,0.120587155,0.08311849,0.093524806,0.0929465,0.08590351
333,0.11370448,0.10431928,0.106444344,0.09734576,0.10198837,0.12058355,0.08319537,0.09347635,0.093035795,0.085906684
334,0.113722354,0.104343496,0.106475234,0.097389795,0.10189705,0.12069885,0.083097644,0.09348469,0.09296318,0.08592768
335,0.113762535,0.10430272,0.10640211,0.09742205,0.10200978,0.12056815,0.083165854,0.09349605,0.09298685,0.085883945
336,0.11360217,0.10424357,0.10653108,0.09732252,0.10190149,0.12085013,0.08302857,0.0934681,0.093017295,0.086035036
337,0.11373806,0.10466298,0.10673862,0.09726321,0.10192618,0.12026278,0.082755856,0.09369567,0.09267827,0.08627842
338,0.11353654,0.10441499,0.10661685,0.0971659,0.10188895,0.120711386,0.08312408,0.093339086,0.09307771,0.08612452
339,0.113617614,0.104418315,0.106510684,0.09693203,0.101929195,0.12053733,0.08320639,0.09345847,0.093139745,0.08625017
340,0.11327231,0.104597725,0.10668624,0.0971254,0.101935156,0.12078772,0.08328672,0.09342143,0.09293671,0.085950635
341,0.11340739,0.104353674,0.10661192,0.097263135,0.10204108,0.120703384,0.083155155,0.093472935,0.092944905,0.08604642
342,0.11352436,0.10452798,0.106672116,0.0971076,0.10194756,0.12055811,0.083012484,0.09340002,0.09307855,0.08617112
343,0.11342185,0.104801506,0.106797226,0.097193345,0.10214057,0.12079261,0.08286221,0.09385281,0.09226933,0.08586859
344,0.11372581,0.10433926,0.10634685,0.09739045,0.101900786,0.120838575,0.08308595,0.093601175,0.09292467,0.08584651
345,0.113718756,0.10433011,0.106474094,0.097400635,0.101987235,0.12051785,0.08318805,0.0934635,0.09303129,0.08588843
346,0.11380796,0.10443259,0.10653895,0.09735939,0.10187137,0.12062559,0.08301691,0.093524,0.09288412,0.08593914
347,0.11375513,0.10433487,0.10646269,0.09732127,0.10184149,0.12069781,0.08308531,0.09343564,0.09307759,0.08598817
348,0.11329448,0.10463793,0.10679987,0.09728216,0.10182589,0.12088556,0.08303984,0.09351762,0.09272495,0.08599175
349,0.11374898,0.104372434,0.106434345,0.097271085,0.10197833,0.12074768,0.08298181,0.09355187,0.0929574,0.08595601
350,0.11360774,0.10445341,0.106529415,0.09733357,0.10183967,0.12079506,0.08301822,0.09350562,0.09287771,0.08603954
351,0.11337585,0.104446284,0.10666378,0.09740359,0.10191347,0.120571114,0.083196074,0.093475446,0.09290474,0.08604968
352,0.11371467,0.10459936,0.106655106,0.09722917,0.10182052,0.12068164,0.08279329,0.093325146,0.09298823,0.08619288
353,0.1137796,0.10417492,0.10625204,0.0975921,0.10203159,0.1207715,0.08324076,0.09362567,0.092866704,0.085665114
354,0.1134546,0.104486376,0.10657094,0.09721697,0.10198058,0.12067958,0.08319334,0.09347507,0.09296271,0.08597983
355,0.11349762,0.104520276,0.10662537,0.09727657,0.10180543,0.12093523,0.083068356,0.09342126,0.09295132,0.08589849
356,0.113669075,0.1044059,0.10651821,0.09736878,0.101818,0.1208108,0.083046064,0.09353488,0.09292487,0.085903384
357,0.113759406,0.10439491,0.106395066,0.09708025,0.10182062,0.120831214,0.083316915,0.09355801,0.09326797,0.0855756
358,0.113561034,0.104686424,0.10666972,0.09715494,0.10208987,0.12044203,0.08303563,0.093520254,0.09288461,0.08595546
359,0.113531254,0.10455149,0.10661132,0.097093806,0.10183987,0.12060313,0.08304228,0.09353193,0.09306513,0.08612984
