restart_index,selected,step,count_log_likelihood,shape_log_likelihood,abundance_log_prior,total_log_objective
0,True,0,-19094.234375,-23499.880859375,-252.84429931640625,-42846.959533691406
0,True,1,-19070.1015625,-23499.009765625,-253.58387756347656,-42822.69520568848
0,True,2,-19052.783203125,-23498.69921875,-253.23097229003906,-42804.71339416504
0,True,3,-19044.296875,-23498.552734375,-252.66001892089844,-42795.5096282959
0,True,4,-19040.814453125,-23498.392578125,-252.258544921875,-42791.465576171875
0,True,5,-19039.47265625,-23498.203125,-252.14361572265625,-42789.819396972656
0,True,6,-19039.5234375,-23497.97265625,-252.27088928222656,-42789.76698303223
0,True,7,-19040.23046875,-23497.728515625,-252.52444458007812,-42790.48342895508
0,True,8,-19040.615234375,-23497.50390625,-252.75460815429688,-42790.8737487793
0,True,9,-19040.1171875,-23497.310546875,-252.85076904296875,-42790.27850341797
0,True,10,-19038.82421875,-23497.130859375,-252.76463317871094,-42788.71971130371
0,True,11,-19037.205078125,-23496.94921875,-252.489013671875,-42786.643310546875
0,True,12,-19035.7109375,-23496.751953125,-252.04019165039062,-42784.50308227539
0,True,13,-19034.5703125,-23496.51953125,-251.4761962890625,-42782.56604003906
0,True,14,-19033.82421875,-23496.244140625,-250.88119506835938,-42780.94955444336
0,True,15,-19033.439453125,-23495.9375,-250.334228515625,-42779.711181640625
0,True,16,-19033.330078125,-23495.615234375,-249.89877319335938,-42778.84408569336
0,True,17,-19033.34765625,-23495.28515625,-249.619140625,-42778.251953125
0,True,18,-19033.30859375,-23494.962890625,-249.49163818359375,-42777.763122558594
0,True,19,-19033.08984375,-23494.666015625,-249.4613494873047,-42777.217208862305
0,True,20,-19032.646484375,-23494.408203125,-249.46705627441406,-42776.521743774414
0,True,21,-19032.03125,-23494.177734375,-249.47216796875,-42775.68115234375
0,True,22,-19031.369140625,-23493.97265625,-249.45687866210938,-42774.79867553711
0,True,23,-19030.783203125,-23493.794921875,-249.42034912109375,-42773.998474121094
0,True,24,-19030.33203125,-23493.6328125,-249.38201904296875,-42773.34686279297
0,True,25,-19030.0,-23493.48828125,-249.34799194335938,-42772.83627319336
0,True,26,-19029.7578125,-23493.36328125,-249.30447387695312,-42772.42556762695
0,True,27,-19029.578125,-23493.25,-249.24896240234375,-42772.077087402344
0,True,28,-19029.447265625,-23493.142578125,-249.18576049804688,-42771.77560424805
0,True,29,-19029.33984375,-23493.03125,-249.10935974121094,-42771.48045349121
0,True,30,-19029.22265625,-23492.9140625,-249.02005004882812,-42771.15676879883
0,True,31,-19029.076171875,-23492.791015625,-248.9188232421875,-42770.78601074219
0,True,32,-19028.921875,-23492.67578125,-248.79771423339844,-42770.3953704834
0,True,33,-19028.78125,-23492.568359375,-248.66741943359375,-42770.017028808594
0,True,34,-19028.66796875,-23492.47265625,-248.54934692382812,-42769.68997192383
0,True,35,-19028.578125,-23492.390625,-248.4446563720703,-42769.41340637207
0,True,36,-19028.50390625,-23492.310546875,-248.3467559814453,-42769.161209106445
0,True,37,-19028.470703125,-23492.22265625,-248.2432861328125,-42768.93664550781
0,True,38,-19028.498046875,-23492.123046875,-248.1177215576172,-42768.73881530762
0,True,39,-19028.58203125,-23492.0,-247.98095703125,-42768.56298828125
0,True,40,-19028.69140625,-23491.853515625,-247.8564453125,-42768.4013671875
0,True,41,-19028.787109375,-23491.697265625,-247.75721740722656,-42768.24159240723
0,True,42,-19028.8359375,-23491.541015625,-247.6953125,-42768.072265625
0,True,43,-19028.830078125,-23491.400390625,-247.66616821289062,-42767.89663696289
0,True,44,-19028.794921875,-23491.283203125,-247.65573120117188,-42767.73385620117
0,True,45,-19028.74609375,-23491.18359375,-247.6549072265625,-42767.58459472656
0,True,46,-19028.70703125,-23491.107421875,-247.64068603515625,-42767.455139160156
0,True,47,-19028.681640625,-23491.048828125,-247.5958251953125,-42767.32629394531
0,True,48,-19028.66796875,-23491.001953125,-247.52134704589844,-42767.1912689209
0,True,49,-19028.6640625,-23490.96875,-247.43057250976562,-42767.063385009766
0,True,50,-19028.640625,-23490.94921875,-247.35618591308594,-42766.946029663086
0,True,51,-19028.583984375,-23490.9296875,-247.3178253173828,-42766.83149719238
0,True,52,-19028.48828125,-23490.919921875,-247.31297302246094,-42766.72117614746
0,True,53,-19028.3828125,-23490.90625,-247.32911682128906,-42766.61817932129
0,True,54,-19028.29296875,-23490.890625,-247.34120178222656,-42766.52479553223
0,True,55,-19028.23828125,-23490.8671875,-247.33541870117188,-42766.44088745117
0,True,56,-19028.2265625,-23490.8359375,-247.30160522460938,-42766.36410522461
0,True,57,-19028.244140625,-23490.798828125,-247.23751831054688,-42766.28048706055
0,True,58,-19028.28125,-23490.76171875,-247.15805053710938,-42766.20101928711
0,True,59,-19028.3203125,-23490.7265625,-247.0789337158203,-42766.12580871582
0,True,60,-19028.33984375,-23490.689453125,-247.0196990966797,-42766.04899597168
0,True,61,-19028.341796875,-23490.65234375,-246.98037719726562,-42765.974517822266
0,True,62,-19028.3359375,-23490.623046875,-246.95220947265625,-42765.911193847656
0,True,63,-19028.33203125,-23490.58984375,-246.92620849609375,-42765.848083496094
0,True,64,-19028.33203125,-23490.564453125,-246.89743041992188,-42765.79391479492
0,True,65,-19028.32421875,-23490.541015625,-246.87144470214844,-42765.73667907715
0,True,66,-19028.3125,-23490.529296875,-246.8464813232422,-42765.68827819824
0,True,67,-19028.2890625,-23490.5234375,-246.827392578125,-42765.639892578125
0,True,68,-19028.26171875,-23490.5234375,-246.81033325195312,-42765.59548950195
0,True,69,-19028.228515625,-23490.521484375,-246.7989501953125,-42765.54895019531
0,True,70,-19028.19921875,-23490.525390625,-246.78372192382812,-42765.50833129883
0,True,71,-19028.17578125,-23490.5234375,-246.7637939453125,-42765.46301269531
0,True,72,-19028.166015625,-23490.525390625,-246.7317352294922,-42765.42314147949
0,True,73,-19028.15625,-23490.52734375,-246.7000732421875,-42765.38366699219
0,True,74,-19028.15234375,-23490.533203125,-246.66427612304688,-42765.34982299805
0,True,75,-19028.142578125,-23490.53515625,-246.63934326171875,-42765.31707763672
0,True,76,-19028.138671875,-23490.5390625,-246.60325622558594,-42765.280990600586
0,True,77,-19028.1328125,-23490.53125,-246.5860595703125,-42765.25012207031
0,True,78,-19028.138671875,-23490.53515625,-246.5438690185547,-42765.217697143555
0,True,79,-19028.125,-23490.517578125,-246.5443878173828,-42765.18696594238
0,True,80,-19028.138671875,-23490.521484375,-246.494873046875,-42765.155029296875
0,True,81,-19028.125,-23490.498046875,-246.5018768310547,-42765.124923706055
0,True,82,-19028.12890625,-23490.5,-246.46923828125,-42765.09814453125
0,True,83,-19028.12890625,-23490.4921875,-246.44483947753906,-42765.06593322754
0,True,84,-19028.12109375,-23490.48046875,-246.44007873535156,-42765.04164123535
0,True,85,-19028.130859375,-23490.490234375,-246.39300537109375,-42765.014099121094
0,True,86,-19028.123046875,-23490.48828125,-246.37484741210938,-42764.98617553711
0,True,87,-19028.11328125,-23490.484375,-246.35995483398438,-42764.957611083984
0,True,88,-19028.11328125,-23490.49609375,-246.32403564453125,-42764.93341064453
0,True,89,-19028.1015625,-23490.484375,-246.3194122314453,-42764.905349731445
0,True,90,-19028.099609375,-23490.48046875,-246.300048828125,-42764.880126953125
0,True,91,-19028.109375,-23490.48046875,-246.2659454345703,-42764.85578918457
0,True,92,-19028.11328125,-23490.462890625,-246.25411987304688,-42764.83029174805
0,True,93,-19028.126953125,-23490.458984375,-246.22052001953125,-42764.80645751953
0,True,94,-19028.142578125,-23490.453125,-246.1848602294922,-42764.78056335449
0,True,95,-19028.15234375,-23490.4375,-246.16966247558594,-42764.759506225586
0,True,96,-19028.166015625,-23490.435546875,-246.1355438232422,-42764.73710632324
0,True,97,-19028.177734375,-23490.42578125,-246.10781860351562,-42764.711334228516
0,True,98,-19028.18359375,-23490.4140625,-246.09237670898438,-42764.690032958984
0,True,99,-19028.1953125,-23490.41015625,-246.0615234375,-42764.6669921875
0,True,100,-19028.19921875,-23490.400390625,-246.0465087890625,-42764.64611816406
0,True,101,-19028.19921875,-23490.388671875,-246.03823852539062,-42764.62612915039
0,True,102,-19028.203125,-23490.384765625,-246.0166778564453,-42764.604568481445
0,True,103,-19028.203125,-23490.37890625,-246.0083770751953,-42764.590408325195
0,True,104,-19028.205078125,-23490.369140625,-245.99359130859375,-42764.567810058594
0,True,105,-19028.2109375,-23490.369140625,-245.96682739257812,-42764.54690551758
0,True,106,-19028.21875,-23490.361328125,-245.9520721435547,-42764.532150268555
0,True,107,-19028.23046875,-23490.35546875,-245.92933654785156,-42764.51527404785
0,True,108,-19028.244140625,-23490.3515625,-245.90658569335938,-42764.50228881836
0,True,109,-19028.25390625,-23490.3359375,-245.89422607421875,-42764.48406982422
0,True,110,-19028.271484375,-23490.328125,-245.87075805664062,-42764.47036743164
0,True,111,-19028.287109375,-23490.31640625,-245.85235595703125,-42764.45587158203
0,True,112,-19028.298828125,-23490.306640625,-245.83859252929688,-42764.4440612793
0,True,113,-19028.3125,-23490.302734375,-245.81686401367188,-42764.43209838867
0,True,114,-19028.3203125,-23490.294921875,-245.80584716796875,-42764.42108154297
0,True,115,-19028.328125,-23490.28515625,-245.7935791015625,-42764.40686035156
0,True,116,-19028.33984375,-23490.28515625,-245.77752685546875,-42764.40252685547
0,True,117,-19028.345703125,-23490.275390625,-245.76907348632812,-42764.39016723633
0,True,118,-19028.35546875,-23490.2734375,-245.75347900390625,-42764.382385253906
0,True,119,-19028.365234375,-23490.265625,-245.74142456054688,-42764.37228393555
0,True,120,-19028.37109375,-23490.26171875,-245.7339324951172,-42764.36674499512
0,True,121,-19028.380859375,-23490.259765625,-245.7205810546875,-42764.36120605469
0,True,122,-19028.38671875,-23490.25390625,-245.71395874023438,-42764.354583740234
0,True,123,-19028.39453125,-23490.251953125,-245.70419311523438,-42764.350677490234
0,True,124,-19028.404296875,-23490.244140625,-245.6923065185547,-42764.340744018555
0,True,125,-19028.416015625,-23490.2421875,-245.6855926513672,-42764.34379577637
0,True,126,-19028.42578125,-23490.23828125,-245.67398071289062,-42764.33804321289
0,True,127,-19028.43359375,-23490.234375,-245.66732788085938,-42764.33529663086
0,True,128,-19028.44140625,-23490.23046875,-245.66053771972656,-42764.33241271973
0,True,129,-19028.44921875,-23490.23046875,-245.6512451171875,-42764.33093261719
0,True,130,-19028.455078125,-23490.224609375,-245.6470947265625,-42764.32678222656
0,True,131,-19028.46484375,-23490.2265625,-245.63893127441406,-42764.330337524414
0,True,132,-19028.46875,-23490.22265625,-245.63424682617188,-42764.32565307617
0,True,133,-19028.4765625,-23490.220703125,-245.63021850585938,-42764.32748413086
0,True,134,-19028.48046875,-23490.21875,-245.624267578125,-42764.323486328125
0,True,135,-19028.486328125,-23490.21875,-245.62225341796875,-42764.32733154297
0,True,136,-19028.4921875,-23490.21484375,-245.6163787841797,-42764.32341003418
0,True,137,-19028.49609375,-23490.21484375,-245.61380004882812,-42764.32473754883
0,True,138,-19028.5,-23490.212890625,-245.6107635498047,-42764.323654174805
0,True,139,-19028.50390625,-23490.212890625,-245.60684204101562,-42764.323638916016
0,True,140,-19028.5078125,-23490.21484375,-245.6055145263672,-42764.32817077637
0,True,141,-19028.51171875,-23490.2109375,-245.60105895996094,-42764.32371520996
0,True,142,-19028.515625,-23490.2109375,-245.60008239746094,-42764.32664489746
0,True,143,-19028.517578125,-23490.2109375,-245.5973358154297,-42764.32585144043
0,True,144,-19028.521484375,-23490.20703125,-245.59645080566406,-42764.324966430664
0,True,145,-19028.51953125,-23490.208984375,-245.5963897705078,-42764.32490539551
0,True,146,-19028.51953125,-23490.208984375,-245.59487915039062,-42764.32339477539
0,True,147,-19028.521484375,-23490.208984375,-245.59552001953125,-42764.32598876953
0,True,148,-19028.5234375,-23490.208984375,-245.5934295654297,-42764.32585144043
0,True,149,-19028.5234375,-23490.20703125,-245.59397888183594,-42764.324447631836
0,True,150,-19028.5234375,-23490.208984375,-245.59249877929688,-42764.3249206543
0,True,151,-19028.5234375,-23490.208984375,-245.59283447265625,-42764.325256347656
0,True,152,-19028.52734375,-23490.208984375,-245.59255981445312,-42764.32888793945
0,True,153,-19028.525390625,-23490.208984375,-245.59226989746094,-42764.32664489746
0,True,154,-19028.5234375,-23490.208984375,-245.59280395507812,-42764.32522583008
0,True,155,-19028.5234375,-23490.208984375,-245.59225463867188,-42764.32467651367
0,True,156,-19028.5234375,-23490.20703125,-245.59368896484375,-42764.324157714844
0,True,157,-19028.5234375,-23490.208984375,-245.59327697753906,-42764.32569885254
0,True,158,-19028.521484375,-23490.20703125,-245.59532165527344,-42764.32383728027
0,True,159,-19028.521484375,-23490.208984375,-245.59487915039062,-42764.32534790039
0,True,160,-19028.51953125,-23490.208984375,-245.596923828125,-42764.325439453125
0,True,161,-19028.51953125,-23490.208984375,-245.59605407714844,-42764.32456970215
0,True,162,-19028.517578125,-23490.208984375,-245.59817504882812,-42764.32473754883
0,True,163,-19028.517578125,-23490.208984375,-245.59713745117188,-42764.32369995117
0,True,164,-19028.517578125,-23490.2109375,-245.599853515625,-42764.328369140625
0,True,165,-19028.515625,-23490.2109375,-245.59854125976562,-42764.325103759766
0,True,166,-19028.51171875,-23490.2109375,-245.60223388671875,-42764.32489013672
0,True,167,-19028.513671875,-23490.2109375,-245.59957885742188,-42764.32418823242
0,True,168,-19028.51171875,-23490.20703125,-245.6045684814453,-42764.323318481445
0,True,169,-19028.51171875,-23490.2109375,-245.59950256347656,-42764.32215881348
0,True,170,-19028.5078125,-23490.2109375,-245.60769653320312,-42764.3264465332
0,True,171,-19028.51171875,-23490.21484375,-245.59844970703125,-42764.32501220703
0,True,172,-19028.50390625,-23490.20703125,-245.61276245117188,-42764.32369995117
0,True,173,-19028.51171875,-23490.21875,-245.59580993652344,-42764.32627868652
0,True,174,-19028.501953125,-23490.203125,-245.6190948486328,-42764.32417297363
0,True,175,-19028.51171875,-23490.21875,-245.59286499023438,-42764.323333740234
0,True,176,-19028.5,-23490.20703125,-245.6212158203125,-42764.32824707031
0,True,177,-19028.509765625,-23490.21875,-245.5982666015625,-42764.32678222656
0,True,178,-19028.5,-23490.212890625,-245.61184692382812,-42764.32473754883
0,True,179,-19028.5,-23490.2109375,-245.61244201660156,-42764.3233795166
0,True,180,-19028.505859375,-23490.216796875,-245.60061645507812,-42764.32327270508
0,True,181,-19028.49609375,-23490.208984375,-245.6198272705078,-42764.32490539551
0,True,182,-19028.50390625,-23490.216796875,-245.60198974609375,-42764.322692871094
0,True,183,-19028.498046875,-23490.2109375,-245.61309814453125,-42764.32208251953
0,True,184,-19028.498046875,-23490.212890625,-245.61375427246094,-42764.32469177246
0,True,185,-19028.501953125,-23490.21875,-245.60394287109375,-42764.324645996094
0,True,186,-19028.494140625,-23490.2109375,-245.619140625,-42764.32421875
0,True,187,-19028.5,-23490.216796875,-245.60621643066406,-42764.323013305664
0,True,188,-19028.49609375,-23490.21484375,-245.6123809814453,-42764.323318481445
0,True,189,-19028.49609375,-23490.21484375,-245.61546325683594,-42764.326400756836
0,True,190,-19028.5,-23490.216796875,-245.6056365966797,-42764.32243347168
0,True,191,-19028.49609375,-23490.212890625,-245.61758422851562,-42764.326568603516
0,True,192,-19028.5,-23490.21484375,-245.60877990722656,-42764.32362365723
0,True,193,-19028.498046875,-23490.216796875,-245.6110382080078,-42764.32588195801
0,True,194,-19028.494140625,-23490.2109375,-245.61566162109375,-42764.320739746094
0,True,195,-19028.5,-23490.216796875,-245.6067657470703,-42764.32356262207
0,True,196,-19028.494140625,-23490.2109375,-245.6159210205078,-42764.32099914551
0,True,197,-19028.498046875,-23490.216796875,-245.61032104492188,-42764.32516479492
0,True,198,-19028.498046875,-23490.216796875,-245.61045837402344,-42764.32530212402
0,True,199,-19028.49609375,-23490.212890625,-245.615234375,-42764.32421875
0,True,200,-19028.5,-23490.21875,-245.60769653320312,-42764.3264465332
0,True,201,-19028.498046875,-23490.212890625,-245.61456298828125,-42764.32550048828
0,True,202,-19028.498046875,-23490.216796875,-245.61065673828125,-42764.32550048828
0,True,203,-19028.498046875,-23490.216796875,-245.61019897460938,-42764.32504272461
0,True,204,-19028.498046875,-23490.21484375,-245.61419677734375,-42764.327087402344
0,True,205,-19028.501953125,-23490.216796875,-245.6080780029297,-42764.32682800293
0,True,206,-19028.498046875,-23490.212890625,-245.6134796142578,-42764.32441711426
0,True,207,-19028.5,-23490.212890625,-245.61016845703125,-42764.32305908203
0,True,208,-19028.5,-23490.212890625,-245.610107421875,-42764.322998046875
0,True,209,-19028.498046875,-23490.212890625,-245.61289978027344,-42764.32383728027
0,True,210,-19028.5,-23490.216796875,-245.60824584960938,-42764.32504272461
0,True,211,-19028.498046875,-23490.21484375,-245.61279296875,-42764.32568359375
0,True,212,-19028.5,-23490.212890625,-245.6094207763672,-42764.32231140137
0,True,213,-19028.5,-23490.212890625,-245.6104278564453,-42764.323318481445
0,True,214,-19028.498046875,-23490.212890625,-245.61160278320312,-42764.3225402832
0,True,215,-19028.5,-23490.21484375,-245.6085205078125,-42764.32336425781
1,False,0,-19426.873046875,-23499.978515625,-254.64675903320312,-43181.4983215332
1,False,1,-19330.3203125,-23499.98828125,-253.61239624023438,-43083.920989990234
1,False,2,-19257.048828125,-23499.93359375,-252.90884399414062,-43009.89126586914
1,False,3,-19202.41015625,-23499.900390625,-252.69192504882812,-42955.00247192383
1,False,4,-19162.267578125,-23499.912109375,-252.84890747070312,-42915.0285949707
1,False,5,-19132.765625,-23499.953125,-253.14337158203125,-42885.86212158203
1,False,6,-19110.67578125,-23500.017578125,-253.4116973876953,-42864.105056762695
1,False,7,-19093.705078125,-23500.1171875,-253.5623779296875,-42847.38464355469
1,False,8,-19080.451171875,-23500.232421875,-253.56277465820312,-42834.2463684082
1,False,9,-19070.1640625,-23500.35546875,-253.43710327148438,-42823.956634521484
1,False,10,-19062.48828125,-23500.462890625,-253.22764587402344,-42816.17881774902
1,False,11,-19057.1171875,-23500.533203125,-252.97744750976562,-42810.627838134766
1,False,12,-19053.63671875,-23500.55859375,-252.7198028564453,-42806.915115356445
1,False,13,-19051.52734375,-23500.521484375,-252.4696044921875,-42804.51843261719
1,False,14,-19050.296875,-23500.421875,-252.23158264160156,-42802.9503326416
1,False,15,-19049.5625,-23500.26171875,-252.01016235351562,-42801.834381103516
1,False,16,-19049.03125,-23500.06640625,-251.810302734375,-42800.907958984375
1,False,17,-19048.5,-23499.845703125,-251.63864135742188,-42799.98434448242
1,False,18,-19047.845703125,-23499.611328125,-251.50265502929688,-42798.9596862793
1,False,19,-19047.044921875,-23499.37109375,-251.4067840576172,-42797.82279968262
1,False,20,-19046.134765625,-23499.123046875,-251.34959411621094,-42796.60740661621
1,False,21,-19045.169921875,-23498.859375,-251.32278442382812,-42795.35208129883
1,False,22,-19044.166015625,-23498.576171875,-251.31272888183594,-42794.054916381836
1,False,23,-19043.119140625,-23498.28125,-251.3051300048828,-42792.70552062988
1,False,24,-19042.015625,-23497.9765625,-251.28952026367188,-42791.28170776367
1,False,25,-19040.8671875,-23497.68359375,-251.261962890625,-42789.812744140625
1,False,26,-19039.705078125,-23497.4140625,-251.22488403320312,-42788.3440246582
1,False,27,-19038.5546875,-23497.17578125,-251.1842041015625,-42786.91467285156
1,False,28,-19037.458984375,-23496.974609375,-251.14501953125,-42785.57861328125
1,False,29,-19036.44921875,-23496.8125,-251.10903930664062,-42784.37075805664
1,False,30,-19035.5546875,-23496.6796875,-251.07345581054688,-42783.30783081055
1,False,31,-19034.775390625,-23496.56640625,-251.03175354003906,-42782.37355041504
1,False,32,-19034.09375,-23496.46875,-250.97720336914062,-42781.53970336914
1,False,33,-19033.466796875,-23496.392578125,-250.90518188476562,-42780.764556884766
1,False,34,-19032.869140625,-23496.333984375,-250.81353759765625,-42780.016662597656
1,False,35,-19032.28515625,-23496.291015625,-250.7021026611328,-42779.27827453613
1,False,36,-19031.716796875,-23496.251953125,-250.57186889648438,-42778.540618896484
1,False,37,-19031.189453125,-23496.208984375,-250.42437744140625,-42777.822814941406
1,False,38,-19030.73046875,-23496.1484375,-250.26255798339844,-42777.1414642334
1,False,39,-19030.349609375,-23496.068359375,-250.09152221679688,-42776.5094909668
1,False,40,-19030.048828125,-23495.97265625,-249.91909790039062,-42775.94058227539
1,False,41,-19029.80859375,-23495.86328125,-249.7544403076172,-42775.42631530762
1,False,42,-19029.603515625,-23495.755859375,-249.60519409179688,-42774.9645690918
1,False,43,-19029.41015625,-23495.662109375,-249.4748992919922,-42774.54716491699
1,False,44,-19029.228515625,-23495.580078125,-249.3617706298828,-42774.17036437988
1,False,45,-19029.0703125,-23495.505859375,-249.2596435546875,-42773.83581542969
1,False,46,-19028.943359375,-23495.43359375,-249.16127014160156,-42773.5382232666
1,False,47,-19028.8359375,-23495.361328125,-249.0622100830078,-42773.25947570801
1,False,48,-19028.732421875,-23495.28125,-248.96376037597656,-42772.97743225098
1,False,49,-19028.609375,-23495.19921875,-248.87286376953125,-42772.68145751953
1,False,50,-19028.451171875,-23495.1171875,-248.7995147705078,-42772.36787414551
1,False,51,-19028.251953125,-23495.0390625,-248.7520294189453,-42772.043045043945
1,False,52,-19028.01953125,-23494.970703125,-248.7330780029297,-42771.72331237793
1,False,53,-19027.775390625,-23494.90625,-248.73789978027344,-42771.41954040527
1,False,54,-19027.548828125,-23494.84765625,-248.7556915283203,-42771.15217590332
1,False,55,-19027.35546875,-23494.7890625,-248.77317810058594,-42770.917709350586
1,False,56,-19027.20703125,-23494.73046875,-248.77960205078125,-42770.71710205078
1,False,57,-19027.103515625,-23494.666015625,-248.76954650878906,-42770.53907775879
1,False,58,-19027.025390625,-23494.59375,-248.74386596679688,-42770.3630065918
1,False,59,-19026.962890625,-23494.51171875,-248.7068328857422,-42770.18144226074
1,False,60,-19026.90234375,-23494.419921875,-248.662353515625,-42769.984619140625
1,False,61,-19026.8515625,-23494.32421875,-248.6107940673828,-42769.78657531738
1,False,62,-19026.8125,-23494.21875,-248.54885864257812,-42769.58010864258
1,False,63,-19026.796875,-23494.11328125,-248.47247314453125,-42769.38262939453
1,False,64,-19026.802734375,-23494.015625,-248.38055419921875,-42769.19891357422
1,False,65,-19026.82421875,-23493.927734375,-248.27783203125,-42769.02978515625
1,False,66,-19026.84765625,-23493.8515625,-248.17355346679688,-42768.8727722168
1,False,67,-19026.86328125,-23493.779296875,-248.077880859375,-42768.720458984375
1,False,68,-19026.87109375,-23493.71875,-247.99705505371094,-42768.58689880371
1,False,69,-19026.865234375,-23493.66015625,-247.9314422607422,-42768.45683288574
1,False,70,-19026.849609375,-23493.607421875,-247.87667846679688,-42768.3337097168
1,False,71,-19026.830078125,-23493.552734375,-247.82742309570312,-42768.2102355957
1,False,72,-19026.80859375,-23493.50390625,-247.7806396484375,-42768.09313964844
1,False,73,-19026.78515625,-23493.45703125,-247.73648071289062,-42767.97866821289
1,False,74,-19026.755859375,-23493.4140625,-247.696533203125,-42767.866455078125
1,False,75,-19026.724609375,-23493.373046875,-247.6614990234375,-42767.75915527344
1,False,76,-19026.693359375,-23493.33203125,-247.62982177734375,-42767.655212402344
1,False,77,-19026.669921875,-23493.28515625,-247.5984649658203,-42767.55354309082
1,False,78,-19026.65234375,-23493.236328125,-247.56446838378906,-42767.45314025879
1,False,79,-19026.642578125,-23493.189453125,-247.52613830566406,-42767.358169555664
1,False,80,-19026.64453125,-23493.13671875,-247.4827423095703,-42767.26399230957
1,False,81,-19026.6484375,-23493.08984375,-247.43397521972656,-42767.17225646973
1,False,82,-19026.662109375,-23493.037109375,-247.3796844482422,-42767.07890319824
1,False,83,-19026.68359375,-23492.98828125,-247.3207244873047,-42766.992599487305
1,False,84,-19026.70703125,-23492.939453125,-247.25975036621094,-42766.90623474121
1,False,85,-19026.732421875,-23492.890625,-247.20101928710938,-42766.82406616211
1,False,86,-19026.75,-23492.84375,-247.14866638183594,-42766.742416381836
1,False,87,-19026.763671875,-23492.80078125,-247.10482788085938,-42766.66928100586
1,False,88,-19026.767578125,-23492.755859375,-247.068359375,-42766.591796875
1,False,89,-19026.7734375,-23492.71484375,-247.03604125976562,-42766.524322509766
1,False,90,-19026.77734375,-23492.66796875,-247.00442504882812,-42766.44973754883
1,False,91,-19026.78515625,-23492.626953125,-246.97186279296875,-42766.38397216797
1,False,92,-19026.796875,-23492.58203125,-246.9385528564453,-42766.317459106445
1,False,93,-19026.80859375,-23492.54296875,-246.9057159423828,-42766.25727844238
1,False,94,-19026.818359375,-23492.501953125,-246.87396240234375,-42766.194274902344
1,False,95,-19026.83203125,-23492.4609375,-246.8428955078125,-42766.13586425781
1,False,96,-19026.84765625,-23492.419921875,-246.81155395507812,-42766.07913208008
1,False,97,-19026.86328125,-23492.376953125,-246.77955627441406,-42766.019790649414
1,False,98,-19026.8828125,-23492.3359375,-246.74745178222656,-42765.96620178223
1,False,99,-19026.900390625,-23492.29296875,-246.7165069580078,-42765.90986633301
1,False,100,-19026.916015625,-23492.255859375,-246.6875457763672,-42765.85942077637
1,False,101,-19026.931640625,-23492.216796875,-246.66033935546875,-42765.80877685547
1,False,102,-19026.943359375,-23492.177734375,-246.6336669921875,-42765.75476074219
1,False,103,-19026.958984375,-23492.14453125,-246.60626220703125,-42765.70977783203
1,False,104,-19026.974609375,-23492.107421875,-246.5775604248047,-42765.659591674805
1,False,105,-19026.99609375,-23492.076171875,-246.54827880859375,-42765.620544433594
1,False,106,-19027.01171875,-23492.041015625,-246.5196533203125,-42765.57238769531
1,False,107,-19027.029296875,-23492.009765625,-246.49258422851562,-42765.531646728516
1,False,108,-19027.046875,-23491.9765625,-246.46707153320312,-42765.4905090332
1,False,109,-19027.064453125,-23491.9453125,-246.44232177734375,-42765.452087402344
1,False,110,-19027.08203125,-23491.912109375,-246.41770935058594,-42765.411849975586
1,False,111,-19027.099609375,-23491.8828125,-246.39312744140625,-42765.375549316406
1,False,112,-19027.1171875,-23491.8515625,-246.36911010742188,-42765.33786010742
1,False,113,-19027.1328125,-23491.82421875,-246.34619140625,-42765.30322265625
1,False,114,-19027.150390625,-23491.791015625,-246.32435607910156,-42765.2657623291
1,False,115,-19027.16796875,-23491.765625,-246.30328369140625,-42765.236877441406
1,False,116,-19027.185546875,-23491.734375,-246.28256225585938,-42765.20248413086
1,False,117,-19027.205078125,-23491.703125,-246.2623291015625,-42765.17053222656
1,False,118,-19027.2265625,-23491.673828125,-246.24278259277344,-42765.14317321777
1,False,119,-19027.2421875,-23491.646484375,-246.22406005859375,-42765.112731933594
1,False,120,-19027.259765625,-23491.619140625,-246.20594787597656,-42765.08485412598
1,False,121,-19027.27734375,-23491.591796875,-246.18824768066406,-42765.057388305664
1,False,122,-19027.298828125,-23491.5625,-246.17100524902344,-42765.03233337402
1,False,123,-19027.31640625,-23491.537109375,-246.1546630859375,-42765.00817871094
1,False,124,-19027.33203125,-23491.51171875,-246.13946533203125,-42764.98321533203
1,False,125,-19027.3515625,-23491.486328125,-246.12518310546875,-42764.96307373047
1,False,126,-19027.3671875,-23491.4609375,-246.11114501953125,-42764.93927001953
1,False,127,-19027.3828125,-23491.4375,-246.09671020507812,-42764.91702270508
1,False,128,-19027.396484375,-23491.4140625,-246.08184814453125,-42764.89239501953
1,False,129,-19027.416015625,-23491.392578125,-246.06692504882812,-42764.87551879883
1,False,130,-19027.431640625,-23491.37109375,-246.05258178710938,-42764.85531616211
1,False,131,-19027.447265625,-23491.349609375,-246.03919982910156,-42764.8360748291
1,False,132,-19027.462890625,-23491.328125,-246.02670288085938,-42764.81771850586
1,False,133,-19027.48046875,-23491.306640625,-246.0148468017578,-42764.80195617676
1,False,134,-19027.494140625,-23491.28515625,-246.0034637451172,-42764.78276062012
1,False,135,-19027.509765625,-23491.263671875,-245.9924774169922,-42764.76591491699
1,False,136,-19027.5234375,-23491.244140625,-245.98187255859375,-42764.749450683594
1,False,137,-19027.54296875,-23491.22265625,-245.97152709960938,-42764.73715209961
1,False,138,-19027.556640625,-23491.201171875,-245.96115112304688,-42764.71896362305
1,False,139,-19027.576171875,-23491.18359375,-245.95054626464844,-42764.71031188965
1,False,140,-19027.58984375,-23491.162109375,-245.93972778320312,-42764.6916809082
1,False,141,-19027.607421875,-23491.142578125,-245.9288330078125,-42764.67883300781
1,False,142,-19027.625,-23491.125,-245.9183349609375,-42764.66833496094
1,False,143,-19027.640625,-23491.10546875,-245.90847778320312,-42764.6545715332
1,False,144,-19027.65625,-23491.08984375,-245.89950561523438,-42764.645599365234
1,False,145,-19027.66796875,-23491.0703125,-245.89138793945312,-42764.62966918945
1,False,146,-19027.681640625,-23491.0546875,-245.88397216796875,-42764.62030029297
1,False,147,-19027.6953125,-23491.037109375,-245.8770751953125,-42764.60949707031
1,False,148,-19027.70703125,-23491.01953125,-245.87039184570312,-42764.5969543457
1,False,149,-19027.720703125,-23491.005859375,-245.86370849609375,-42764.590270996094
1,False,150,-19027.734375,-23490.990234375,-245.85687255859375,-42764.581481933594
1,False,151,-19027.748046875,-23490.974609375,-245.84979248046875,-42764.57244873047
1,False,152,-19027.759765625,-23490.9609375,-245.84259033203125,-42764.56329345703
1,False,153,-19027.7734375,-23490.94140625,-245.83538818359375,-42764.550231933594
1,False,154,-19027.7890625,-23490.9296875,-245.82827758789062,-42764.54702758789
1,False,155,-19027.80078125,-23490.9140625,-245.8212432861328,-42764.53608703613
1,False,156,-19027.814453125,-23490.90234375,-245.81436157226562,-42764.531158447266
1,False,157,-19027.826171875,-23490.888671875,-245.80767822265625,-42764.522521972656
1,False,158,-19027.83984375,-23490.87109375,-245.80137634277344,-42764.51231384277
1,False,159,-19027.853515625,-23490.857421875,-245.79550170898438,-42764.506439208984
1,False,160,-19027.865234375,-23490.845703125,-245.79002380371094,-42764.50096130371
1,False,161,-19027.87890625,-23490.833984375,-245.78482055664062,-42764.49771118164
1,False,162,-19027.890625,-23490.8203125,-245.77981567382812,-42764.49075317383
1,False,163,-19027.8984375,-23490.810546875,-245.77503967285156,-42764.48402404785
1,False,164,-19027.91015625,-23490.796875,-245.77035522460938,-42764.47738647461
1,False,165,-19027.921875,-23490.78515625,-245.76577758789062,-42764.47280883789
1,False,166,-19027.935546875,-23490.7734375,-245.76123046875,-42764.47021484375
1,False,167,-19027.9453125,-23490.76171875,-245.7567138671875,-42764.46374511719
1,False,168,-19027.953125,-23490.75,-245.75228881835938,-42764.45541381836
1,False,169,-19027.96484375,-23490.740234375,-245.748046875,-42764.453125
1,False,170,-19027.974609375,-23490.728515625,-245.7440185546875,-42764.44714355469
1,False,171,-19027.984375,-23490.71875,-245.74020385742188,-42764.44332885742
1,False,172,-19027.99609375,-23490.70703125,-245.73651123046875,-42764.43963623047
1,False,173,-19028.00390625,-23490.69921875,-245.73284912109375,-42764.435974121094
1,False,174,-19028.015625,-23490.6875,-245.72918701171875,-42764.43231201172
1,False,175,-19028.02734375,-23490.677734375,-245.72560119628906,-42764.43067932129
1,False,176,-19028.03515625,-23490.666015625,-245.72210693359375,-42764.423278808594
1,False,177,-19028.044921875,-23490.662109375,-245.71873474121094,-42764.42576599121
1,False,178,-19028.0546875,-23490.650390625,-245.71551513671875,-42764.42059326172
1,False,179,-19028.060546875,-23490.640625,-245.71240234375,-42764.41357421875
1,False,180,-19028.072265625,-23490.630859375,-245.70938110351562,-42764.412506103516
1,False,181,-19028.078125,-23490.623046875,-245.70639038085938,-42764.40756225586
1,False,182,-19028.087890625,-23490.6171875,-245.70343017578125,-42764.40850830078
1,False,183,-19028.095703125,-23490.607421875,-245.70053100585938,-42764.40365600586
1,False,184,-19028.103515625,-23490.599609375,-245.69766235351562,-42764.400787353516
1,False,185,-19028.11328125,-23490.591796875,-245.6949005126953,-42764.399978637695
1,False,186,-19028.119140625,-23490.58203125,-245.6922149658203,-42764.39338684082
1,False,187,-19028.12890625,-23490.57421875,-245.6896514892578,-42764.39277648926
1,False,188,-19028.134765625,-23490.564453125,-245.6871795654297,-42764.38639831543
1,False,189,-19028.14453125,-23490.55859375,-245.68484497070312,-42764.3879699707
1,False,190,-19028.150390625,-23490.55078125,-245.68258666992188,-42764.38375854492
1,False,191,-19028.16015625,-23490.544921875,-245.68038940429688,-42764.3854675293
1,False,192,-19028.166015625,-23490.537109375,-245.6782684326172,-42764.38139343262
1,False,193,-19028.171875,-23490.53125,-245.67617797851562,-42764.379302978516
1,False,194,-19028.177734375,-23490.5234375,-245.67413330078125,-42764.37530517578
1,False,195,-19028.185546875,-23490.517578125,-245.67213439941406,-42764.375259399414
1,False,196,-19028.193359375,-23490.509765625,-245.67018127441406,-42764.373306274414
1,False,197,-19028.19921875,-23490.505859375,-245.66824340820312,-42764.3733215332
1,False,198,-19028.205078125,-23490.5,-245.66635131835938,-42764.37142944336
1,False,199,-19028.2109375,-23490.494140625,-245.66452026367188,-42764.36959838867
1,False,200,-19028.21875,-23490.48828125,-245.66275024414062,-42764.36978149414
1,False,201,-19028.22265625,-23490.48046875,-245.66107177734375,-42764.364196777344
1,False,202,-19028.23046875,-23490.4765625,-245.65945434570312,-42764.3664855957
1,False,203,-19028.236328125,-23490.470703125,-245.65789794921875,-42764.36492919922
1,False,204,-19028.240234375,-23490.46484375,-245.6564178466797,-42764.36149597168
1,False,205,-19028.24609375,-23490.45703125,-245.65493774414062,-42764.35806274414
1,False,206,-19028.251953125,-23490.455078125,-245.65354919433594,-42764.360580444336
1,False,207,-19028.2578125,-23490.44921875,-245.6521453857422,-42764.35917663574
1,False,208,-19028.26171875,-23490.44140625,-245.65078735351562,-42764.353912353516
1,False,209,-19028.267578125,-23490.4375,-245.64947509765625,-42764.354553222656
1,False,210,-19028.2734375,-23490.43359375,-245.64816284179688,-42764.3551940918
1,False,211,-19028.27734375,-23490.4296875,-245.64688110351562,-42764.353912353516
1,False,212,-19028.283203125,-23490.423828125,-245.6456756591797,-42764.35270690918
1,False,213,-19028.287109375,-23490.419921875,-245.64451599121094,-42764.35154724121
1,False,214,-19028.291015625,-23490.41796875,-245.64337158203125,-42764.35235595703
1,False,215,-19028.296875,-23490.412109375,-245.64227294921875,-42764.35125732422
1,False,216,-19028.302734375,-23490.404296875,-245.64117431640625,-42764.348205566406
1,False,217,-19028.3046875,-23490.40234375,-245.64012145996094,-42764.34715270996
1,False,218,-19028.30859375,-23490.3984375,-245.6390838623047,-42764.346115112305
1,False,219,-19028.31640625,-23490.39453125,-245.63807678222656,-42764.34901428223
1,False,220,-19028.318359375,-23490.392578125,-245.63711547851562,-42764.348052978516
1,False,221,-19028.32421875,-23490.388671875,-245.63616943359375,-42764.349060058594
1,False,222,-19028.326171875,-23490.3828125,-245.63526916503906,-42764.34425354004
1,False,223,-19028.330078125,-23490.380859375,-245.6343994140625,-42764.34533691406
1,False,224,-19028.3359375,-23490.375,-245.633544921875,-42764.344482421875
1,False,225,-19028.337890625,-23490.373046875,-245.63272094726562,-42764.343658447266
1,False,226,-19028.33984375,-23490.369140625,-245.63192749023438,-42764.340911865234
1,False,227,-19028.34375,-23490.365234375,-245.63113403320312,-42764.3401184082
1,False,228,-19028.34765625,-23490.361328125,-245.63037109375,-42764.33935546875
1,False,229,-19028.353515625,-23490.359375,-245.629638671875,-42764.342529296875
1,False,230,-19028.35546875,-23490.35546875,-245.62892150878906,-42764.33985900879
1,False,231,-19028.359375,-23490.35546875,-245.62826538085938,-42764.34310913086
1,False,232,-19028.361328125,-23490.3515625,-245.62759399414062,-42764.34048461914
1,False,233,-19028.36328125,-23490.345703125,-245.62692260742188,-42764.33590698242
1,False,234,-19028.3671875,-23490.341796875,-245.62632751464844,-42764.33531188965
1,False,235,-19028.37109375,-23490.341796875,-245.625732421875,-42764.338623046875
1,False,236,-19028.375,-23490.337890625,-245.6251678466797,-42764.33805847168
1,False,237,-19028.376953125,-23490.3359375,-245.62457275390625,-42764.337463378906
1,False,238,-19028.37890625,-23490.33203125,-245.62400817871094,-42764.33494567871
1,False,239,-19028.3828125,-23490.33203125,-245.62347412109375,-42764.338317871094
1,False,240,-19028.3828125,-23490.328125,-245.62295532226562,-42764.333892822266
1,False,241,-19028.388671875,-23490.32421875,-245.6224365234375,-42764.33532714844
1,False,242,-19028.390625,-23490.322265625,-245.62197875976562,-42764.334869384766
1,False,243,-19028.392578125,-23490.3203125,-245.62149047851562,-42764.334381103516
1,False,244,-19028.39453125,-23490.31640625,-245.62103271484375,-42764.331970214844
1,False,245,-19028.3984375,-23490.31640625,-245.62060546875,-42764.33544921875
1,False,246,-19028.3984375,-23490.314453125,-245.62017822265625,-42764.333068847656
1,False,247,-19028.40234375,-23490.310546875,-245.6197509765625,-42764.33264160156
1,False,248,-19028.40625,-23490.30859375,-245.61935424804688,-42764.33419799805
1,False,249,-19028.408203125,-23490.30859375,-245.6189422607422,-42764.33573913574
1,False,250,-19028.408203125,-23490.3046875,-245.6185760498047,-42764.331466674805
1,False,251,-19028.412109375,-23490.302734375,-245.61819458007812,-42764.33303833008
1,False,252,-19028.4140625,-23490.30078125,-245.61785888671875,-42764.33270263672
1,False,253,-19028.416015625,-23490.30078125,-245.61749267578125,-42764.33428955078
1,False,254,-19028.416015625,-23490.296875,-245.61717224121094,-42764.33006286621
1,False,255,-19028.41796875,-23490.294921875,-245.61685180664062,-42764.32974243164
1,False,256,-19028.419921875,-23490.29296875,-245.61651611328125,-42764.32940673828
1,False,257,-19028.421875,-23490.29296875,-245.61624145507812,-42764.33108520508
1,False,258,-19028.42578125,-23490.291015625,-245.615966796875,-42764.332763671875
1,False,259,-19028.42578125,-23490.28515625,-245.61566162109375,-42764.326599121094
1,False,260,-19028.427734375,-23490.28515625,-245.61538696289062,-42764.32827758789
1,False,261,-19028.431640625,-23490.28515625,-245.61514282226562,-42764.331939697266
1,False,262,-19028.43359375,-23490.28515625,-245.61488342285156,-42764.33363342285
1,False,263,-19028.43359375,-23490.28125,-245.6146240234375,-42764.32946777344
1,False,264,-19028.43359375,-23490.279296875,-245.61441040039062,-42764.32730102539
1,False,265,-19028.435546875,-23490.279296875,-245.61419677734375,-42764.329040527344
1,False,266,-19028.435546875,-23490.27734375,-245.6139678955078,-42764.32685852051
1,False,267,-19028.439453125,-23490.27734375,-245.61376953125,-42764.33056640625
1,False,268,-19028.44140625,-23490.2734375,-245.61355590820312,-42764.3283996582
2,False,0,-19506.087890625,-23497.892578125,-254.14669799804688,-43258.12716674805
2,False,1,-19388.189453125,-23498.333984375,-252.79718017578125,-43139.32061767578
2,False,2,-19294.36328125,-23498.72265625,-252.19070434570312,-43045.2766418457
2,False,3,-19220.828125,-23499.052734375,-252.02056884765625,-42971.901428222656
2,False,4,-19165.201171875,-23499.361328125,-252.02151489257812,-42916.58401489258
2,False,5,-19125.1171875,-23499.6328125,-252.0880126953125,-42876.83801269531
2,False,6,-19097.796875,-23499.853515625,-252.20291137695312,-42849.85330200195
2,False,7,-19080.2265625,-23500.013671875,-252.3426513671875,-42832.58288574219
2,False,8,-19069.546875,-23500.123046875,-252.48452758789062,-42822.15444946289
2,False,9,-19063.435546875,-23500.1796875,-252.6171875,-42816.232421875
2,False,10,-19060.25,-23500.1953125,-252.7359619140625,-42813.18127441406
2,False,11,-19058.896484375,-23500.1640625,-252.83934020996094,-42811.89988708496
2,False,12,-19058.59765625,-23500.099609375,-252.92446899414062,-42811.62173461914
2,False,13,-19058.763671875,-23500.00390625,-252.9827423095703,-42811.75032043457
2,False,14,-19058.978515625,-23499.890625,-253.0025634765625,-42811.87170410156
2,False,15,-19058.978515625,-23499.7578125,-252.9748077392578,-42811.71113586426
2,False,16,-19058.630859375,-23499.61328125,-252.89329528808594,-42811.137435913086
2,False,17,-19057.88671875,-23499.4609375,-252.75338745117188,-42810.10104370117
2,False,18,-19056.72265625,-23499.30078125,-252.5521697998047,-42808.575607299805
2,False,19,-19055.142578125,-23499.140625,-252.28944396972656,-42806.57264709473
2,False,20,-19053.19921875,-23498.984375,-251.96791076660156,-42804.1515045166
2,False,21,-19051.0078125,-23498.83203125,-251.5937042236328,-42801.43354797363
2,False,22,-19048.73046875,-23498.69140625,-251.1768798828125,-42798.59875488281
2,False,23,-19046.529296875,-23498.556640625,-250.73281860351562,-42795.818756103516
2,False,24,-19044.53125,-23498.43359375,-250.28359985351562,-42793.248443603516
2,False,25,-19042.8125,-23498.3125,-249.85699462890625,-42790.981994628906
2,False,26,-19041.384765625,-23498.185546875,-249.48228454589844,-42789.0525970459
2,False,27,-19040.205078125,-23498.060546875,-249.18429565429688,-42787.4499206543
2,False,28,-19039.203125,-23497.921875,-248.97796630859375,-42786.102966308594
2,False,29,-19038.318359375,-23497.77734375,-248.86489868164062,-42784.96060180664
2,False,30,-19037.51953125,-23497.619140625,-248.83396911621094,-42783.97264099121
2,False,31,-19036.79296875,-23497.453125,-248.86477661132812,-42783.11087036133
2,False,32,-19036.119140625,-23497.28125,-248.93292236328125,-42782.33331298828
2,False,33,-19035.484375,-23497.103515625,-249.01541137695312,-42781.60330200195
2,False,34,-19034.876953125,-23496.92578125,-249.0950927734375,-42780.89782714844
2,False,35,-19034.302734375,-23496.755859375,-249.1610565185547,-42780.219650268555
2,False,36,-19033.7734375,-23496.59375,-249.2064971923828,-42779.57368469238
2,False,37,-19033.302734375,-23496.451171875,-249.2257537841797,-42778.97966003418
2,False,38,-19032.90625,-23496.31640625,-249.21229553222656,-42778.43495178223
2,False,39,-19032.587890625,-23496.1953125,-249.15980529785156,-42777.94300842285
2,False,40,-19032.341796875,-23496.0859375,-249.0647735595703,-42777.49250793457
2,False,41,-19032.14453125,-23495.984375,-248.9298858642578,-42777.05879211426
2,False,42,-19031.974609375,-23495.892578125,-248.765625,-42776.6328125
2,False,43,-19031.80859375,-23495.8046875,-248.58840942382812,-42776.20169067383
2,False,44,-19031.630859375,-23495.71875,-248.41629028320312,-42775.7658996582
2,False,45,-19031.4296875,-23495.638671875,-248.2633819580078,-42775.33174133301
2,False,46,-19031.208984375,-23495.55859375,-248.13641357421875,-42774.90399169922
2,False,47,-19030.98046875,-23495.484375,-248.03472900390625,-42774.499572753906
2,False,48,-19030.759765625,-23495.41015625,-247.95315551757812,-42774.12307739258
2,False,49,-19030.548828125,-23495.333984375,-247.88650512695312,-42773.76931762695
2,False,50,-19030.33984375,-23495.26171875,-247.833251953125,-42773.434814453125
2,False,51,-19030.13671875,-23495.193359375,-247.79595947265625,-42773.126037597656
2,False,52,-19029.9296875,-23495.125,-247.7788848876953,-42772.833572387695
2,False,53,-19029.71875,-23495.05859375,-247.78387451171875,-42772.56121826172
2,False,54,-19029.513671875,-23494.9921875,-247.80731201171875,-42772.31317138672
2,False,55,-19029.318359375,-23494.92578125,-247.83973693847656,-42772.08387756348
2,False,56,-19029.140625,-23494.86328125,-247.8680419921875,-42771.87194824219
2,False,57,-19028.984375,-23494.80078125,-247.8795623779297,-42771.66471862793
2,False,58,-19028.857421875,-23494.73828125,-247.8651580810547,-42771.460861206055
2,False,59,-19028.765625,-23494.67578125,-247.8208770751953,-42771.262283325195
2,False,60,-19028.69921875,-23494.603515625,-247.7472686767578,-42771.05000305176
2,False,61,-19028.65625,-23494.53515625,-247.64796447753906,-42770.83937072754
2,False,62,-19028.63671875,-23494.4609375,-247.5284423828125,-42770.62609863281
2,False,63,-19028.6328125,-23494.380859375,-247.3955841064453,-42770.409255981445
2,False,64,-19028.642578125,-23494.30078125,-247.25778198242188,-42770.20114135742
2,False,65,-19028.658203125,-23494.216796875,-247.12461853027344,-42769.99961853027
2,False,66,-19028.67578125,-23494.1328125,-247.0054168701172,-42769.81401062012
2,False,67,-19028.68359375,-23494.048828125,-246.90725708007812,-42769.63967895508
2,False,68,-19028.6796875,-23493.96875,-246.83311462402344,-42769.48155212402
2,False,69,-19028.658203125,-23493.890625,-246.781494140625,-42769.330322265625
2,False,70,-19028.62109375,-23493.818359375,-246.74765014648438,-42769.187103271484
2,False,71,-19028.5703125,-23493.751953125,-246.72604370117188,-42769.04830932617
2,False,72,-19028.51171875,-23493.689453125,-246.71234130859375,-42768.913513183594
2,False,73,-19028.447265625,-23493.62890625,-246.703857421875,-42768.780029296875
2,False,74,-19028.375,-23493.568359375,-246.69876098632812,-42768.64212036133
2,False,75,-19028.30078125,-23493.51171875,-246.69467163085938,-42768.50717163086
2,False,76,-19028.232421875,-23493.45703125,-246.68780517578125,-42768.37725830078
2,False,77,-19028.173828125,-23493.400390625,-246.67391967773438,-42768.248138427734
2,False,78,-19028.130859375,-23493.341796875,-246.64993286132812,-42768.12258911133
2,False,79,-19028.103515625,-23493.291015625,-246.61566162109375,-42768.010192871094
2,False,80,-19028.0859375,-23493.234375,-246.57400512695312,-42767.89431762695
2,False,81,-19028.0703125,-23493.1875,-246.52972412109375,-42767.787536621094
2,False,82,-19028.0546875,-23493.13671875,-246.48712158203125,-42767.67852783203
2,False,83,-19028.03515625,-23493.091796875,-246.44825744628906,-42767.57521057129
2,False,84,-19028.017578125,-23493.046875,-246.41275024414062,-42767.47720336914
2,False,85,-19027.99609375,-23493.001953125,-246.3786163330078,-42767.37666320801
2,False,86,-19027.974609375,-23492.958984375,-246.34413146972656,-42767.27772521973
2,False,87,-19027.95703125,-23492.91796875,-246.30877685546875,-42767.18377685547
2,False,88,-19027.94140625,-23492.880859375,-246.27346801757812,-42767.09573364258
2,False,89,-19027.92578125,-23492.83984375,-246.23980712890625,-42767.005432128906
2,False,90,-19027.91015625,-23492.80078125,-246.20924377441406,-42766.920181274414
2,False,91,-19027.890625,-23492.765625,-246.18240356445312,-42766.83865356445
2,False,92,-19027.876953125,-23492.7265625,-246.1591796875,-42766.7626953125
2,False,93,-19027.859375,-23492.685546875,-246.13876342773438,-42766.683685302734
2,False,94,-19027.84765625,-23492.640625,-246.11996459960938,-42766.60824584961
2,False,95,-19027.837890625,-23492.59765625,-246.1009521484375,-42766.53649902344
2,False,96,-19027.8359375,-23492.548828125,-246.0797882080078,-42766.46455383301
2,False,97,-19027.83984375,-23492.50390625,-246.0549774169922,-42766.39872741699
2,False,98,-19027.84765625,-23492.45703125,-246.02601623535156,-42766.33070373535
2,False,99,-19027.861328125,-23492.41015625,-245.9940643310547,-42766.265548706055
2,False,100,-19027.875,-23492.365234375,-245.96133422851562,-42766.201568603516
2,False,101,-19027.892578125,-23492.322265625,-245.93026733398438,-42766.145111083984
2,False,102,-19027.904296875,-23492.279296875,-245.90225219726562,-42766.085845947266
2,False,103,-19027.91015625,-23492.23828125,-245.8772430419922,-42766.02568054199
2,False,104,-19027.916015625,-23492.201171875,-245.854248046875,-42765.971435546875
2,False,105,-19027.923828125,-23492.162109375,-245.83212280273438,-42765.918060302734
2,False,106,-19027.9296875,-23492.126953125,-245.8104705810547,-42765.867111206055
2,False,107,-19027.935546875,-23492.09375,-245.78981018066406,-42765.819107055664
2,False,108,-19027.94140625,-23492.05859375,-245.77105712890625,-42765.771057128906
2,False,109,-19027.943359375,-23492.025390625,-245.75473022460938,-42765.72348022461
2,False,110,-19027.9453125,-23491.9921875,-245.74075317382812,-42765.67825317383
2,False,111,-19027.951171875,-23491.958984375,-245.72850036621094,-42765.63865661621
2,False,112,-19027.953125,-23491.923828125,-245.71725463867188,-42765.59420776367
2,False,113,-19027.958984375,-23491.892578125,-245.70664978027344,-42765.55821228027
2,False,114,-19027.966796875,-23491.857421875,-245.6964111328125,-42765.52062988281
2,False,115,-19027.970703125,-23491.822265625,-245.68634033203125,-42765.47930908203
2,False,116,-19027.974609375,-23491.79296875,-245.67599487304688,-42765.44357299805
2,False,117,-19027.984375,-23491.7578125,-245.6650390625,-42765.4072265625
2,False,118,-19027.9921875,-23491.73046875,-245.6532745361328,-42765.37593078613
2,False,119,-19028.001953125,-23491.703125,-245.64083862304688,-42765.34591674805
2,False,120,-19028.013671875,-23491.67578125,-245.62823486328125,-42765.31768798828
2,False,121,-19028.0234375,-23491.650390625,-245.61575317382812,-42765.28958129883
2,False,122,-19028.03515625,-23491.62109375,-245.60354614257812,-42765.25979614258
2,False,123,-19028.044921875,-23491.59375,-245.591552734375,-42765.230224609375
2,False,124,-19028.05859375,-23491.56640625,-245.57974243164062,-42765.20474243164
2,False,125,-19028.0703125,-23491.541015625,-245.56820678710938,-42765.17953491211
2,False,126,-19028.08203125,-23491.51171875,-245.55718994140625,-42765.150939941406
2,False,127,-19028.095703125,-23491.486328125,-245.546875,-42765.12890625
2,False,128,-19028.111328125,-23491.45703125,-245.53717041015625,-42765.105529785156
2,False,129,-19028.123046875,-23491.435546875,-245.52810668945312,-42765.08670043945
2,False,130,-19028.13671875,-23491.408203125,-245.51963806152344,-42765.06455993652
2,False,131,-19028.1484375,-23491.38671875,-245.511962890625,-42765.047119140625
2,False,132,-19028.16015625,-23491.361328125,-245.50540161132812,-42765.02688598633
2,False,133,-19028.16796875,-23491.337890625,-245.50009155273438,-42765.005950927734
2,False,134,-19028.17578125,-23491.318359375,-245.49600219726562,-42764.990142822266
2,False,135,-19028.181640625,-23491.296875,-245.49290466308594,-42764.971420288086
2,False,136,-19028.1875,-23491.27734375,-245.49044799804688,-42764.95529174805
2,False,137,-19028.1953125,-23491.2578125,-245.48849487304688,-42764.94161987305
2,False,138,-19028.19921875,-23491.23828125,-245.48687744140625,-42764.924377441406
2,False,139,-19028.205078125,-23491.21875,-245.48538208007812,-42764.90921020508
2,False,140,-19028.2109375,-23491.19921875,-245.48370361328125,-42764.89385986328
2,False,141,-19028.21875,-23491.181640625,-245.4815216064453,-42764.881912231445
2,False,142,-19028.2265625,-23491.16015625,-245.47874450683594,-42764.865463256836
2,False,143,-19028.236328125,-23491.142578125,-245.47543334960938,-42764.85433959961
2,False,144,-19028.24609375,-23491.125,-245.4718780517578,-42764.84297180176
2,False,145,-19028.25390625,-23491.10546875,-245.46836853027344,-42764.82774353027
2,False,146,-19028.26171875,-23491.08984375,-245.46502685546875,-42764.81658935547
2,False,147,-19028.271484375,-23491.072265625,-245.46197509765625,-42764.805725097656
2,False,148,-19028.279296875,-23491.05859375,-245.45921325683594,-42764.797103881836
2,False,149,-19028.28515625,-23491.041015625,-245.4567413330078,-42764.78291320801
2,False,150,-19028.29296875,-23491.025390625,-245.45474243164062,-42764.77310180664
2,False,151,-19028.296875,-23491.009765625,-245.45323181152344,-42764.75987243652
2,False,152,-19028.306640625,-23490.99609375,-245.45211791992188,-42764.75485229492
2,False,153,-19028.310546875,-23490.98046875,-245.45140075683594,-42764.742416381836
2,False,154,-19028.31640625,-23490.966796875,-245.4510498046875,-42764.73425292969
2,False,155,-19028.3203125,-23490.951171875,-245.45098876953125,-42764.72247314453
2,False,156,-19028.326171875,-23490.9375,-245.45120239257812,-42764.71487426758
2,False,157,-19028.330078125,-23490.923828125,-245.45159912109375,-42764.705505371094
2,False,158,-19028.3359375,-23490.908203125,-245.45199584960938,-42764.69613647461
2,False,159,-19028.341796875,-23490.896484375,-245.4523162841797,-42764.69059753418
2,False,160,-19028.34765625,-23490.8828125,-245.45254516601562,-42764.683013916016
2,False,161,-19028.3515625,-23490.873046875,-245.4527130126953,-42764.677322387695
2,False,162,-19028.35546875,-23490.85546875,-245.45294189453125,-42764.66387939453
2,False,163,-19028.359375,-23490.845703125,-245.45330810546875,-42764.65838623047
2,False,164,-19028.36328125,-23490.833984375,-245.45376586914062,-42764.65103149414
2,False,165,-19028.369140625,-23490.822265625,-245.45431518554688,-42764.64572143555
2,False,166,-19028.375,-23490.810546875,-245.4549560546875,-42764.64050292969
2,False,167,-19028.376953125,-23490.798828125,-245.45571899414062,-42764.63150024414
2,False,168,-19028.37890625,-23490.7890625,-245.45654296875,-42764.62451171875
2,False,169,-19028.3828125,-23490.779296875,-245.45738220214844,-42764.61949157715
2,False,170,-19028.38671875,-23490.767578125,-245.45828247070312,-42764.6125793457
2,False,171,-19028.392578125,-23490.75390625,-245.45919799804688,-42764.60568237305
2,False,172,-19028.39453125,-23490.744140625,-245.46018981933594,-42764.598861694336
2,False,173,-19028.3984375,-23490.734375,-245.4613037109375,-42764.59411621094
2,False,174,-19028.400390625,-23490.724609375,-245.46243286132812,-42764.58743286133
2,False,175,-19028.40625,-23490.71484375,-245.463623046875,-42764.584716796875
2,False,176,-19028.408203125,-23490.705078125,-245.4647674560547,-42764.578048706055
2,False,177,-19028.41015625,-23490.6953125,-245.46591186523438,-42764.571380615234
2,False,178,-19028.4140625,-23490.685546875,-245.46701049804688,-42764.56661987305
2,False,179,-19028.41796875,-23490.67578125,-245.4681396484375,-42764.56188964844
2,False,180,-19028.421875,-23490.66796875,-245.46929931640625,-42764.559143066406
2,False,181,-19028.423828125,-23490.66015625,-245.47044372558594,-42764.554428100586
2,False,182,-19028.42578125,-23490.6484375,-245.47157287597656,-42764.54579162598
2,False,183,-19028.4296875,-23490.642578125,-245.4727020263672,-42764.54496765137
2,False,184,-19028.431640625,-23490.6328125,-245.473876953125,-42764.538330078125
2,False,185,-19028.435546875,-23490.62109375,-245.47509765625,-42764.53173828125
2,False,186,-19028.439453125,-23490.6171875,-245.4763641357422,-42764.53300476074
2,False,187,-19028.44140625,-23490.607421875,-245.4776611328125,-42764.52648925781
2,False,188,-19028.4453125,-23490.6015625,-245.47901916503906,-42764.52589416504
2,False,189,-19028.4453125,-23490.58984375,-245.48040771484375,-42764.515563964844
2,False,190,-19028.44921875,-23490.5859375,-245.48184204101562,-42764.516998291016
2,False,191,-19028.451171875,-23490.580078125,-245.48326110839844,-42764.5145111084
2,False,192,-19028.453125,-23490.5703125,-245.48472595214844,-42764.50816345215
2,False,193,-19028.455078125,-23490.564453125,-245.48617553710938,-42764.50570678711
2,False,194,-19028.45703125,-23490.5546875,-245.48760986328125,-42764.49932861328
2,False,195,-19028.458984375,-23490.548828125,-245.4890594482422,-42764.49687194824
2,False,196,-19028.458984375,-23490.5390625,-245.49041748046875,-42764.48846435547
2,False,197,-19028.462890625,-23490.53515625,-245.4917449951172,-42764.48979187012
2,False,198,-19028.46484375,-23490.529296875,-245.49298095703125,-42764.48712158203
2,False,199,-19028.46875,-23490.521484375,-245.4941864013672,-42764.48442077637
2,False,200,-19028.470703125,-23490.515625,-245.49539184570312,-42764.4817199707
2,False,201,-19028.47265625,-23490.51171875,-245.49658203125,-42764.48095703125
2,False,202,-19028.47265625,-23490.501953125,-245.49783325195312,-42764.47244262695
2,False,203,-19028.474609375,-23490.49609375,-245.49905395507812,-42764.46975708008
2,False,204,-19028.478515625,-23490.490234375,-245.50030517578125,-42764.46905517578
2,False,205,-19028.48046875,-23490.486328125,-245.5015411376953,-42764.468338012695
2,False,206,-19028.48046875,-23490.48046875,-245.50277709960938,-42764.46371459961
2,False,207,-19028.482421875,-23490.47265625,-245.50399780273438,-42764.459075927734
2,False,208,-19028.484375,-23490.470703125,-245.50518798828125,-42764.46026611328
2,False,209,-19028.484375,-23490.46484375,-245.50637817382812,-42764.45559692383
2,False,210,-19028.486328125,-23490.4609375,-245.507568359375,-42764.454833984375
2,False,211,-19028.490234375,-23490.453125,-245.5087890625,-42764.4521484375
2,False,212,-19028.48828125,-23490.44921875,-245.50994873046875,-42764.44744873047
2,False,213,-19028.4921875,-23490.44140625,-245.5111083984375,-42764.44470214844
2,False,214,-19028.494140625,-23490.4375,-245.5122833251953,-42764.443923950195
2,False,215,-19028.49609375,-23490.43359375,-245.513427734375,-42764.443115234375
2,False,216,-19028.49609375,-23490.427734375,-245.51454162597656,-42764.43836975098
2,False,217,-19028.498046875,-23490.423828125,-245.51565551757812,-42764.43753051758
2,False,218,-19028.498046875,-23490.41796875,-245.51678466796875,-42764.43280029297
2,False,219,-19028.501953125,-23490.4140625,-245.5178680419922,-42764.43388366699
2,False,220,-19028.5,-23490.41015625,-245.51895141601562,-42764.429107666016
2,False,221,-19028.5,-23490.40625,-245.52001953125,-42764.42626953125
2,False,222,-19028.505859375,-23490.40234375,-245.52105712890625,-42764.429260253906
2,False,223,-19028.505859375,-23490.3984375,-245.52207946777344,-42764.42637634277
2,False,224,-19028.5078125,-23490.39453125,-245.52310180664062,-42764.42544555664
2,False,225,-19028.509765625,-23490.392578125,-245.52410888671875,-42764.42645263672
2,False,226,-19028.509765625,-23490.388671875,-245.52508544921875,-42764.42352294922
2,False,227,-19028.509765625,-23490.384765625,-245.52606201171875,-42764.42059326172
2,False,228,-19028.51171875,-23490.37890625,-245.52703857421875,-42764.41766357422
2,False,229,-19028.513671875,-23490.375,-245.52801513671875,-42764.41668701172
2,False,230,-19028.51171875,-23490.37109375,-245.52894592285156,-42764.41175842285
2,False,231,-19028.515625,-23490.3671875,-245.52992248535156,-42764.41273498535
2,False,232,-19028.515625,-23490.365234375,-245.53085327148438,-42764.411712646484
2,False,233,-19028.517578125,-23490.359375,-245.5318145751953,-42764.408767700195
2,False,234,-19028.515625,-23490.357421875,-245.53273010253906,-42764.40577697754
2,False,235,-19028.517578125,-23490.353515625,-245.53366088867188,-42764.40475463867
2,False,236,-19028.51953125,-23490.3515625,-245.53457641601562,-42764.405670166016
2,False,237,-19028.51953125,-23490.34765625,-245.5354461669922,-42764.40263366699
2,False,238,-19028.517578125,-23490.34375,-245.53636169433594,-42764.397689819336
2,False,239,-19028.521484375,-23490.341796875,-245.53720092773438,-42764.400482177734
2,False,240,-19028.5234375,-23490.33984375,-245.5380859375,-42764.4013671875
2,False,241,-19028.5234375,-23490.3359375,-245.53890991210938,-42764.39828491211
2,False,242,-19028.521484375,-23490.33203125,-245.53973388671875,-42764.39324951172
2,False,243,-19028.525390625,-23490.330078125,-245.54058837890625,-42764.396057128906
2,False,244,-19028.5234375,-23490.328125,-245.54141235351562,-42764.392974853516
2,False,245,-19028.525390625,-23490.32421875,-245.542236328125,-42764.391845703125
2,False,246,-19028.525390625,-23490.32421875,-245.54302978515625,-42764.392639160156
2,False,247,-19028.52734375,-23490.3203125,-245.5438232421875,-42764.39147949219
2,False,248,-19028.525390625,-23490.31640625,-245.5446319580078,-42764.38642883301
2,False,249,-19028.52734375,-23490.31640625,-245.54541015625,-42764.38916015625
2,False,250,-19028.529296875,-23490.3125,-245.54617309570312,-42764.3879699707
2,False,251,-19028.529296875,-23490.30859375,-245.54696655273438,-42764.384857177734
2,False,252,-19028.529296875,-23490.30859375,-245.54771423339844,-42764.3856048584
2,False,253,-19028.529296875,-23490.306640625,-245.54847717285156,-42764.38441467285
2,False,254,-19028.53125,-23490.3046875,-245.54922485351562,-42764.385162353516
2,False,255,-19028.53125,-23490.302734375,-245.54995727539062,-42764.38394165039
2,False,256,-19028.53125,-23490.30078125,-245.55068969726562,-42764.382720947266
2,False,257,-19028.53125,-23490.296875,-245.55142211914062,-42764.37954711914
2,False,258,-19028.53125,-23490.29296875,-245.5521240234375,-42764.37634277344
2,False,259,-19028.53125,-23490.291015625,-245.55284118652344,-42764.37510681152
2,False,260,-19028.533203125,-23490.291015625,-245.5535125732422,-42764.37773132324
2,False,261,-19028.533203125,-23490.291015625,-245.55422973632812,-42764.37844848633
2,False,262,-19028.53125,-23490.2890625,-245.55490112304688,-42764.37521362305
2,False,263,-19028.533203125,-23490.28515625,-245.55560302734375,-42764.373962402344
2,False,264,-19028.53125,-23490.28515625,-245.55625915527344,-42764.37266540527
2,False,265,-19028.533203125,-23490.28125,-245.55691528320312,-42764.3713684082
2,False,266,-19028.533203125,-23490.28125,-245.55758666992188,-42764.37203979492
2,False,267,-19028.533203125,-23490.28125,-245.5582275390625,-42764.37268066406
2,False,268,-19028.53515625,-23490.27734375,-245.55889892578125,-42764.37139892578
2,False,269,-19028.533203125,-23490.275390625,-245.55953979492188,-42764.36813354492
2,False,270,-19028.53515625,-23490.2734375,-245.5601806640625,-42764.36877441406
2,False,271,-19028.533203125,-23490.2734375,-245.560791015625,-42764.367431640625
2,False,272,-19028.53515625,-23490.2734375,-245.56141662597656,-42764.37001037598
2,False,273,-19028.53515625,-23490.26953125,-245.56204223632812,-42764.36672973633
2,False,274,-19028.53515625,-23490.267578125,-245.56263732910156,-42764.3653717041
2,False,275,-19028.53515625,-23490.265625,-245.563232421875,-42764.364013671875
2,False,276,-19028.53515625,-23490.263671875,-245.5638427734375,-42764.36267089844
2,False,277,-19028.533203125,-23490.263671875,-245.56442260742188,-42764.36129760742
2,False,278,-19028.53515625,-23490.263671875,-245.56500244140625,-42764.363830566406
2,False,279,-19028.533203125,-23490.26171875,-245.56558227539062,-42764.36050415039
2,False,280,-19028.53515625,-23490.259765625,-245.56614685058594,-42764.361068725586
2,False,281,-19028.53515625,-23490.2578125,-245.56671142578125,-42764.35968017578
2,False,282,-19028.53515625,-23490.259765625,-245.5673065185547,-42764.362228393555
2,False,283,-19028.53515625,-23490.255859375,-245.56784057617188,-42764.35885620117
2,False,284,-19028.533203125,-23490.255859375,-245.56838989257812,-42764.35745239258
2,False,285,-19028.53515625,-23490.251953125,-245.56893920898438,-42764.356048583984
2,False,286,-19028.53515625,-23490.25390625,-245.56942749023438,-42764.358489990234
2,False,287,-19028.537109375,-23490.251953125,-245.56997680664062,-42764.35903930664
2,False,288,-19028.533203125,-23490.25,-245.5705108642578,-42764.35371398926
2,False,289,-19028.533203125,-23490.25,-245.57102966308594,-42764.354232788086
2,False,290,-19028.53515625,-23490.248046875,-245.571533203125,-42764.354736328125
2,False,291,-19028.53515625,-23490.248046875,-245.5720672607422,-42764.35527038574
2,False,292,-19028.53515625,-23490.24609375,-245.5725555419922,-42764.35380554199
2,False,293,-19028.533203125,-23490.24609375,-245.5730438232422,-42764.35234069824
2,False,294,-19028.53125,-23490.244140625,-245.57354736328125,-42764.34893798828
2,False,295,-19028.53515625,-23490.24609375,-245.5740509033203,-42764.35530090332
2,False,296,-19028.533203125,-23490.244140625,-245.57449340820312,-42764.3518371582
2,False,297,-19028.533203125,-23490.2421875,-245.574951171875,-42764.350341796875
2,False,298,-19028.533203125,-23490.240234375,-245.57545471191406,-42764.348892211914
2,False,299,-19028.53515625,-23490.23828125,-245.57591247558594,-42764.349349975586
2,False,300,-19028.533203125,-23490.240234375,-245.5763702392578,-42764.34980773926
2,False,301,-19028.533203125,-23490.240234375,-245.57681274414062,-42764.35025024414
2,False,302,-19028.533203125,-23490.240234375,-245.5772705078125,-42764.35070800781
2,False,303,-19028.53125,-23490.23828125,-245.57769775390625,-42764.347229003906
2,False,304,-19028.533203125,-23490.234375,-245.57814025878906,-42764.34571838379
2,False,305,-19028.533203125,-23490.23828125,-245.5785675048828,-42764.35005187988
2,False,306,-19028.533203125,-23490.236328125,-245.57899475097656,-42764.34852600098
2,False,307,-19028.53125,-23490.236328125,-245.5794219970703,-42764.34700012207
2,False,308,-19028.53125,-23490.234375,-245.57984924316406,-42764.345474243164
2,False,309,-19028.533203125,-23490.232421875,-245.58026123046875,-42764.34588623047
2,False,310,-19028.53125,-23490.232421875,-245.58067321777344,-42764.34434509277
2,False,311,-19028.53125,-23490.234375,-245.5810546875,-42764.3466796875
2,False,312,-19028.53125,-23490.23046875,-245.5814666748047,-42764.343185424805
2,False,313,-19028.53125,-23490.23046875,-245.58184814453125,-42764.34356689453
2,False,314,-19028.53125,-23490.232421875,-245.58224487304688,-42764.34591674805
2,False,315,-19028.53125,-23490.23046875,-245.58261108398438,-42764.344329833984
2,False,316,-19028.529296875,-23490.228515625,-245.5830078125,-42764.3408203125
2,False,317,-19028.53125,-23490.23046875,-245.58338928222656,-42764.34510803223
2,False,318,-19028.529296875,-23490.23046875,-245.58377075195312,-42764.34353637695
2,False,319,-19028.529296875,-23490.228515625,-245.5841064453125,-42764.34191894531
2,False,320,-19028.53125,-23490.228515625,-245.58450317382812,-42764.34426879883
2,False,321,-19028.529296875,-23490.228515625,-245.5848388671875,-42764.34265136719
2,False,322,-19028.529296875,-23490.224609375,-245.585205078125,-42764.339111328125
2,False,323,-19028.529296875,-23490.2265625,-245.5855712890625,-42764.34143066406
2,False,324,-19028.529296875,-23490.228515625,-245.5858917236328,-42764.34370422363
2,False,325,-19028.52734375,-23490.2265625,-245.58621215820312,-42764.3401184082
2,False,326,-19028.52734375,-23490.224609375,-245.58657836914062,-42764.33853149414
2,False,327,-19028.529296875,-23490.224609375,-245.58689880371094,-42764.34080505371
2,False,328,-19028.529296875,-23490.224609375,-245.5872344970703,-42764.34114074707
2,False,329,-19028.52734375,-23490.224609375,-245.58755493164062,-42764.33950805664
2,False,330,-19028.525390625,-23490.22265625,-245.587890625,-42764.3359375
2,False,331,-19028.52734375,-23490.22265625,-245.58816528320312,-42764.3381652832
2,False,332,-19028.52734375,-23490.22265625,-245.5885009765625,-42764.33850097656
2,False,333,-19028.52734375,-23490.22265625,-245.58880615234375,-42764.338806152344
2,False,334,-19028.52734375,-23490.22265625,-245.589111328125,-42764.339111328125
2,False,335,-19028.525390625,-23490.22265625,-245.5894317626953,-42764.337478637695
2,False,336,-19028.5234375,-23490.22265625,-245.5897216796875,-42764.33581542969
2,False,337,-19028.525390625,-23490.22265625,-245.5900115966797,-42764.33805847168
2,False,338,-19028.525390625,-23490.22265625,-245.59031677246094,-42764.33836364746
2,False,339,-19028.5234375,-23490.220703125,-245.59060668945312,-42764.33474731445
2,False,340,-19028.525390625,-23490.21875,-245.59088134765625,-42764.335021972656
2,False,341,-19028.5234375,-23490.21875,-245.59115600585938,-42764.33334350586
2,False,342,-19028.525390625,-23490.220703125,-245.5914306640625,-42764.33752441406
2,False,343,-19028.5234375,-23490.21875,-245.59170532226562,-42764.333892822266
2,False,344,-19028.5234375,-23490.220703125,-245.59197998046875,-42764.33612060547
2,False,345,-19028.5234375,-23490.21875,-245.5922393798828,-42764.33442687988
2,False,346,-19028.5234375,-23490.21875,-245.59249877929688,-42764.3346862793
2,False,347,-19028.5234375,-23490.21875,-245.59274291992188,-42764.33493041992
2,False,348,-19028.5234375,-23490.220703125,-245.593017578125,-42764.337158203125
2,False,349,-19028.5234375,-23490.220703125,-245.59326171875,-42764.33740234375
2,False,350,-19028.521484375,-23490.21875,-245.59352111816406,-42764.333755493164
2,False,351,-19028.5234375,-23490.21875,-245.59378051757812,-42764.33596801758
