,T_CD8,tumour_1,mono-mac,tumour_2,plasma,T_reg,T_CD4,myeloid,mDC,pDC
0,0.0019606496207416058,0.003995850682258606,0.00015550375974271446,0.0010509360581636429,1.0971712981699966e-05,9.943266195477918e-05,0.00011179366265423596,2.3956918084877543e-05,1.2578424502862617e-05,3.4609075783009757e-07
1,0.002966508734971285,0.005081096664071083,0.005234335083514452,0.0002278061001561582,0.00036726443795487285,0.006049053743481636,0.0009387263562530279,4.8059431719593704e-05,0.0008747384999878705,2.1628311515087262e-05
2,0.0016458253376185894,0.0030401574913412333,4.684839223045856e-05,4.1136805521091446e-05,9.957428119378164e-05,0.00015814643120393157,0.0001498777128290385,1.3176538232073653e-05,1.2088388757547364e-05,2.118496468028752e-06
3,0.0014854184119030833,6.596941238967702e-05,0.0039681727066636086,6.212375592440367e-05,0.0001659263507463038,0.0002602612948976457,0.00010216712689725682,1.648333818593528e-05,4.814832573174499e-05,6.957719506317517e-06
4,0.0020851425360888243,1.8580822143121623e-05,7.691042264923453e-05,0.012746143154799938,0.00032960259704850614,0.006540840491652489,2.6700630769482814e-05,0.00017941868281923234,2.9264617751323385e-06,7.19338368071476e-06
5,0.002979080192744732,0.0003701426030602306,6.406417378457263e-05,0.009085498750209808,3.749760435312055e-05,9.164980292553082e-05,2.1730566004407592e-05,1.1303310202492867e-05,0.024944446980953217,2.5154674858640647e-06
6,0.0017412424786016345,0.004745278507471085,0.000226827003643848,0.0005894764326512814,2.010543721553404e-05,0.00013197037333156914,0.03267135098576546,1.2314945706748404e-05,3.226698390790261e-05,9.060269121619058e-07
7,5.2166913519613445e-05,4.8060453991638497e-05,2.7419657726568403e-06,7.613166235387325e-05,6.712177764711669e-06,3.993434802396223e-05,1.5991268810466863e-05,8.517576134181581e-06,1.2931983292219229e-05,6.761204076610738e-07
8,0.00014236698916647583,1.8209742847830057e-05,0.003097339766100049,0.00010674253280740231,2.8809832656406797e-05,2.5578305212548003e-05,2.491915802238509e-05,0.00018530161469243467,2.5301322239101864e-05,7.660370101802982e-06
9,0.0015026078326627612,0.0023852947633713484,3.594197551137768e-05,3.400158675503917e-05,9.052483073901385e-05,0.00044727485510520637,0.0010334764374420047,0.00018407925381325185,2.8030697649228387e-05,7.2841421570046805e-06
10,0.00035997797385789454,0.0006452752859331667,0.00039823693805374205,0.0003962994378525764,2.54767837759573e-05,0.00015424749290104955,7.687966717639938e-05,1.0926932191068772e-05,2.6045634513138793e-05,2.6787199658429017e-06
11,0.00036495181848295033,2.3838485503802076e-05,0.004397389944642782,7.05165512044914e-05,1.6226207662839442e-05,8.979973063105717e-05,9.560933540342376e-05,7.196804654086009e-05,5.513732503459323e-06,7.896725946920924e-06
12,0.005103412549942732,0.0002207050274591893,0.00048777004121802747,0.00844791904091835,9.461260924581438e-05,5.675328338838881e-06,0.008046766743063927,1.6229952962021343e-05,0.027661550790071487,0.1597592830657959
13,0.0019807731732726097,9.05639462871477e-05,8.896063263819087e-06,0.006278913468122482,0.0005210450617596507,3.693689723149873e-05,1.0856680091819726e-05,1.4116908459982369e-05,1.9245724161010003e-06,7.650746738363523e-06
14,0.0012281166855245829,0.0005169027717784047,0.00013127682905178517,0.006538359448313713,0.00017274785204790533,0.00036887932219542563,0.00035631496575661004,6.344843859551474e-05,2.5384702894371003e-05,9.067932296602521e-06
15,1.5448402336915024e-05,2.880695683415979e-05,6.148732791189104e-05,3.823987935902551e-05,1.4092781384533737e-05,1.3664965081261471e-05,1.7328007743344642e-05,3.985172952525318e-06,7.882013960625045e-06,7.901960998424329e-06
16,0.00022141968656796962,0.00014545222802553326,0.00012351815530564636,0.00015428184997290373,1.5051758964546025e-05,5.355563553166576e-05,3.2802941859699786e-05,0.00010994269541697577,8.440403325948864e-05,1.9044434793613618e-06
17,0.00044270404032431543,0.000261480308836326,0.00017220275185536593,1.7044039850588888e-05,0.0002020075626205653,0.00011637600982794538,3.2256934900942724e-06,1.081494519894477e-05,1.5157595044001937e-05,4.0961731428978965e-06
18,0.001499049598351121,0.002517498331144452,4.249495395924896e-05,4.850977711612359e-05,2.101258360198699e-05,2.651550130394753e-05,6.642967491643503e-05,7.677659596083686e-06,3.395124167582253e-06,3.3719054499670165e-06
19,0.0001825359504437074,0.00035098145599476993,2.5951041607186198e-05,5.4098013606562745e-06,8.524267286702525e-06,6.667077104793862e-05,1.0971599294862244e-05,5.389306807046523e-06,6.7615278567245696e-06,2.264783233840717e-06
20,0.003089477075263858,0.0032967287115752697,4.0196828194893897e-05,0.0006593018188141286,2.8686827135970816e-05,9.242207306670025e-05,2.231856524304021e-05,2.5120452846749686e-05,8.64402773004258e-06,6.889952146593714e-06
21,7.665521115995944e-05,2.4593955458840355e-05,3.307428050902672e-05,4.302893103158567e-06,1.818207579162845e-06,0.0001208479588967748,2.5309669581474736e-05,6.045014742994681e-05,3.217916855646763e-06,2.4564421892137034e-06
22,0.0005020038806833327,0.0008484635618515313,8.594647806603462e-05,5.9923175285803154e-05,9.998011955758557e-05,0.001307860016822815,5.4913565691094846e-05,0.0002672502014320344,2.546349151089089e-06,8.005979907466099e-06
23,0.0016964469105005264,0.002644819440320134,0.00012758150114677846,8.645514753879979e-05,0.00010004927025875077,8.529916522093117e-05,0.00013655216025654227,2.3946411602082662e-05,4.723042729892768e-05,1.773786971170921e-05
24,0.00017806519463192672,4.937910853186622e-05,5.5265682021854445e-05,0.002432778710499406,0.007090351078659296,6.82145036989823e-05,2.4212101834564237e-06,9.348818275611848e-05,9.397698704560753e-06,3.447143399171182e-06
25,0.00038329444942064583,3.600873606046662e-05,0.00012128318485338241,4.9480415327707306e-05,0.0005342995864339173,1.582011827849783e-05,2.1076915800222196e-05,3.4709526516962796e-05,9.615422641218174e-06,6.436391231545713e-06
26,0.005379301495850086,0.0004722673911601305,3.898518843925558e-05,0.010605370625853539,0.00013045295781921595,2.0047904399689287e-05,7.03342811902985e-05,2.8896702133351937e-05,6.592503632418811e-05,1.7577656763023697e-05
27,0.00036017742240801454,0.0002102221769746393,3.206320252502337e-05,0.002023261971771717,5.611838059849106e-05,9.278976904170122e-06,7.158445805544034e-05,0.0005264916107989848,3.396447209524922e-05,2.72008401225321e-06
28,0.0005607496132142842,0.0008508267346769571,6.185769598232582e-05,0.0002184440236305818,1.977810825337656e-05,0.00019192512263543904,0.00024608144303783774,6.534972635563463e-05,3.7452566175488755e-05,6.129297958068491e-07
29,0.00212029623799026,0.004362836480140686,0.0014216963900253177,0.00033751706359907985,7.727021147729829e-05,0.00010722748265834525,5.294954826240428e-05,2.8028766791976523e-06,3.09832175844349e-05,1.0469675544300117e-05
30,0.0009546400397084653,0.00028342005680315197,7.420820475090295e-05,1.9464627257548273e-05,6.132613634690642e-05,0.0001277193077839911,2.800467518682126e-05,2.3882505047367886e-05,7.61409683036618e-05,1.6016518202377483e-05
31,0.003990287892520428,0.0029635245446115732,0.001508597400970757,0.0002360726211918518,2.6320283723180182e-05,1.4013656254974194e-05,0.00010238916729576886,1.8452110452926718e-06,1.0032843420049176e-05,5.572634108830243e-06
32,0.0038446083199232817,0.003343521151691675,0.005121542140841484,0.0007337608258239925,6.249728903640062e-05,0.0006127063534222543,9.867351036518812e-05,0.0005316983442753553,2.00274425878888e-05,5.153907295607496e-06
33,0.00025723804719746113,0.00013228657189756632,0.004383697174489498,4.293338497518562e-05,3.37852475240652e-06,9.380215487908572e-05,0.00010265511809848249,6.1155105868238024e-06,2.8309394110692665e-05,1.2575585969898384e-05
34,0.001598259201273322,0.0030127528589218855,7.192766497610137e-05,0.00035349701647646725,9.948149818228558e-05,0.012594496831297874,0.0001487756089773029,0.00010812769323820248,8.358024388144258e-06,8.538559086446185e-06
35,0.0003484134504105896,0.0005997318075969815,0.00018756520876195282,0.00010014347935793921,3.423230282351142e-06,3.212478623026982e-05,0.0003011732187587768,0.0001349669910268858,3.3539748983457685e-05,5.3946650950820185e-06
36,4.47689562861342e-05,4.34454923379235e-05,1.7059781384887174e-05,0.00015522600733675063,0.0074226344004273415,0.00014934079081285745,0.00025992252631112933,0.00015723321121186018,7.847175766073633e-06,1.5613702998962253e-05
37,0.0004527989076450467,0.00033814128255471587,9.454325481783599e-05,0.0007114397012628615,1.264015918422956e-05,0.00013682106509804726,4.0040540625341237e-05,5.801105362479575e-05,8.076867743511684e-06,7.827953595551662e-06
38,0.00018721347441896796,3.142917557852343e-05,0.001301761600188911,0.00038931891322135925,0.0001326497149420902,0.00011359092604834586,0.02186054177582264,0.009465157054364681,2.8218557417858392e-05,0.00010011312406277284
39,0.003809860674664378,0.0001611980696907267,0.0001898866903502494,0.006865276489406824,0.00011712438572430983,0.00024889950873330235,0.003491997020319104,2.8015580028295517e-05,4.392224582261406e-05,2.7854121071868576e-06
40,0.0016698400722816586,0.00023779686307534575,0.00014623565948568285,4.072652154718526e-05,2.1748410290456377e-05,1.5728937796666287e-05,1.8030550563707948e-05,0.00010947648115688935,0.00010479293268872425,6.444708105846075e-06
41,0.0007873274735175073,5.9026304370490834e-05,0.00017892741016112268,8.157167758326977e-05,6.565936200786382e-05,7.30207611923106e-05,4.749486470245756e-05,2.107263935613446e-05,2.4252856746898033e-05,2.7599826353252865e-06
42,0.0010344870388507843,6.600012420676649e-05,0.00020776025485247374,0.0035868030972778797,4.4253778469283134e-05,6.664988904958591e-05,8.430846355622634e-05,0.0002822490641847253,8.60929794725962e-05,8.322004759975243e-06
43,0.0012180982157588005,0.00038684342871420085,0.0008510089246556163,4.372778130345978e-05,0.0003076079301536083,1.9558465282898396e-05,7.73174106143415e-05,1.707204501144588e-05,0.0002741633215919137,1.6682577097526519e-06
44,0.0003497968427836895,0.0001764049520716071,0.00019725452875718474,1.1489656571939122e-05,3.796069722739048e-05,1.816356052586343e-05,1.6404108464485034e-05,5.64751371712191e-06,1.1431393431848846e-06,1.4301924693427281e-06
45,0.0005280901095829904,2.736444366746582e-05,0.0028010050300508738,4.6298573579406366e-05,1.1150316822750028e-05,1.0256140740239061e-05,5.851569767401088e-06,1.5023443665995728e-05,1.2087062714272179e-05,9.29028738028137e-06
46,0.0004716570838354528,0.00012238275667186826,0.0012174021685495973,3.4662818507058546e-05,3.915511479135603e-05,0.0006769766332581639,1.5844520021346398e-05,8.744330261833966e-05,2.125675200659316e-05,3.816360276687192e-06
47,0.000652194838039577,7.881219062255695e-05,9.008492634166032e-05,1.7902564650285058e-05,1.4733503121533431e-05,6.996557931415737e-05,3.7311550840968266e-05,3.5009525163332e-05,2.0324152501416393e-05,1.021602383843856e-05
48,0.00017493027553427964,0.0003700772940646857,4.931372313876636e-05,6.776260761398589e-06,0.012465888634324074,0.0002449908060953021,5.547652472159825e-05,3.158723484375514e-05,1.2717183381028008e-05,5.998072538204724e-06
49,0.0009825186571106315,0.0008599087595939636,0.001225459622219205,0.0001264422171516344,6.559383473359048e-05,0.01005074568092823,0.00017189604113809764,9.609837434254587e-05,1.0954255230899435e-05,7.216787253128132e-06
50,0.0005063018761575222,0.0004035944293718785,0.005270740017294884,5.4878477385500446e-05,0.00010304449824616313,6.508139631478116e-05,3.985527655459009e-05,8.326656825374812e-06,5.374879401642829e-05,1.6433525615866529e-06
51,0.0007579672965221107,0.0011415838962420821,0.00010250243212794885,0.00013652733468916267,2.4574204871896654e-05,0.00014705772628076375,8.500017429469153e-05,0.0006643181550316513,2.0379273337312043e-05,3.8325947571138386e-06
52,0.00013085477985441685,6.354000652208924e-05,4.0019727748585865e-05,2.5775832909857854e-05,0.007185701280832291,6.0506619774969295e-05,9.686794510344043e-05,4.276512481737882e-05,3.322755583212711e-05,3.6858564271824434e-05
53,9.889817010844126e-05,0.00011296336015220731,0.001142006483860314,1.4729827853443567e-05,0.00022736778191756457,5.1795996114378795e-05,0.00010221346747130156,1.6035057342378423e-05,0.07692071050405502,7.469036063412204e-06
54,0.00014747340173926204,0.00010242801363347098,1.552132198412437e-05,1.1314255971228704e-05,8.553954830858856e-05,3.655333784990944e-05,3.3632539270911366e-05,2.3046570277074352e-05,6.26788778390619e-06,6.054098321328638e-06
55,0.003212087554857135,0.0002094850642606616,0.012332855723798275,5.018300726078451e-05,2.3397235054289922e-05,2.621691055537667e-05,4.2781328374985605e-05,0.02783365361392498,3.317149776194128e-06,7.948958227643743e-06
56,0.002596501260995865,0.00023116444936022162,0.00646606320515275,0.0009092187392525375,0.0003867951745633036,0.00023830009740777314,7.016163726802915e-05,2.360246617172379e-05,3.735137215699069e-05,4.874143087363336e-06
57,0.0005371186416596174,2.8711183404084295e-05,7.086127152433619e-05,9.322034202341456e-06,1.5929126675473526e-05,2.0429184587555937e-05,4.962555067322683e-06,1.1153311788802966e-05,1.6731167988837115e-06,1.6866930536707514e-06
58,0.0025876243598759174,6.684444088023156e-05,0.00012565719953272492,0.010238667950034142,5.191559012018843e-06,2.6693891413742676e-05,0.00015466926561202854,7.87088447395945e-06,3.9233073039213195e-05,2.91815717901045e-06
59,0.004563959315419197,0.0010944707319140434,0.00325796683318913,0.03199290856719017,0.0006809275946579874,0.007514203432947397,0.04725099727511406,0.00015357890515588224,0.006101241335272789,0.0015267248963937163
60,0.007942872121930122,0.0010940817883238196,0.011098545044660568,0.010954543016850948,6.150067292765016e-06,2.9074350095470436e-05,4.590344360622112e-06,1.3875570402888115e-05,0.024622419849038124,4.870811153523391e-06
61,0.0011246227659285069,7.725665636826307e-05,0.001182090025395155,7.537013152614236e-05,3.569134423742071e-05,6.40133730485104e-05,1.568944935570471e-05,2.4610792024759576e-05,0.014715176075696945,4.675651143770665e-05
62,0.00016098505875561386,2.532901635277085e-05,2.2889858882990666e-05,1.3926942301623058e-05,7.595057468279265e-06,2.851325371011626e-05,8.16283773019677e-06,4.13570069213165e-06,1.1614164577622432e-05,1.6884142439721472e-07
63,0.0019156199414283037,0.0009138266323134303,4.808010999113321e-05,0.00041974589112214744,4.910572897642851e-05,6.158181349746883e-05,0.0001369504607282579,1.906850593513809e-05,2.238253364339471e-05,9.029023203765973e-06
64,0.0031424465123564005,0.005486822687089443,0.0011203913018107414,0.00017002836102619767,3.381567876203917e-05,0.0006478443392552435,3.748470771824941e-05,2.4696610125829466e-05,9.762866284290794e-06,1.4333070339489495e-06
65,0.0013311513466760516,0.0013797528808936477,5.397742279455997e-05,9.795431833481416e-05,4.373983301775297e-06,0.0001249014603672549,5.896500078961253e-05,0.00015205348609015346,3.4474735002731904e-05,1.166314905276522e-05
66,0.00137494713999331,0.00025748228654265404,0.00391839724034071,6.454528192989528e-05,5.8028235798701644e-05,0.00019927151151932776,0.0006281737587414682,6.535979628097266e-05,2.824782677635085e-05,4.89780904899817e-06
67,0.004355449229478836,0.012343315407633781,0.004630598239600658,0.0002789860009215772,0.019012778997421265,0.00965514499694109,0.01127005834132433,0.009121141396462917,0.00022214779164642096,7.802053914929274e-06
68,0.006141568534076214,0.01047895010560751,0.0006920814630575478,0.0003461843589320779,0.0001982730464078486,0.009236284531652927,0.010848918929696083,0.006519475486129522,0.00035545765422284603,8.99860606295988e-05
69,0.002760838018730283,0.00018198262841906399,0.00010304548777639866,4.434905349626206e-05,0.0001198217723867856,1.4562936485162936e-05,0.00025975288008339703,5.3963656682753935e-05,2.9872917366446927e-05,6.834489795437548e-06
70,0.00017988002218771726,0.00010384910274296999,7.319921860471368e-05,1.6680247426847927e-05,0.014253546483814716,0.0002682346384972334,1.3829369891027454e-05,9.641337783250492e-06,4.4825942495663185e-06,1.9570881704567e-05
71,0.001576635637320578,2.317729376954958e-05,0.003313545137643814,3.6374283808982e-05,6.765819125575945e-05,0.0003062599862460047,9.862416482064873e-05,2.7495911126607098e-05,4.653700671042316e-05,2.0144186692050425e-06
72,0.00015660218195989728,0.0005567651242017746,3.656244007288478e-05,0.00015588758105877787,0.0069135380908846855,0.00011432274914113805,3.5509292501956224e-05,6.532719999086112e-05,0.00011633314716164023,1.2590801816259045e-05
73,0.004149997606873512,8.267284283647314e-05,0.0003236749616917223,0.011761109344661236,7.124969852156937e-05,9.116422006627545e-05,8.311996498377994e-05,1.6862582924659364e-05,0.06214931234717369,2.5924891815520823e-06
74,0.0025278085377067327,0.0008885266724973917,0.00032415470923297107,0.00034870090894401073,1.7807064068620093e-05,5.008863445254974e-05,3.8181053241714835e-05,0.024393366649746895,3.414276216062717e-05,3.411492571103736e-06
75,0.00030345103004947305,0.0001630438637221232,7.338791328947991e-05,1.3566985217039473e-05,2.2381171220331453e-05,0.00010417160228826106,3.458150240476243e-05,3.329643004690297e-05,3.3157677989947842e-06,2.157189783247304e-06
76,0.003058474976569414,0.00045473637874238193,0.00024345451674889773,0.01051748264580965,0.007727169431746006,0.0095305684953928,6.831467180745676e-05,6.2629122112412e-05,1.50635960380896e-05,5.868535026820609e-07
77,0.0014038430526852608,0.0004100083315279335,0.0034523261711001396,0.003192350035533309,6.287568248808384e-05,0.0049369619227945805,0.00011221318709431216,1.1855147022288293e-05,0.00010725255560828373,4.453147994354367e-06
78,0.005587070249021053,0.002723193261772394,0.0014276953879743814,0.013490750454366207,0.0008396763005293906,0.000114713518996723,0.0012468845816329122,2.1407689928309992e-05,4.464347512111999e-05,3.6432847991818562e-06
79,7.9545279731974e-05,0.00043568722321651876,0.00018038107373286039,0.01450281497091055,1.5648263797629625e-05,0.07056301087141037,0.01774607226252556,0.006643370259553194,4.988398723071441e-05,1.2025187061226461e-05
80,0.0025750522036105394,7.559096411569044e-05,6.082484469516203e-05,0.006900135427713394,0.00011050269677070901,0.004603688605129719,0.00029196348623372614,8.733155118534341e-05,8.329668344231322e-05,7.089239716151496e-06
81,0.004713054280728102,2.0948338715243153e-05,0.00033521978184580803,0.008517886511981487,2.57019346463494e-05,1.2028827768517658e-05,0.00016938878979999572,0.0038357654120773077,7.765574991935864e-06,1.1359778682162869e-06
82,0.0014274895656853914,0.00015631473797839135,0.0002830206067301333,0.004617031663656235,0.004665025044232607,4.845510557061061e-05,2.6107343728654087e-05,4.252970029483549e-06,1.868533217930235e-05,9.775222679309081e-06
83,0.00042117215343751013,0.00027417237288318574,4.0938226447906345e-05,2.769062348306761e-06,4.390309550217353e-05,0.00024540259619243443,8.947703463491052e-05,4.544576950138435e-05,2.1890267817070708e-05,6.730837185386918e-07
84,0.0012705150293186307,0.0012062318855896592,0.007479827385395765,0.00017661505262367427,3.733088306034915e-05,9.96554663288407e-05,0.0034552710130810738,3.6677945900009945e-05,8.902762056095526e-05,5.199202405492542e-06
85,0.002934548771008849,0.0037615506444126368,0.009563029743731022,0.0009499032166786492,3.965657469962025e-06,0.00012100266758352518,2.615822450025007e-05,3.667985083666281e-06,5.4718311730539426e-05,2.4220466912083793e-06
86,0.00793879758566618,0.014955872669816017,0.0060847061686217785,9.516780119156465e-05,9.356368536828086e-05,0.015645282343029976,0.00034790809149853885,0.007693943101912737,1.1748938050004654e-05,1.4860428564134054e-05
87,0.014467916451394558,0.02202335000038147,0.0002749170525930822,0.00010878017928916961,0.005752922501415014,0.0035053519532084465,0.0006639882922172546,0.00010710278729675338,0.0007033767178654671,0.0002554844249971211
88,0.008245299570262432,0.014084394089877605,0.00603859219700098,0.0007714438252151012,0.0004098158678971231,0.01595159061253071,0.0010288807097822428,0.0074649108573794365,3.197855767211877e-05,0.00012517155846580863
89,0.004566272720694542,0.004846325609833002,0.0056781950406730175,7.052727596601471e-05,5.721560955862515e-05,0.00013771162775810808,0.0002016767393797636,0.00665949797257781,3.834197195828892e-05,2.802367475851497e-07
90,8.81589949131012e-05,0.0001503027742728591,2.4833901989040896e-05,2.1771144020021893e-05,1.227042139362311e-05,1.2290913218748756e-05,1.9271463315817527e-05,1.6844853234943002e-05,2.9292386898305267e-05,1.2920909284730442e-06
91,0.00012036411499138921,0.00017756222223397344,7.760564767522737e-05,7.505974735977361e-06,9.559348654875066e-07,3.1667212169850245e-05,0.00026981215341947973,2.9287701181601733e-05,1.1002682640537387e-06,2.472032747391495e-06
92,1.6559610230615363e-05,7.834633834136184e-06,5.891572072869167e-05,2.234160274383612e-05,0.003206881694495678,4.843001806875691e-05,0.00013494434824679047,2.235346255474724e-05,9.402423529536463e-06,1.8973454643855803e-05
93,3.513163028401323e-05,8.316640014527366e-05,0.0008736166055314243,0.00021420158736873418,0.0040696426294744015,1.2335629435256124e-05,0.044762611389160156,0.017976835370063782,2.866897739295382e-05,7.785079105815385e-06
94,0.0056114234030246735,0.0001073174353223294,0.011572820134460926,0.018704727292060852,0.00011551000352483243,0.0002574452373664826,0.008195572532713413,0.00019292213255539536,0.0001677250547800213,4.514186457527103e-06
95,0.008046572096645832,0.00032242797897197306,0.01694435440003872,0.028005031868815422,9.159187175100669e-05,0.0007012835121713579,0.03023589216172695,0.05517950654029846,0.0014431281015276909,0.0004960494115948677
96,0.0037797600962221622,0.00011990538769168779,7.116042979760095e-05,0.009800158441066742,6.341379776131362e-05,7.177233055699617e-05,5.8478632126934826e-05,0.00016969151329249144,2.2118942069937475e-05,3.487715730443597e-05
97,0.0033644346985965967,0.0005239045131020248,3.963410199503414e-05,0.016700495034456253,5.678478555637412e-05,0.003621608717367053,0.017275547608733177,0.001262625795789063,1.6299765775329433e-05,4.1513827454764396e-05
98,0.0031469932291656733,0.00013592405593954027,0.005344531033188105,0.01018032617866993,0.004111435264348984,0.029492145404219627,0.001812766888178885,5.943207725067623e-05,0.006600008346140385,1.1547789654287044e-05
99,0.0016026990488171577,0.000291202130028978,0.004938934929668903,0.00041339025483466685,0.00011362461373209953,3.6110410292167217e-05,0.00015664863167330623,4.8256872105412185e-05,1.1622252714005299e-05,2.111492540279869e-05
100,0.0035633030347526073,0.00031993756419979036,0.001915264525450766,0.0072295474819839,0.003779627615585923,1.5013911252026446e-05,1.8050877770292573e-05,0.00014285840734373778,2.9174916562624276e-06,2.263561327708885e-06
101,0.003329560859128833,0.0005551259964704514,0.005979903973639011,0.007959755137562752,4.9854847020469606e-05,0.0002776153269223869,0.0031682343687862158,0.0021477937698364258,2.8758713597198948e-05,0.010939935222268105
102,0.0007794160628691316,0.00023573038924951106,0.00048609342775307596,0.00014976515376474708,5.885647260583937e-05,0.003316264832392335,0.018076445907354355,0.0010351911187171936,3.7213918403722346e-05,7.793959957780316e-05
103,0.0011080645490437746,0.00020929737365804613,0.005240397993475199,0.00012636206520255655,0.0025165718980133533,9.613564907340333e-05,8.671324030729011e-05,1.5552341210423037e-05,5.791676449007355e-05,4.907099082629429e-06
104,0.006896118633449078,0.015470355749130249,6.409769412130117e-05,0.0015252216253429651,5.708257231162861e-05,0.015889132395386696,1.046362376655452e-05,1.712471384962555e-05,4.295458893466275e-06,2.337671503482852e-06
105,0.005543405190110207,0.009329640306532383,0.004029514733701944,0.0001083845054381527,0.00024041268625296652,0.000998693867586553,0.003784871194511652,0.0001587366423336789,1.014092777040787e-05,4.302265097066993e-06
106,0.0010238366667181253,0.004563596565276384,0.00013955867325421423,5.6961602240335196e-05,0.027491258457303047,0.0002830616431310773,0.00018960026500280946,0.00020778589532710612,0.01990395598113537,8.805167453829199e-05
107,0.006624598056077957,0.011940068565309048,0.019924253225326538,9.348639287054539e-05,0.00010261632996844128,0.0013149044243618846,0.0024387219455093145,8.437098586000502e-05,0.0004412018461152911,0.0007771459058858454
108,0.010660065338015556,0.023309942334890366,0.008713172748684883,0.0003192030999343842,0.0005257534794509411,0.011359179392457008,0.010845174081623554,0.008344006724655628,0.00015676146722398698,0.00018413912039250135
109,0.005446862895041704,0.006419425830245018,0.005567856132984161,0.00017151716747321188,0.00013972872693557292,0.024088019505143166,0.0001865892409114167,1.272235567739699e-05,1.2420624443620909e-05,1.1150280442961957e-05
110,0.004837609361857176,0.008999682031571865,0.0030286896508187056,0.00019687105668708682,0.00013969928841106594,0.01960695907473564,5.2178897021804005e-05,4.082814120920375e-05,3.65032501576934e-05,1.230609996127896e-06
111,1.78821701410925e-05,5.758562565461034e-06,5.5347278248518705e-05,5.242924089543521e-06,2.5073945835174527e-06,4.637645815819269e-06,1.6004054486984387e-05,1.5524163927693735e-06,1.441205768060172e-06,1.3343541240828927e-06
112,0.0005409870645962656,0.0005129292258061469,4.594444908434525e-05,8.226093632401899e-05,2.235863394162152e-05,3.578075848054141e-05,2.3342347049037926e-05,1.2177452845207881e-05,1.5073064787429757e-05,9.030964633893745e-07
113,2.4785591449472122e-05,2.2389293008018285e-05,0.00010203511192230508,1.8635668311617337e-05,0.012020456604659557,0.00011759457265725359,6.999926699791104e-05,1.0391124305897392e-05,7.299940079974476e-06,4.725808139482979e-06
114,0.003646415425464511,3.193110023858026e-05,0.02252502180635929,0.00017375248717144132,0.0006735111237503588,2.0062401745235547e-05,0.008611513301730156,0.003001610981300473,0.00018769050075206906,0.00017223953909706324
115,0.0034695120994001627,0.0006971812108531594,0.0008685037028044462,0.00442625442519784,1.7454502085456625e-05,0.01669933646917343,0.0007788273505866528,7.971160084707662e-05,1.7091981135308743e-05,1.1055908544221893e-06
116,0.009064569137990475,0.0003939217422157526,0.002347343834117055,0.03140471875667572,0.00020599632989615202,0.008946245536208153,0.0004999912925995886,0.0017951496411114931,1.4960744010750204e-05,2.0452273020055145e-05
117,0.012655782513320446,0.000368444190826267,0.01764671690762043,0.04195353761315346,0.0001890807325253263,0.0011589134810492396,0.015012777410447598,0.00026196142425760627,0.004019732121378183,0.012227988801896572
118,0.0008808120037429035,0.00029651407385244966,0.0003664249961730093,2.786784534691833e-05,0.00011330285633448511,4.296988117857836e-05,4.699385317508131e-05,1.3335227777133696e-05,5.220324237598106e-05,1.2491741472331341e-06
119,0.00286954827606678,0.00023467773280572146,0.005359362345188856,0.008070317097008228,6.089635280659422e-05,4.536025153356604e-05,0.00852865632623434,1.7276532162213698e-05,3.1219879019772634e-05,3.948669473174959e-06
120,0.0014029148733243346,0.00027561464230529964,0.00013190657773520797,0.0055144610814750195,2.0488310838118196e-05,0.025918520987033844,2.369317371631041e-05,1.677127875154838e-05,2.0059707821928896e-05,1.8238275515614077e-05
121,0.004825546871870756,0.0003714809427037835,0.0012044931063428521,3.412662408663891e-05,0.00011597288539633155,3.276523420936428e-05,2.3552001948701218e-05,0.00022925928351469338,0.036261558532714844,7.4276244959037285e-06
122,0.003398254280909896,0.0002848957374226302,0.0007971867453306913,2.965941166621633e-05,1.82890216819942e-05,6.807380486861803e-06,0.0021458924748003483,6.534932708746055e-06,4.830559646507027e-06,5.508446520252619e-06
123,0.000924820895306766,0.00035783331259153783,4.391038237372413e-05,7.709694727964234e-06,7.597810326842591e-05,2.8328429834800772e-05,1.7136047972599044e-05,4.1512677853461355e-05,2.160968870157376e-05,2.12034719879739e-05
124,0.0033769255969673395,0.006802516058087349,4.915959380014101e-06,0.002015993930399418,1.3998107533552684e-05,0.00886230356991291,2.6407496989122592e-05,1.5171353879850358e-05,6.832317467342364e-06,6.6290240283706225e-06
125,0.004795249551534653,0.010621588677167892,0.0001887379912659526,0.00046999019104987383,0.00019881324260495603,0.009331895038485527,0.0004698482225649059,0.0007149319280870259,0.0001156516227638349,2.7128189685754478e-05
126,0.003404016140848398,0.00482995854690671,0.006190493702888489,0.00011660379823297262,0.0001807781809475273,1.5274741599569097e-05,2.9749942314083455e-06,4.3989573896396905e-05,0.08976705372333527,4.566370080283377e-06
127,0.0014098419342190027,0.0010054147569462657,0.00019238490494899452,9.338094059785362e-06,0.007898028008639812,1.0875995030801278e-05,2.161103839171119e-05,6.3072006923903245e-06,3.77758769900538e-05,1.043405518430518e-06
128,0.0076310597360134125,0.01776379719376564,0.0005029843305237591,0.00016935459279920906,0.03493558615446091,0.004064327105879784,0.0005389343714341521,0.020533477887511253,0.0018695867620408535,6.81846504448913e-05
129,0.004762688186019659,0.005769058130681515,9.091286483453587e-05,0.00014105052105151117,0.0025873465929180384,0.00010539541835896671,5.636856076307595e-05,4.373545743874274e-05,2.0586589016602375e-05,1.5056770052979118e-06
130,0.005007247440516949,0.006499021779745817,0.010217075236141682,0.0003557224408723414,2.902794221881777e-05,0.0004418628814164549,0.003925688564777374,0.00020489083544816822,0.0007109393482096493,1.5203723705781158e-05
131,0.004828623030334711,0.005711882840842009,4.625977817340754e-05,0.0002796651388052851,1.1712644663930405e-05,6.564590148627758e-05,0.0001997003419091925,8.056485239649191e-05,2.9651217118953355e-05,1.1122752766823396e-05
132,0.0005061389529146254,0.0007606386789120734,0.00010007026139646769,9.595729352440685e-06,9.257241617888212e-05,4.299575084587559e-05,3.587513492675498e-05,1.546077328384854e-05,7.601979632454459e-06,3.560679397196509e-05
133,0.0005533802323043346,0.0002456899965181947,0.0002170181687688455,0.00010331838711863384,2.0902698452118784e-05,0.00032989823375828564,0.020316345617175102,1.4994944649515674e-05,1.2595362022693735e-05,1.151187825598754e-05
134,0.008387410081923008,0.0005659988964907825,0.01184055209159851,0.02084668166935444,0.00011903606355190277,0.00015333261399064213,0.006909733172506094,0.003898470662534237,0.016519293189048767,4.717255069408566e-05
135,0.004865292459726334,0.0005061411065980792,0.000770437007304281,0.0002033297932939604,0.0053003751672804356,3.311300679342821e-05,0.0022787624038755894,0.0007305068429559469,4.206438097753562e-05,1.7945058061741292e-05
136,0.003372173523530364,0.00042189695523120463,0.005610316526144743,0.009508785791695118,0.011187813244760036,0.00042423143167980015,0.0035288885701447725,0.0002731101412791759,0.00010934747842838988,5.288145985105075e-05
137,0.0007478307234123349,0.00020841698278672993,0.0017327935202047229,0.00012452331429813057,0.00013254645455162972,0.0001391877158312127,0.01411733590066433,7.27127116988413e-05,1.7507638403913006e-05,1.2289874575799331e-05
138,0.0010967960115522146,0.0002729229163378477,0.00776026351377368,8.228184742620215e-05,0.013389451429247856,2.125324317603372e-05,6.008152467984473e-06,4.50042134616524e-05,1.5150456420087721e-05,0.14693395793437958
139,0.003933832980692387,0.0005016730865463614,0.006261670030653477,0.008873848244547844,0.0027327837888151407,5.609887739410624e-05,9.101359319174662e-05,2.8552285584737547e-05,0.006927166599780321,8.914432328310795e-06
140,0.001843067817389965,9.858384873950854e-05,0.0032498235814273357,0.0019108111737295985,0.00786217674612999,7.810366696503479e-06,9.568550012772903e-06,1.1999811249552295e-05,9.60005672823172e-06,8.061725566221867e-06
141,0.0033033927902579308,6.792299245717004e-05,0.00013320567086338997,0.006641573738306761,5.38478052476421e-05,2.2747626644559205e-05,0.00010064453090308234,4.323927714722231e-05,3.9789800212020054e-05,1.0101413863594644e-05
142,0.002579763764515519,0.005389978643506765,5.020728349336423e-05,0.0001661109708948061,0.013362842611968517,0.00018461809668224305,0.000252427562372759,2.8387183192535304e-05,2.5105118766077794e-05,2.4944640699686715e-06
143,0.004103332757949829,0.006780443247407675,0.001495959353633225,0.000246393377892673,1.106741819967283e-05,0.00011373079905752093,0.039232850074768066,3.479934821370989e-05,7.901247158770275e-07,4.315859314374393e-06
144,0.006956431083381176,0.012039368972182274,0.004775025881826878,0.0004585021233651787,0.00025013796403072774,0.0063193184323608875,0.0003416090621612966,5.9189194871578366e-05,0.0003248510474804789,1.972703103092499e-05
145,0.002371716545894742,0.004044991452246904,7.166324212448671e-05,0.00011132733925478533,6.255748303374276e-05,8.816847548587248e-05,0.0004624543071258813,0.00035947852302342653,5.286090072331717e-06,2.996701596202911e-06
146,0.006524914409965277,0.015957845374941826,2.1384837964433245e-05,0.00014116617967374623,0.0008858434739522636,0.032977133989334106,3.0230456104618497e-05,7.58440000936389e-06,1.2812844943255186e-05,8.245418712249375e-07
147,0.0027423619758337736,0.003731192322447896,2.9109836759744212e-05,4.246515891281888e-05,2.0778559701284394e-05,3.217832272639498e-05,8.020941459108144e-05,1.3522052313419408e-06,3.415367245906964e-05,1.9147364582750015e-06
148,0.0023208321072161198,0.0034138343762606382,0.0041393740102648735,7.676678251300473e-06,4.6395944082178175e-05,9.124336793320253e-05,3.1567291443934664e-05,1.3047602806182113e-05,2.2415515559259802e-05,3.832536094705574e-06
149,0.0033359748777002096,0.008143344894051552,0.003538822289556265,7.791975076543167e-05,3.0377043003682047e-05,0.02525818906724453,0.004730484448373318,5.913351196795702e-05,0.0003772309864871204,0.00024933204986155033
150,0.003141008550301194,0.00502457469701767,0.0018674436723813415,4.6428631321759894e-05,4.0883562178350985e-05,7.98543042037636e-05,2.1693396774935536e-05,8.360733045265079e-05,3.0929058993933722e-06,4.1052035157918e-06
151,1.7649750589043833e-05,3.079651287407614e-05,0.00016641587717458606,5.631175554299261e-06,0.005319538060575724,2.1573032427113503e-05,2.026371112151537e-05,2.4908900741138496e-05,4.650960363505874e-06,6.2361987147596665e-06
152,0.0017412599408999085,0.0029830364510416985,0.00013792172831017524,1.4464447303907946e-05,5.801977022201754e-05,0.0007726200856268406,1.2533379049273208e-05,0.0002785784599836916,1.1252755030000117e-05,6.031697466823971e-06
153,0.00015455603715963662,0.00013633495836984366,0.0008422834216617048,0.00014818389900028706,3.79063785658218e-05,1.0524219760554843e-05,0.028024820610880852,4.588995216181502e-05,3.1849242077441886e-05,8.165775398083497e-06
154,0.0015763755654916167,0.0003106011135969311,6.10930219409056e-05,0.0051040248945355415,4.747633283841424e-06,2.7839334507007152e-05,0.0001001849232125096,1.1814852769020945e-05,7.2659900069993455e-06,2.033561577263754e-05
155,0.00306647177785635,0.0003447851922828704,0.0006009425269439816,0.0002351887960685417,8.055361831793562e-05,0.00016393126861657947,0.0007328178617171943,0.021648939698934555,3.8143276469781995e-05,4.054154032928636e-06
156,0.002004198031499982,0.0005230712122283876,0.008318253792822361,0.0019624277483671904,1.1769998309318908e-05,4.023755536763929e-05,0.0003116732696071267,2.0542014681268483e-05,9.059541480382904e-05,1.0006835509557277e-05
157,0.005304088816046715,0.00020140835840720683,0.0020058974623680115,0.01764563098549843,0.005347159691154957,2.0210345610394143e-05,0.012188802473247051,0.0008711169939488173,0.05903784930706024,1.1103082215413451e-05
158,0.00037568359402939677,0.0001386975491186604,0.004718584939837456,4.043087028549053e-05,0.014442973770201206,1.1767618161684368e-05,0.018930921331048012,1.5850208001211286e-05,8.844906005833764e-06,1.2533895642263815e-05
159,0.0013826723443344235,8.26453251647763e-05,9.472583042224869e-05,0.003583707846701145,0.00010845102951861918,0.0001908500853460282,5.493535354617052e-05,8.50075448397547e-05,1.0720540558395442e-05,3.0454580155492295e-06
160,0.0015982157783582807,0.00017415027832612395,0.0003017017152160406,2.0693181795650162e-05,4.675035961554386e-05,4.472065847949125e-05,4.711463043349795e-05,0.00015539176820311695,4.0240560338133946e-05,8.006285497685894e-06
161,0.0002599480503704399,5.995183528284542e-05,4.426813393365592e-05,3.487107460387051e-05,5.848142791364808e-06,6.873394886497408e-05,1.3274346201797016e-05,5.8268520660931244e-05,2.3015034003037727e-06,1.761565840752155e-06
162,0.0024840456899255514,0.004255831241607666,0.005556426476687193,9.334674541605636e-05,3.2873842428671196e-05,0.00024215401208493859,5.443052214104682e-05,1.2700414117716718e-05,9.572027920512483e-06,1.5150026229093783e-05
163,0.010956039652228355,0.007908143103122711,0.00912941712886095,0.00031490621040575206,0.00018987290968652815,0.00042531260987743735,0.002643626183271408,0.001501622493378818,2.1261577785480767e-05,1.5896288459771313e-05
164,0.006965939886868,0.007035132497549057,0.000429003790486604,0.0006199611816555262,0.0001422337518306449,6.41029910184443e-05,5.782900552731007e-05,2.4602461053291336e-05,2.1815138097736053e-05,2.98259396913636e-06
165,0.0029321187175810337,0.006078736390918493,0.00015084653568919748,0.00023905954731162637,6.102995394030586e-05,3.7935402360744774e-05,0.0050447178073227406,0.0002577600535005331,2.8131738872616552e-05,3.2670250220689923e-06
166,0.004713033325970173,0.006517842411994934,0.00690059456974268,0.0002982823352795094,2.7066877009929158e-05,0.00013430874969344586,0.004720148164778948,0.004683402832597494,1.0786327948153485e-05,6.646457222814206e-06
167,0.01335656177252531,0.022442620247602463,0.0026921643875539303,0.00010961625957861543,0.0002096483949571848,0.006841900292783976,7.724606984993443e-05,0.021330557763576508,0.001128057367168367,0.00023539613175671548
168,0.004727877210825682,0.009355968795716763,0.003987493924796581,0.000332895404426381,0.0007422243361361325,0.008810464292764664,0.0002992776862811297,0.00015197013271972537,0.0006051459349691868,0.00021376315271481872
169,0.0062464880757033825,0.00849511381238699,0.004648923873901367,0.00044945572153665125,0.007199612446129322,0.0013434500433504581,0.0007025347440503538,0.006175578106194735,0.0033056517131626606,2.120652425219305e-05
170,0.007044001016765833,0.011240024119615555,8.874993000063114e-06,0.0004618865204975009,0.0002361058141104877,0.0014741979539394379,0.0022093821316957474,0.0004658755206037313,0.0002709769760258496,4.7106419515330344e-05
171,0.0004986566491425037,5.580397555604577e-05,4.344945773482323e-05,3.894913970725611e-05,3.0447843528236263e-05,0.0014906965661793947,0.0001312651002081111,6.781261618016288e-05,9.987811608880293e-06,2.808405952237081e-07
172,5.360354862204986e-06,1.1747916687454563e-05,1.2361783774395008e-05,1.266981257685984e-06,0.01888151466846466,1.2581038390635513e-05,1.2873680134362075e-05,2.0168774881312856e-06,1.7671829482424073e-05,3.990440291090636e-06
173,0.0016390223754569888,0.00021718758216593415,0.0062679569236934185,2.9926830393378623e-05,4.5622899051522836e-05,6.968889647396281e-05,5.7153130910592154e-05,0.00012123259512009099,4.68398466182407e-05,4.661883940570988e-05
174,0.003949254751205444,0.0006447778432630002,0.0010667633032426238,0.018281131982803345,0.009148691780865192,0.0010516790207475424,0.0011063553392887115,0.00042045742156915367,0.002599343191832304,1.4182901395543013e-06
175,0.004512996878474951,0.000522518646903336,0.0003530484391376376,1.532556962047238e-05,0.011059384793043137,5.390234491642332e-06,3.298882438684814e-05,0.0029981688130646944,5.647504440275952e-05,8.701682645551045e-07
176,0.0013033075956627727,0.0008882266120053828,0.00032054720213636756,5.2761217375518754e-05,0.004440988413989544,0.01698574237525463,0.00040849452489055693,4.217670357320458e-05,1.2419439372024499e-05,3.4024792512354907e-06
177,0.0012171941343694925,0.00012670397700276226,0.00014849280705675483,3.4647520806174725e-05,0.00020946662698406726,0.00010828145605046302,0.00020159741688985378,0.000258112937444821,1.0544042197579984e-05,3.242270395276137e-05
178,0.0008117593824863434,0.000499962829053402,0.0011360736098140478,0.0011188846547156572,7.984451076481491e-05,0.00036147539503872395,0.0001921031653182581,1.655808046052698e-05,2.592151395219844e-05,9.246353442904365e-07
179,0.0011700663017109036,7.337520219152793e-05,0.000571763957850635,0.0001982443209271878,0.007870237343013287,0.0002262777998112142,0.00015085267659742385,0.00024307941203005612,2.5147461201413535e-05,6.379728802130558e-06
180,0.00026286678621545434,3.812544309766963e-05,0.00024562643375247717,5.873350892215967e-05,8.077204984147102e-05,0.00010462534555699676,0.00017370100249536335,3.698138243635185e-05,1.666429488977883e-05,5.401382622949313e-06
181,0.0018879949348047376,0.00017081228725146502,0.00018823871505446732,0.005515577737241983,0.0001316676352871582,0.027527282014489174,1.4402652595890686e-05,5.411656456999481e-05,3.9708978874841705e-05,3.495212695270311e-06
182,0.002949729561805725,0.005062823183834553,0.005285236053168774,2.7942842280026525e-05,2.940071681223344e-05,0.00012073208927176893,3.0370389140443876e-05,2.106777719745878e-05,0.0464400053024292,1.3586879958893405e-06
183,0.009303497150540352,0.017916589975357056,0.010581103153526783,0.00012661659275181592,0.00038483424577862024,0.01205666083842516,0.00235039577819407,0.0004373810370452702,0.005650244187563658,0.0007847747183404863
184,0.002991793444380164,0.004224327392876148,0.011725971475243568,0.00019847984367515892,0.006968072149902582,7.39713286748156e-05,1.1669387276924681e-05,5.8794146752916276e-05,1.9180795788997784e-05,1.6990209132927703e-06
185,0.00741530442610383,0.00823630578815937,0.02582640014588833,0.0025730517227202654,0.005776018835604191,0.02166188508272171,0.0017370942514389753,0.013042522594332695,0.0006339673418551683,9.0871995780617e-05
186,0.0044743395410478115,0.0038878731429576874,0.014997780323028564,5.444063208415173e-05,0.005661921110004187,0.0002966885222122073,7.071044819895178e-05,9.862038859864697e-05,0.004490209743380547,5.626827260130085e-06
187,0.0057200114242732525,0.005202195141464472,0.012832111679017544,0.00035362716880626976,0.015140264295041561,9.494665573583916e-05,0.010205728933215141,0.008183223195374012,0.0002938298275694251,3.4151438740082085e-05
188,0.0036784170661121607,0.0068663968704640865,2.5929099138011225e-05,1.721766238915734e-05,0.012313737533986568,6.957955338293687e-05,2.8618889700737782e-05,2.6455084025656106e-06,9.533363481750712e-06,2.226180185971316e-06
189,0.004910983610898256,0.004269405268132687,0.0052820793353021145,0.00033312581945210695,1.1206562703591771e-05,6.258697248995304e-05,0.004625383298844099,5.9479962146724574e-06,3.6567764709616313e-06,4.348365109763108e-06
190,0.008248517289757729,0.015432135201990604,0.0003999569162260741,0.0015331110917031765,9.595404844731092e-05,0.018337633460760117,0.001743167988024652,0.00014594719687011093,1.837144918681588e-05,1.6172154573723674e-05
191,0.0024474230594933033,0.004013785161077976,0.00047221255954355,0.00047644536243751645,3.2826221286086366e-05,0.00038372635026462376,0.0001296523114433512,7.73290084907785e-05,8.419842924922705e-05,3.365832981216954e-06
192,6.899284926475957e-05,3.382294380571693e-05,8.32709702081047e-05,2.3715258066658862e-05,0.01867167465388775,1.9248096577939577e-05,3.576292147045024e-05,0.0001032587097142823,1.3767915334028658e-05,2.6168410840909928e-05
193,0.0025907554663717747,0.00011646275379462168,3.667777491500601e-05,0.010306905023753643,4.247673859936185e-05,0.0007286574109457433,6.652504907833645e-06,5.812386007164605e-05,1.2970184798177797e-05,5.107302968099248e-06
194,0.003855975577607751,8.739760232856497e-05,2.5051696866285056e-05,0.018201421946287155,9.610841516405344e-05,9.80722779786447e-06,1.6157580830622464e-05,0.04453832656145096,2.390095505688805e-05,9.42816859605955e-06
195,0.0021277121268212795,0.0002523425209801644,0.004514068365097046,7.361063126154477e-06,0.011716837994754314,8.591099685872905e-06,4.2164729165961035e-06,3.480895657048677e-06,0.00012775402865372598,3.220711732865311e-06
196,0.0023920629173517227,9.768572635948658e-05,0.0039490447379648685,0.005627452861517668,1.995873753912747e-05,3.2608091714791954e-05,0.009902453050017357,4.0549370169173926e-05,8.318313120980747e-06,1.8142022781830747e-06
197,0.0015716456109657884,3.5349712561583146e-05,3.7827274354640394e-05,0.010905037634074688,9.1860732936766e-05,4.21767654188443e-05,0.018689585849642754,0.003578648902475834,4.911351061309688e-05,7.047352028166642e-06
198,0.001827375264838338,0.00016540252545382828,0.002520310692489147,0.00033672008430585265,9.502989269094542e-05,1.3151046914572362e-05,1.5026362234493718e-05,1.4370703866006806e-05,0.00018869394261855632,5.3353146540757734e-06
199,0.00020281615434214473,0.00014764875231776386,0.000120411095849704,0.00010280998685630038,9.977275476558134e-05,0.00014557868416886777,0.020952953025698662,0.005530474241822958,6.128873337729601e-06,5.572952886723215e-06
200,0.0018677193438634276,0.0001637846726225689,0.003390443278476596,0.0013239812105894089,6.838182889623567e-05,5.1245111535536125e-05,0.0076899416744709015,4.202812306175474e-06,7.037087925709784e-05,6.70862345941714e-06
201,0.0027959742583334446,0.0006933945696800947,0.0035773743875324726,0.01128246821463108,2.570486321928911e-05,9.609292465029284e-05,0.014468507841229439,0.007004852872341871,4.1116065403912216e-05,6.852152409919654e-07
202,0.0042722756043076515,0.00945457722991705,8.240819624916185e-06,1.4198973076418042e-05,0.00011655921844067052,0.008291617035865784,1.0541859410295729e-05,2.2580299628316425e-05,7.526376430178061e-05,7.818314770702273e-06
203,0.0001813974668039009,1.0165461389988195e-05,0.004624692257493734,6.120589387137443e-05,2.2098734916653484e-05,1.4443323379964568e-05,8.707234519533813e-05,3.131868288619444e-05,1.4840892617939971e-05,7.205937890830683e-07
204,0.004487152677029371,0.013354247435927391,0.00045338994823396206,0.00047661125427111983,0.00024899470736272633,0.03058376908302307,0.004645823035389185,0.003518469166010618,0.0006446941406466067,0.0005293280119076371
205,0.011812576092779636,0.022784270346164703,0.005458221770823002,0.0007088404963724315,0.00025501666823402047,0.011233283206820488,0.004116575233638287,0.002720032585784793,0.002555657410994172,0.00020709952514152974
206,0.009485791437327862,0.012880546972155571,0.00025706031010486186,0.0004492234729696065,0.002679794793948531,0.00023090242757461965,5.43917303730268e-05,0.0012802931014448404,0.00012165203952463344,3.8053051412134664e-06
207,0.001635814900510013,0.003267542226240039,4.9860813305713236e-05,0.0001869534607976675,1.777935540303588e-05,0.017857439815998077,0.00015976278518792242,9.514729026705027e-05,7.474685389752267e-06,1.291021271754289e-05
208,0.003506459528580308,0.0026446201372891665,0.00013227983436081558,0.00010696360550355166,0.004971462767571211,2.5858398657874204e-05,0.0011345091043040156,1.6849400708451867e-05,5.856921779923141e-05,6.680368755951349e-07
209,0.000988124287687242,0.0006361908745020628,0.007875579409301281,0.00013404039782471955,0.005915303714573383,0.00015170802362263203,2.923389183706604e-05,0.0006860193097963929,0.002958390861749649,2.055106779152993e-05
210,0.009705178439617157,0.011768507771193981,0.00046331988414749503,0.0001154968558694236,0.00045657064765691757,6.465047772508115e-05,0.0016869744285941124,0.00010060440399684012,0.00025689968606457114,5.5229957069968805e-06
211,0.00011110265768365934,9.192500328936148e-06,5.643427721224725e-05,7.22233671694994e-05,0.0056538344360888,3.965251744375564e-05,0.00014415521582122892,3.108378950855695e-05,6.258608482312411e-05,5.739804237236967e-06
212,0.0005245013744570315,0.00041154969949275255,0.0017492632614448667,0.003623103955760598,1.3311320799402893e-05,0.00772148696705699,1.3922702237323392e-05,0.14750804007053375,7.588156586280093e-05,1.869700327006285e-06
213,0.00038431736174970865,8.798841918178368e-06,6.11720752203837e-05,1.999303094635252e-06,0.012359639629721642,6.812884384999052e-05,0.00021131426910869777,2.610573574202135e-06,0.08015265315771103,1.850889475463191e-06
214,0.005743176676332951,0.00012603325012605637,0.0072686453349888325,0.011886926367878914,0.0010726250475272536,1.6033061911002733e-05,0.014770942740142345,0.004550789948552847,3.3648550015641376e-05,5.1793154852930456e-05
215,0.006530973594635725,0.00010026627569459379,0.0048959883861243725,0.0392259806394577,5.986939140711911e-05,0.017536545172333717,0.0061350250616669655,2.9232311135274358e-05,0.00944444164633751,2.80221365756006e-06
216,0.00026408545090816915,6.204147211974487e-05,0.0001279592397622764,4.569807515508728e-06,3.8466121623059735e-05,9.281259735871572e-06,2.200547169195488e-05,3.214984099031426e-05,3.5242799640400335e-05,2.5349836505483836e-06
217,0.0004875150916632265,0.0001085719995899126,0.000293442775728181,6.33067293165368e-06,0.000146919148392044,0.0004655559896491468,7.22434269846417e-05,2.345122084079776e-05,4.716455350717297e-06,2.2959959267154773e-07
218,0.00019060622435063124,5.5809061450418085e-05,0.00025055912556126714,1.0060651220555883e-05,6.494643912446918e-06,3.115892468485981e-05,0.00015389276086352766,7.224106866488e-06,2.812591992551461e-05,3.4177319321315736e-06
219,0.004148157313466072,0.000407188490498811,0.006937309168279171,0.0166870579123497,0.00012006588076474145,0.011903311125934124,0.0002600876323413104,0.004591026809066534,8.822695235721767e-05,9.247377192878048e-07
220,0.0017266629729419947,0.00045936365495435894,0.011793170124292374,0.009293507784605026,6.591030251001939e-05,0.007403390947729349,0.00039085187017917633,1.8654143786989152e-05,3.691952224471606e-05,7.840819307602942e-06
221,0.00018426838505547494,8.829307626001537e-05,3.935207860195078e-05,2.5524997909087688e-05,8.103577783913352e-06,3.5484674299368635e-05,9.86680606729351e-05,1.101565794670023e-05,1.295211313845357e-05,5.34154060005676e-06
222,0.0013650159817188978,7.261308201123029e-05,0.0002049639297183603,8.975969831226394e-05,0.011192359030246735,1.4730427210452035e-05,0.00013177169603295624,0.00010006077354773879,6.068565198802389e-06,3.0620578854723135e-06
223,0.00034838219289667904,2.5515453671687283e-05,0.006003130227327347,0.003616394242271781,0.008506805635988712,5.376619446906261e-05,3.1353893064078875e-06,2.4476007638440933e-06,2.1447289327625185e-05,2.7382611733628437e-06
224,0.007266717031598091,0.015686966478824615,0.008910179138183594,0.00019176595378667116,0.0002095414383802563,0.012644683010876179,0.0003173549484927207,0.010424111969769001,0.004158338997513056,0.000977191491983831
225,0.006431032903492451,0.008333425968885422,0.0012563127093017101,0.00038161862175911665,0.003306369762867689,0.003077489323914051,0.001319583156146109,0.00015106960199773312,0.0014358905609697104,0.01369177270680666
226,0.0063205803744494915,0.009563769213855267,0.005031113047152758,3.598403782234527e-05,0.00020706486247945577,0.0002247953088954091,0.01734774559736252,0.00018634399748407304,0.0003330723848193884,2.036517435044516e-05
227,0.0008663652115501463,0.0014309472171589732,3.0114848414086737e-05,3.7480625906027853e-05,2.6657407943275757e-05,0.011005008593201637,0.00010997919889632612,0.00022336938127409667,0.0001853917055996135,1.3401937621893012e-06
228,0.010504279285669327,0.011123057454824448,0.004463081248104572,0.0001783810876077041,0.0010196330258622766,0.0001657923130551353,1.0862676390388515e-05,0.030212873592972755,1.546972089272458e-05,2.86159229290206e-06
229,0.009187164716422558,0.009419072419404984,0.014147789217531681,0.0008175924886018038,0.0001669168850639835,0.019307220354676247,0.0001884715456981212,0.0005576544208452106,0.0005934605724178255,6.712503818562254e-05
230,0.0037138245534151793,0.006004403345286846,0.008165914565324783,0.0004935948527418077,0.009726974181830883,0.00037933740532025695,0.00918749999254942,4.2402105464134365e-05,0.00026712589897215366,3.088657831540331e-05
231,0.003343811258673668,0.003979837521910667,0.0002955096715595573,3.509208909235895e-05,0.016125651076436043,9.09682330529904e-06,0.012144678272306919,1.3167078577680513e-05,2.792013947328087e-05,2.407100055279443e-06
232,2.8848402507719584e-05,3.4392789530102164e-05,3.006991755682975e-05,1.0421281331218779e-05,0.015598717145621777,8.222340511565562e-06,3.8002815472282236e-06,0.00021021880093030632,7.0372020672948565e-06,2.698577918636147e-05
233,0.0014957658713683486,0.0002210497623309493,0.0045523312874138355,4.898705810774118e-05,0.012433653697371483,7.910628482932225e-06,0.0003003351448569447,1.301551401411416e-05,5.1809267461067066e-05,4.257283762854058e-06
234,0.001752566429786384,0.00041715410770848393,0.00029338442254811525,0.0026764164213091135,8.80407533259131e-05,6.726163701387122e-05,7.584228296764195e-05,5.852958929608576e-05,0.00016178928490262479,1.5365083527285606e-05
235,0.004525155294686556,0.00024723802926018834,0.00808351207524538,0.00018942420138046145,0.005728613119572401,1.3764499271928798e-05,0.0005859966622665524,0.00017348071560263634,0.003209680551663041,6.826802291470813e-06
236,0.00443397369235754,0.0010449066758155823,0.001892686472274363,0.014176243916153908,0.0001631382037885487,8.31571378512308e-05,0.02220579981803894,4.2765819671330974e-05,3.156364618916996e-05,1.566397986607626e-05
237,0.0005322664510458708,1.920606882777065e-05,0.002634694566950202,0.00013735610991716385,0.019049661234021187,6.001886140438728e-05,0.00011684014316415414,1.7540884073241614e-05,0.00039625284262001514,2.720371867326321e-06
238,0.005631534848362207,2.6693556719692424e-05,0.00025463366182520986,0.012083646841347218,7.246287168527488e-06,1.4781057871005032e-05,2.2661017283098772e-05,0.00014307764649856836,0.0005190469673834741,2.535045496188104e-05
239,0.0001041917857946828,5.809711728943512e-05,0.0020426837727427483,3.7103378417668864e-05,0.019722234457731247,1.0486229257367086e-05,2.911350384238176e-05,1.1760859706555493e-05,2.3185182726592757e-05,1.553194670123048e-05
240,0.005727410316467285,0.0007537060882896185,0.007407201454043388,0.01702181249856949,0.0011680859606713057,0.0002665023203007877,0.005034709814935923,0.009685088880360126,0.00014205268234945834,2.045814471784979e-05
241,0.01298944465816021,0.000598456768784672,0.015848010778427124,0.043840546160936356,0.0003743157722055912,0.0029071858152747154,0.0013383983168751001,0.00012628707918338478,6.32800001767464e-05,9.943706572812516e-06
242,0.0037586772814393044,0.00015151976549532264,0.004988016095012426,0.015385480597615242,0.0007196036167442799,0.00038523940020240843,8.142572914948687e-05,4.531429294729605e-05,2.0717661755043082e-05,6.944603114789061e-07
243,0.003127403324469924,0.005274364259094,0.005471318960189819,0.0008719323086552322,0.006978481076657772,0.0003594724112190306,0.02139997109770775,2.4505214241798967e-05,2.368692912568804e-05,1.2692083146248478e-05
244,0.006426533218473196,0.00987963005900383,0.015245533548295498,0.0008356703328900039,0.01133009698241949,0.0006389593472704291,0.007225103210657835,0.01072171051055193,6.370257324306294e-05,8.337256076629274e-06
245,0.007408489938825369,0.015223231166601181,0.0026415062602609396,0.00027272713487036526,0.0004928859416395426,0.013807530514895916,0.0006859621498733759,0.0007305597537197173,0.0011767038377001882,2.579515967227053e-05
246,0.003356314031407237,0.004249268211424351,0.0040391781367361546,0.0006183696095831692,0.0086591811850667,0.00011643877951428294,6.551304250024259e-05,1.7187625417136587e-05,3.2927971915341914e-05,7.1505605774291325e-06
247,0.001964540919288993,0.0016247370513156056,0.0006044083856977522,8.035654900595546e-05,0.018102144822478294,1.358746249024989e-05,0.0001262510340893641,3.5590107927419012e-06,4.718025593319908e-05,3.679547035062569e-06
248,0.00209305202588439,0.0039343396201729774,4.671294300351292e-05,0.00019031263946089894,0.027841737493872643,8.988540503196418e-05,0.019583864137530327,8.240556780947372e-06,1.5002835425548255e-05,2.2521480786963366e-05
249,0.0017927137669175863,0.0038181599229574203,0.011818415485322475,0.001114535960368812,0.00044981768587604165,0.023008175194263458,0.0003479839360807091,0.00015253409219440073,0.006268543191254139,0.1877717524766922
250,0.011547013185918331,0.017191238701343536,0.0004680295824073255,0.0014304316136986017,0.007876451127231121,0.024994581937789917,0.023065872490406036,0.0012464170577004552,0.00029197923140600324,9.178612526739016e-05
251,0.00012476785923354328,9.163642243947834e-05,0.00012826394231524318,7.357553840847686e-06,4.0520164475310594e-05,0.0003316616639494896,0.014994406141340733,8.541760325897485e-05,6.396322078217054e-06,4.105980406166054e-05
252,0.0012928229989483953,0.0013365952763706446,5.790004797745496e-05,4.086191256646998e-05,0.013144902884960175,5.2922307077096775e-05,2.3091422917786986e-05,7.701104550505988e-06,2.5782830562093295e-05,1.1517856819409644e-06
253,0.0004730406799353659,0.0001900710049085319,0.0002126665785908699,8.053331112023443e-05,0.012446621432900429,6.259640213102102e-05,1.798046287149191e-05,1.2827935279347003e-05,0.00031229466549120843,1.3600181318906834e-06
254,0.002513621235266328,0.0018341174582019448,0.00024436195963062346,0.0002455304202158004,1.2146124390710611e-05,8.55636753840372e-05,0.00014434994955081493,8.325977978529409e-05,9.049952495843172e-06,0.2007933408021927
255,0.0001855301234172657,0.00015532314137089998,0.00015377411909867078,3.7189176509855315e-05,0.0037891382817178965,4.4451080611906946e-05,5.177716229809448e-05,3.294240013929084e-05,3.463850589469075e-06,4.067460395162925e-06
256,9.611668792786077e-05,7.594846829306334e-05,8.900319517124444e-05,2.2223164705792442e-05,0.0001374219573335722,0.00013854033022653311,0.01224692352116108,4.389403329696506e-05,2.6978692403645255e-05,9.478501851845067e-06
257,0.0017338292673230171,0.000806835014373064,0.00012037051055813208,0.00015701414668001235,9.633006266085431e-05,0.00012033923121634871,9.949389641406015e-05,9.556470104143955e-06,1.423199319106061e-05,1.1509254363772925e-05
258,0.0004900924395769835,0.00024143949849531054,0.00017879376537166536,0.006198270246386528,0.017999280244112015,3.280235978309065e-05,0.00016370796947740018,2.5290133635280654e-05,0.00010696828394429758,1.477279238315532e-05
259,0.003797310870140791,0.00012185193918412551,0.01007381733506918,0.01149249542504549,0.006024540867656469,0.015544628724455833,3.0409832106670365e-05,7.061958604026586e-05,3.381586429895833e-05,1.3522911103791557e-05
260,0.006210154388099909,0.00013526373368222266,0.004220877308398485,0.03501693904399872,0.00018756456847768277,0.0047383964993059635,0.0030173093546181917,0.009362158365547657,0.04111647978425026,0.000382347556296736
261,0.001774275559000671,0.0024442975409328938,0.007506413850933313,0.0003666326228994876,0.02714032679796219,0.00036417151568457484,0.0005358718917705119,0.01049020141363144,5.2032777603017166e-05,2.8064006983186118e-05
262,0.00562330475077033,0.016495607793331146,0.00807490199804306,0.00013957823102828115,0.01085942517966032,0.010502533055841923,0.00108163186814636,0.0015471866354346275,0.05294821783900261,7.433325663441792e-05
263,0.0038940822705626488,0.008827615529298782,2.276074155815877e-05,0.0004419096512719989,0.004180252086371183,0.013989832252264023,0.00037553030415438116,0.0007756514823995531,6.540008325828239e-05,8.945158697315492e-06
264,0.0043816580437123775,0.007404991425573826,0.000308142596622929,0.00014331861166283488,0.0085032032802701,0.028951462358236313,0.00017388795095030218,0.0006165764643810689,0.00036134099354967475,1.0989960173901636e-05
265,0.00868682935833931,0.01600079983472824,0.005878802854567766,0.0005074088694527745,0.00013856111036147922,0.007032007444649935,0.0008296917658299208,6.201797077665105e-05,0.000989072141237557,0.013108700513839722
266,0.012675396166741848,0.0267100241035223,0.009357529692351818,0.0013320777798071504,0.002073408104479313,0.011652902700006962,0.0002785078249871731,0.0003758380189538002,0.00021782831754535437,3.4068027161993086e-05
267,0.004257636610418558,0.01057466585189104,0.010757988318800926,0.00029724641353823245,0.00016119024076033384,0.014247371815145016,0.00031282930285669863,0.00031285069417208433,0.12493711709976196,0.0007463991641998291
268,0.0006709662266075611,0.0008853942272253335,7.845572690712288e-05,5.49207761650905e-05,0.01363557018339634,5.462638000608422e-05,3.234375617466867e-05,2.1170233594602905e-05,0.0001399202592438087,1.95753705156676e-06
269,0.002006405033171177,0.0015509516233578324,0.0003660508955363184,0.00021345735876820982,0.0072012413293123245,4.2348379793111235e-05,6.231658335309476e-05,2.11689484785893e-06,3.485808065306628e-06,7.321226803469472e-06
270,0.005138849839568138,0.0078729884698987,2.7700689315679483e-05,0.00047656422248110175,0.007891593500971794,0.00048572130617685616,0.000623329309746623,0.00013532722368836403,0.0007555672200396657,0.00020498318190220743
271,2.329146082047373e-05,2.6970208637067117e-05,2.5866216674330644e-05,9.19421472644899e-06,0.011866282671689987,1.6884394426597282e-05,1.042614985635737e-05,1.3499317901732866e-05,2.812867023749277e-06,2.112270749421441e-06
272,0.0013673073844984174,0.00010521423973841593,0.004557421896606684,0.012514126487076283,0.0067094168625772,0.0015265707625076175,0.028536232188344002,0.00011645283666439354,0.0042692311108112335,1.0944556379399728e-05
273,0.0012058671563863754,0.0003123480419162661,3.351505802129395e-05,0.004099782556295395,0.0050745559856295586,8.375657489523292e-05,0.00017141997523140162,2.630768904055003e-05,1.5814719517948106e-05,2.4290650344482856e-06
274,0.0008787327096797526,0.00022046185040380806,0.007545899134129286,0.002913413569331169,8.163337770383805e-05,0.022204991430044174,5.9970869187964126e-05,1.022993637889158e-05,2.5882150112011004e-06,1.43184649914474e-06
275,0.0032617466058582067,0.0008621406159363687,0.010380578227341175,0.004509598016738892,0.000533530954271555,9.833929652813822e-06,0.00010802175529533997,0.09103407710790634,1.4765365449420642e-05,9.620446235203417e-07
276,0.0012919267173856497,0.00023120944388210773,0.01063714362680912,0.00492976326495409,8.673112461110577e-05,0.0003138616739306599,0.031548887491226196,0.0004196954832877964,0.00563005218282342,8.098761099972762e-06
277,0.0033535331021994352,0.00024143293558154255,0.001455639023333788,0.009694723412394524,0.0005613028770312667,0.000169709965121001,0.00011347929830662906,2.044121538347099e-05,2.149737520085182e-05,1.9470875486149453e-05
278,0.0004453553119674325,4.565164272207767e-05,0.008931229822337627,0.005322173237800598,2.767439218587242e-05,3.232600647606887e-06,0.020948335528373718,2.732574785113684e-06,0.011892813257873058,1.2327676586210146e-06
279,0.0006043025059625506,0.0002350564900552854,0.0003940568713005632,0.0028116488829255104,6.69341316097416e-05,0.0004021979693789035,0.00013373834372032434,1.784368942026049e-05,1.869486914074514e-05,3.692358222906478e-05
280,0.00010200697579421103,5.761993452324532e-05,0.002330166520550847,0.00024760127416811883,0.0018134565325453877,4.7115925553953275e-05,8.465963037451729e-05,7.042478682706133e-05,5.7528261095285416e-05,4.155586793785915e-06
281,0.004013745579868555,0.00551801361143589,0.016376974061131477,0.0004298310086596757,0.0008975257514975965,2.1139114323887043e-05,0.010323384776711464,0.01635175757110119,1.8750863091554493e-05,5.625689937005518e-06
282,0.0022780809085816145,0.002394693437963724,0.0057654003612697124,1.3253969882498495e-05,0.00012307908036746085,7.257827383000404e-05,4.5861983380746096e-05,1.7262334949919023e-05,2.3527196390205063e-05,3.084893933191779e-06
283,0.0038685593754053116,0.00951103400439024,0.007187255658209324,6.232979649212211e-05,0.003961530048400164,0.009019478224217892,0.0001252104848390445,5.228289955994114e-05,2.5360604922752827e-05,3.923437361663673e-06
284,0.0013699488481506705,0.0016599389491602778,0.008577300235629082,5.718945249100216e-05,0.0035899614449590445,0.0001760500599630177,0.00037007033824920654,0.00013795940321870148,5.425879135145806e-05,6.06350222369656e-05
285,0.002045023487880826,0.002510695718228817,1.2370110198389739e-05,1.8703325622482225e-05,1.528892244095914e-05,2.5158033167826943e-05,9.084488738153595e-06,1.8550150343799032e-05,1.5501960660913028e-05,4.271517354936805e-06
286,0.002472486812621355,0.003957350738346577,0.005158658605068922,0.0001226649765158072,0.00012430646165739745,0.00014280849427450448,0.00018818418902810663,3.996425948571414e-05,0.0009493036777712405,1.8045144315692596e-05
287,0.004596138838678598,0.0035592280328273773,6.768567982362583e-05,0.0011112081119790673,6.48265131530934e-06,8.962343599705491e-06,6.523827778437408e-06,3.79715820599813e-05,2.837488500517793e-05,5.270698238746263e-06
288,0.0023168560583144426,0.004842650610953569,5.779268758487888e-05,4.2236049921484664e-05,0.009513015858829021,1.6859550669323653e-05,1.2543458979052957e-05,5.635857814922929e-05,7.066794205456972e-05,1.523309856565902e-05
289,0.0007897355244494975,0.0011862891260534525,7.90373669588007e-05,8.10584970167838e-05,4.59931579825934e-05,5.179927757126279e-05,0.0001491099683335051,1.7016114725265652e-05,6.602711891900981e-06,1.1753929356927983e-05
290,0.0007327306666411459,0.00020859258074779063,0.004093424882739782,1.4482102415058762e-05,2.4089807993732393e-05,2.701144876482431e-05,1.0403256965219043e-05,4.612579141394235e-05,2.44663970079273e-05,6.5135468503285665e-06
291,0.0024604240898042917,0.003059767186641693,0.00039580860175192356,0.0008876590873114765,0.0001348788500763476,5.780391438747756e-05,0.016223851591348648,4.1675433749333024e-05,6.588370888493955e-05,1.072454142558854e-05
292,0.0008346851682290435,0.0009641254437156022,0.00038139853859320283,5.660131137119606e-05,6.612108700210229e-05,0.011201176792383194,0.0002226072538178414,3.575732080207672e-06,3.908276266884059e-05,6.816699624323519e-06
293,0.0007513894815929234,5.04066665598657e-05,7.418765017064288e-05,7.409876707242802e-05,0.004832161590456963,0.00016952013538684696,0.0002130203793058172,0.00022108604025561363,7.359260052908212e-05,7.777821338095237e-06
294,0.001001034863293171,0.0002512270293664187,2.451548607496079e-05,0.0012255265610292554,8.052685734583065e-05,5.289334148983471e-05,0.00014530013140756637,5.9798010624945164e-05,4.2714043956948444e-05,7.859063771320507e-06
295,0.0003676674677990377,8.038072701310739e-05,0.006472615525126457,0.00013161227980162948,8.62655506352894e-05,1.2075159247615375e-05,0.00021891416690777987,3.090897007496096e-05,4.970363443135284e-05,1.8102040485246107e-05
296,0.0053449515253305435,6.818106339778751e-05,0.0038981325924396515,0.013662944547832012,0.006071196869015694,0.0001375393767375499,4.174491186859086e-05,1.7490319805801846e-05,1.6667980162310414e-05,3.0846849767840467e-06
297,0.0038691312074661255,0.0003487253561615944,0.002510322257876396,0.0008634004043415189,0.00019295552920084447,3.257483695051633e-05,3.6369972804095596e-05,0.009153097867965698,2.6199943022220396e-05,8.989980415208265e-06
298,0.0034212686587125063,6.671897426713258e-05,0.01011046301573515,0.014837813563644886,0.00011097048263764009,0.00023622666776645929,0.00020568993932101876,0.00012144162610638887,5.969805351924151e-05,7.600328899570741e-06
299,8.061381959123537e-05,2.2459094907389954e-05,4.981027450412512e-05,1.6975276594166644e-05,1.1301729500701185e-05,1.1712656487361528e-05,1.2130291224821121e-06,3.542131253198022e-06,4.074490334460279e-06,6.225304218787642e-07
300,1.4198185454006307e-05,0.003797101555392146,8.464290658594109e-06,2.3424036044161767e-05,2.383717855991563e-06,5.107164724904578e-06,1.1653895853669383e-05,0.15091094374656677,1.3137467931301217e-06,8.461605830234475e-06
301,0.008028198964893818,0.012111842632293701,2.775871143967379e-05,3.436451152083464e-05,0.00021908139751758426,0.00022313253430183977,0.00028490356635302305,1.1546249879756942e-05,1.052783500199439e-05,5.070588031230727e-06
302,0.004587132949382067,0.006441442295908928,0.00016221505939029157,1.8651029677130282e-05,0.015049012377858162,0.0001730388030409813,4.812787301489152e-05,7.173978519858792e-05,1.4686314898426645e-05,4.713075213658158e-06
303,0.0016586511628702283,0.0015174774453043938,0.0003737716469913721,3.196106627001427e-05,2.6781428459798917e-05,1.6498066543135792e-05,9.827261237660423e-05,2.0885712729068473e-05,4.999028533347882e-07,6.882773959659971e-06
304,0.00030179493478499353,1.3122305063006934e-05,7.836308213882148e-05,1.5345978681580164e-05,6.350209150696173e-05,0.00012683976092375815,8.813422937237192e-06,2.396498530288227e-05,4.766591155203059e-05,7.721217116340995e-06
305,0.006086242850869894,0.0027539036236703396,0.007570743560791016,0.0004068328416906297,0.0001545892155263573,0.00014168025518301874,2.6743102353066206e-05,0.018678933382034302,0.0031306808814406395,0.00018121344328392297
306,0.0005569363129325211,0.0007377471192739904,6.162308272905648e-05,9.659408533480018e-05,4.592051118379459e-05,4.881346831098199e-05,7.011923298705369e-05,5.857426003785804e-05,2.021528416662477e-05,1.6927973547353758e-06
307,0.0009063822217285633,0.0017085160361602902,0.005726904608309269,1.7709287931211293e-05,0.006177446339279413,3.180475323460996e-05,1.557929499540478e-05,4.6123284846544266e-05,0.00010633173224050552,5.396306278271368e-06
308,0.0010541091905906796,0.0016522445948794484,5.556567703024484e-05,8.233333937823772e-05,0.00013592938194051385,0.00014420333900488913,0.00011615304538281634,3.6926863685948774e-05,2.0206145563861355e-05,7.759394975437317e-06
309,0.005446198396384716,0.005168167874217033,0.0001241233985638246,0.0008438755758106709,4.141935278312303e-05,5.930505722062662e-05,3.4361113648628816e-05,3.328860657347832e-06,3.249231303925626e-05,1.3665218830283266e-05
310,1.6622392649878748e-05,2.5422064936719835e-05,2.5827297577052377e-05,6.728440894221421e-06,3.314295463496819e-05,7.469738648069324e-06,9.93536195892375e-06,2.9608768272737507e-06,9.070421583601274e-06,9.547891295369482e-07
311,0.0016622025286778808,0.0006586429080925882,0.0003377899993211031,0.00012079386215191334,2.0080682588741183e-05,1.502416762377834e-05,0.0001244655722985044,0.00013300366117618978,2.2575492039322853e-05,7.259875928866677e-06
312,0.007201880216598511,0.010291160084307194,0.004761321935802698,0.0006719393422827125,0.0003031898522749543,0.000864997215103358,0.00092666270211339,0.00023390233400277793,0.00017895425844471902,0.00015034285024739802
313,0.0022987397387623787,0.0019053771393373609,0.00021182643831707537,5.314028021530248e-05,0.0026248807553201914,4.384152634884231e-05,1.3274117918626871e-05,4.917738351650769e-06,3.185537570971064e-05,2.2798724330641562e-06
314,0.00011782996443798766,5.142285954207182e-05,5.1728784455917776e-05,0.0001544255210319534,0.008415097370743752,7.124497642507777e-05,6.823953299317509e-05,5.448436422739178e-05,6.868477794341743e-05,3.6915994314767886e-06
315,0.004059507045894861,0.000528648728504777,0.0010356246493756771,4.854971120948903e-05,0.009504277259111404,0.008137011900544167,3.972365448134951e-06,4.701977104559774e-06,9.952309483196586e-06,2.4531436793040484e-06
316,0.00953876506537199,0.0006044491310603917,0.005458258558064699,0.017972121015191078,0.0010880886111408472,0.01608358509838581,0.0005435810890048742,0.0014296963345259428,0.0008342145592905581,8.198752766475081e-05
317,0.0024585342034697533,0.00019487460667733103,0.020402468740940094,0.003561951220035553,0.00010314163228031248,0.00010768529318738729,4.3490901589393616e-05,0.0015961838653311133,4.03586773245479e-06,1.7573340755916433e-06
318,0.005411738064140081,0.001135482219979167,0.0035556673537939787,0.01684294454753399,2.788740130199585e-05,0.000663871003780514,0.0031918585300445557,9.21011742320843e-05,4.06729886890389e-05,1.6621823306195438e-05
319,0.0008156014373525977,0.00019344763131812215,0.0003573088615667075,0.00014807625848334283,0.0075255949050188065,0.00010806213686009869,4.273119702702388e-05,0.0007942901575006545,6.206493708305061e-05,1.6653963257340365e-06
320,2.977726580866147e-05,2.0601370124495588e-05,0.005502726417034864,2.4885724997147918e-05,0.0007947128033265471,3.749001189135015e-05,2.43460508499993e-05,2.6268502551829442e-05,3.495537021080963e-05,1.5236462331813527e-06
321,0.00013968948042020202,0.00015496191917918622,3.3166020330099855e-06,5.3784038755111396e-05,1.6846484868437983e-05,0.0003091820399276912,5.0923343223985285e-05,1.542907557450235e-05,2.1975001800456084e-05,2.6890991193795344e-06
322,0.00047747421194799244,7.734732935205102e-05,0.00012346875155344605,0.0001524202962173149,2.1428533727885224e-05,6.206938996911049e-05,9.043351747095585e-05,1.6790801964816637e-05,1.4062336049391888e-05,7.816740435373504e-06
323,1.9897701349691488e-05,6.587441748706624e-05,0.0002896803489420563,1.1498415005917195e-05,0.01041165180504322,3.897059741575504e-06,1.4256907888920978e-05,2.602973609100445e-06,4.531840204435866e-06,6.871592177049024e-06
324,0.0002013272896874696,4.1574498027330264e-05,2.1250547433737665e-05,2.996828879986424e-05,2.975051938847173e-05,2.2746473405277357e-05,6.09579001320526e-05,4.546766649582423e-05,0.0763034075498581,1.5900902781140758e-06
325,0.00014033648767508566,5.587987106991932e-05,0.004293038975447416,2.0517365555861033e-05,3.0415294531849213e-05,5.623171819024719e-05,0.0001046951801981777,0.00012972917465958744,7.815907883923501e-05,1.3849421520717442e-05
326,0.00019652603077702224,0.00010777574789244682,0.00012812786735594273,2.5492241547908634e-05,3.889284562319517e-05,0.00010800433665281162,8.836053166305646e-05,1.5660185454180464e-05,1.674696250120178e-05,9.322696428171184e-07
327,0.005313631147146225,0.008408990688621998,0.005178083200007677,0.00017490469326730818,9.00285886018537e-05,0.0019165448611602187,0.012296179309487343,0.0006861239671707153,0.0014662413159385324,1.4287576959759463e-05
328,0.004757344257086515,0.006983885541558266,0.0004460803756956011,6.897193816257641e-05,4.402879858389497e-05,0.00022371231170836836,2.656691322044935e-05,1.9520499336067587e-05,0.0001474566524848342,1.2852688087150455e-06
329,0.0024468787014484406,0.002973186783492565,6.120134003140265e-06,7.534425822086632e-05,2.333363772777375e-05,8.349327981704846e-05,4.769719089381397e-05,2.2589196305489168e-05,3.500935054034926e-05,8.13312544778455e-06
330,0.003243925515562296,0.0077320486307144165,0.0018838411197066307,0.0010472742142155766,0.02393658272922039,0.0023987938184291124,0.0005109584308229387,0.04047875106334686,7.892376015661284e-05,0.00027056504040956497
331,0.001145548652857542,0.00014003095566295087,0.00020298261370044202,4.29467145295348e-05,0.0020693959668278694,0.00017435762856621295,6.549741556227673e-06,0.0017410838045179844,1.297251037613023e-05,2.060613587673288e-05
332,0.0011099319672212005,0.003093259409070015,0.018663911148905754,6.97855866746977e-05,0.0030049581546336412,0.00012956911814399064,0.01878192648291588,0.027648476883769035,4.082556188222952e-05,4.23166056862101e-06
333,0.0051281326450407505,0.00015493376122321934,0.005201695952564478,0.015551733784377575,0.00010211722837993875,0.0008481878321617842,0.01437248196452856,0.0002596837002784014,9.144395335169975e-06,3.446307164267637e-05
334,0.006803311873227358,0.0006016751285642385,0.002358862664550543,0.004087323322892189,0.022345131263136864,3.5051838494837284e-05,9.617209798307158e-06,2.8007085347780958e-05,0.0001612759369891137,6.137220680102473e-06
335,0.005908299703150988,0.0001372963160974905,0.006354417651891708,0.0152273615822196,4.22718767367769e-05,5.5592103308299556e-05,0.004922560881823301,7.0051037255325355e-06,6.727444088028278e-06,1.0221494903817074e-06
336,7.945975085021928e-05,3.709013981278986e-05,2.417125324427616e-05,2.8351725632091984e-05,5.331380179995904e-06,0.0002339788479730487,1.1708624697348569e-05,9.808355571294669e-06,2.921547093137633e-05,6.188471616042079e-06
337,0.0010806306963786483,0.001777308527380228,9.286186832468957e-05,0.0002391436864854768,1.411583707522368e-05,7.012189598754048e-05,6.3619854699936695e-06,5.6273743211932015e-06,2.7758781016018474e-06,4.486756552068982e-06
338,0.001029878156259656,0.0015195171581581235,4.909809285891242e-05,0.00013616766955237836,7.058907794998959e-05,3.345585355418734e-05,9.17366924113594e-05,5.022679761168547e-05,5.608342689811252e-06,5.981920185149647e-05
339,3.8031583244446665e-05,5.049213996244362e-06,9.9423132269294e-06,2.619881115606404e-06,5.480629624798894e-06,1.8666092728381045e-05,1.1765881936298683e-05,4.422176118623611e-07,1.0855966138478834e-05,8.645757247904839e-07
340,0.00047181101399473846,0.000690047163516283,3.588965773815289e-05,8.449981396552175e-05,1.395975959894713e-05,0.0002099101839121431,0.0001926811964949593,2.5245479264413007e-05,7.117954737623222e-06,2.3948625312186778e-05
341,0.002488782862201333,0.004231877159327269,0.0005170467775315046,0.00031281699193641543,4.35110523540061e-05,0.00011456767242634669,3.2923606340773404e-05,5.559650162467733e-05,6.872481753816828e-05,5.646372756018536e-06
342,0.00022146583069115877,0.00031411138479597867,4.70306295028422e-05,4.7382342017954215e-05,0.0001019053888740018,7.513717719120905e-05,9.156935993814841e-05,7.32996704755351e-05,6.510856474051252e-05,1.4564151570084505e-05
343,0.0012050616787746549,0.0011937865056097507,6.800083792768419e-05,5.112105282023549e-05,0.012455057352781296,9.140613838098943e-05,5.0904040108434856e-05,7.967614510562271e-05,4.447455648914911e-05,1.2682669876085129e-05
344,0.000999743351712823,0.00010356050916016102,0.0021837870590388775,0.00010026997188106179,0.00022012120462022722,0.0005159752909094095,0.00019005774811375886,4.1039838833967224e-05,2.288196083100047e-05,1.1806810107373167e-05
345,0.001235027564689517,0.00011126613389933482,0.0002970441128127277,0.00636015459895134,0.008172520436346531,7.762514542264398e-06,4.0543156501371413e-05,1.2250006875547115e-05,5.6242399296024814e-05,0.24231989681720734
346,0.000685053993947804,7.386536162812263e-05,0.00012917375715915114,6.904292240506038e-05,0.00014892029867041856,0.0033885203301906586,8.466047438560054e-05,0.00011990609345957637,4.4701650040224195e-05,2.358335223107133e-06
347,0.0014165955362841487,0.00023989300825633109,0.0006605019443668425,0.00010442080383654684,0.00338572496548295,7.2959860517585184e-06,0.00010060739441541955,4.9629761633696035e-05,2.790001599350944e-05,4.575088496494573e-06
348,0.0002837187785189599,2.8665741410804912e-05,0.000180098315468058,2.307643626409117e-05,2.983087870234158e-05,0.00012459661229513586,0.00016590076847933233,5.151028381078504e-05,1.749368675518781e-05,4.287262072466547e-06
349,0.0006006312323734164,0.0001499497884651646,4.15389149566181e-05,3.1077448511496186e-05,3.5721393942367285e-05,0.00020076001237612218,0.0001994612830458209,3.659650246845558e-05,4.024274676339701e-05,7.56132862989034e-07
350,0.0008636648417450488,0.00012468150816857815,0.00022008144878782332,0.00017342212959192693,3.1473809940507635e-05,7.157523214118555e-05,4.4402870116755366e-05,3.464295878075063e-05,1.4738777281309012e-05,6.011134246364236e-06
351,0.0014723696513101459,0.00097742083016783,0.0013055873569101095,0.0001262504665646702,3.663153984234668e-05,1.791215436242055e-05,7.601196557516232e-06,5.1286642701597884e-05,1.7227692296728492e-05,5.263244020170532e-06
352,0.00032306823413819075,8.825048280414194e-05,6.200640928000212e-05,3.7232508475426584e-05,1.6410613170592114e-05,0.00030583792249672115,0.00022466256632469594,1.828678068704903e-05,1.3077871699351817e-05,2.3442798919859342e-06
353,8.711338159628212e-05,1.929799691424705e-05,0.005084103439003229,2.6787804017658345e-05,7.833311428839806e-06,0.00045005197171121836,1.279868865822209e-05,3.543903221725486e-05,3.886405011144234e-06,5.221637366048526e-06
354,0.002377602970227599,0.0039903041906654835,3.9219601603690535e-05,3.8259340726654045e-06,1.683055415924173e-05,3.8457939808722585e-05,0.0001238656259374693,3.594608642742969e-06,2.8586946427822113e-06,3.2221646506513935e-06
355,0.00035634092637337744,7.660895789740607e-05,1.1718466339516453e-05,7.719964742136654e-06,6.436167495849077e-06,9.36850847210735e-06,6.0988542827544734e-05,4.560995876090601e-06,6.065854540793225e-05,3.4119873362215003e-06
356,0.0011444211704656482,0.00017341485363431275,0.00028496779850684106,4.355697092250921e-05,0.00011399482900742441,0.00017903486150316894,2.9193077352829278e-05,2.4862196369213052e-05,5.6443277571816e-05,8.948401045927312e-06
357,0.002160183386877179,0.004384241066873074,0.00016643494018353522,3.101074617006816e-05,0.00012913758109789342,0.004266620147973299,0.0032098263036459684,0.000493477622512728,7.208538590930402e-05,7.532561312473263e-07
358,0.0023455487098544836,0.0044953785836696625,3.7053130654385313e-05,1.49658208101755e-05,1.2280389455554541e-05,0.00011127055040560663,2.231894904980436e-05,2.456701076880563e-05,9.543379746901337e-06,4.449921561899828e-06
359,0.0006716317147947848,0.001180581864900887,0.0001633193314773962,6.6658656578511e-05,6.991226109676063e-05,5.552232323680073e-05,3.967693919548765e-05,3.744346759049222e-05,3.7579684430966154e-05,2.683090860955417e-05
