,Mural cell,Mast cell,Mesothelial cell
0,1.7062728589992275,0.01954454941481032,0.08534986023775204
1,0.7531181303287724,0.5309187448219603,2.2269964336629755e-05
2,1.5957006573358967,0.03041478034615608,0.11001637683560261
3,2.0062342893395453,0.19077659417766313,0.18405979060296573
4,1.0764507054636852,0.21447011879310196,0.11915762213852332
5,2.6115735071293784,0.009690746211617807,0.09782044399027257
6,0.9387579984947934,0.2983433236555726,0.03410274783517764
7,1.7271579501580163,0.2062743217394427,0.14044359965169662
8,1.5673566240729997,0.14038214735556664,1.517705263154312e-05
9,1.3847008667793261,0.24453137601209107,0.1293384151646464
10,0.7650073941553046,0.20416844389346522,0.06272836930342152
11,0.7246338882520718,0.24139854762182011,0.13013778299262668
12,1.227981189748789,0.6413754206253017,0.031531646300447136
13,1.2528597467759255,0.28308554112694395,0.12422316687692003
14,0.9532252375751114,0.13604173581806123,2.34245449561854e-05
15,0.8753079766648852,0.34988601994628254,0.08807079983164812
16,1.9822854367989748,0.0014476145583017797,0.04597691563306938
17,0.8860492651976983,0.2671834982348642,0.037200953034503215
18,0.9061025119789292,0.1451866961757986,0.08241422616633187
19,2.4851698057777867,0.3110962929879122,0.12729943149112444
20,1.7279293587232587,0.21186114497017172,0.028187644688657087
21,1.2757512047447221,0.0011963901169878,0.05649785615075942
22,1.7223957318147995,0.0018160673106066838,0.03571441112611495
23,0.7032935116016574,0.32503288542051934,0.038235012476270924
24,1.6132053439660012,0.45275688690787774,0.07208835057192431
25,2.279207003103579,0.3376737270069299,4.288258781315335e-05
26,1.0437891434802395,0.3798455644610925,0.01407378671808246
27,1.688417868681455,0.000976049382529709,0.04685193622242423
28,0.45860870651262076,0.4083007461224639,3.350830162673901e-05
29,0.4248681348869354,0.15606247757009584,0.12765743454049527
30,1.3937087282666312,0.16125248226838806,0.07154928393965676
31,0.5347131465685493,0.30918893750197185,0.052762275446315954
32,1.1232707662096288,0.14124396923801896,2.7052331645904815e-05
33,1.6932388910800569,0.2691382588457927,0.13573844552436043
34,1.433707153139892,0.0007201815419364266,1.816379965902115e-05
35,1.056454486539053,0.0012970573480330927,0.09645161288313986
36,0.9198525892381326,0.004416434948041115,0.05273779569392367
37,0.6838898860349332,0.22668552272334352,0.03665340500053205
38,0.3449341713656793,0.28788274425680527,0.028273952815197845
39,1.5778353826489138,0.3783519156446076,0.03366028124725062
40,0.9996153886755792,0.2914602204865204,0.03405328546013209
41,4.760906042179613,0.1710544940763441,0.0903714947055505
42,0.6421146409368248,0.6352714322598274,2.233181363209269e-05
43,0.1319095470446996,0.33438664832820564,0.03327117722199091
44,2.8526146498724074,0.301543255249868,0.08743355086016891
45,0.12822895270934964,0.33187985478701165,0.052368729497246136
46,1.083098387711857,0.3350817237186021,0.03756644703553036
47,0.693674820750573,0.2487641805880827,0.031332085144992305
48,1.493579554682583,0.352886625200199,0.028222185119098242
49,1.4320840844804934,0.4565765783846416,0.09568061913460468
50,0.6077752482534038,0.4110950888733811,0.0672377144484102
51,1.9549717034266223,0.4121084036871707,0.03934937314214437
52,0.9364753330353324,0.40945319581156525,2.265058876105286e-05
53,2.9195450747579343,0.6256532549149085,0.14404972636174307
54,1.9239464489130569,0.25289463410170043,0.10268736557598146
55,1.0809297407947724,0.15641644008154287,0.07620016418551856
56,0.6275122781945583,0.37588806929449703,0.031957929234380344
57,1.088983599620974,0.17901906421541014,0.0864931335486645
58,0.30383453563604235,0.16171348923221274,0.12356413904388575
59,1.9264206133094604,0.0008127803701611924,2.179261085188955e-05
60,0.9281621073536144,0.40935520235035483,0.042567490959669385
61,1.1268452981410633,0.004634715602087169,0.039176891020424875
62,2.346676217188815,0.19704873111250265,0.1904805600948407
63,1.59491090000256,0.39749340095278285,0.04322613640255213
64,2.0259630314481,0.18659142550536245,0.047410326467296926
65,0.8497014798711859,0.14017929550632857,0.02621605277523642
66,0.6345631034906773,0.12140663020173292,0.04085828220873111
67,1.780255661353408,0.5278715695859262,2.891732155774207e-05
68,1.5326925155649178,0.4030341008180116,0.03337274401226864
69,1.88700315155711,0.507248548080824,0.1511567715690063
70,0.6335532241950972,0.4090645554088894,4.736929987103622e-05
71,1.398488534399803,0.0008606146182685848,0.18555643607543715
72,1.4573806667847293,0.36763430108882034,1.362793640780069e-05
73,1.5032730814164097,0.1593040085440478,0.09839040654122044
74,0.110862676868976,0.32183235443584834,3.293944586602038e-05
75,3.533403996684683,0.504966790297317,0.03464870306304846
76,1.738700359972654,0.27127811772408705,1.7288368901802187e-05
77,0.7783146039573978,0.0009281317290401603,2.8618397408308738e-05
78,1.8208165735378543,0.25035164403470844,0.036218366545654135
79,0.9199558948696449,0.3383004904050324,0.03483560829155863
80,2.26588746632774,0.4177072575274394,0.04419136419686964
81,0.8352817054060324,0.6300423349290938,0.06938727784182319
82,0.964844649679435,0.3512022812389901,0.17154809182174802
83,1.5882009789069116,0.24475519609206486,0.18020328969319266
84,0.7556957571293879,0.41578624146015386,0.051144925459322366
85,2.014208860749477,0.194474268122093,2.504073184184108e-05
86,2.1108121895454133,0.03398548550457292,0.19240758006264258
87,2.0243886868495338,0.20968775307152043,2.4049953360361087e-05
88,1.0583367804957788,0.4268326467078012,0.07951161990294153
89,0.8305558070110237,0.0012557971248057243,0.04045435239278561
90,1.1393552984497433,0.3113279995521694,0.0403345683229972
91,1.1053895014410955,0.424540284257489,0.03542373576490476
92,1.6692445595831487,0.023845217665012797,0.14385212161124628
93,1.0886205784011054,0.41138971184693673,0.08034018486778649
94,2.330530453318943,0.3970340963600876,4.583648833289544e-05
95,1.7822699510336406,0.16119590760679614,1.5510817853225944e-05
96,0.9162890467839588,0.21572659618873047,0.035430571021159096
97,2.417540479530203,0.8640018943272878,0.048822643754931505
98,0.2596957040346979,0.3064001535980623,4.4568139834666454e-05
99,2.295784569890202,0.17493543629978348,0.027589152303157505
100,1.1073980178105103,0.2115635623908858,0.09066531584528548
101,0.939820426348092,0.4025896205867525,0.03613750404866778
102,1.0464690880988883,0.14428303539971665,0.08575619057756612
103,1.8706269547398051,0.3490911514252275,0.04737562112398308
104,1.0148888532003753,0.4187175986339611,0.06919440261368948
105,1.7425203418416686,0.5310955204565175,2.5811003744991012e-05
106,1.2841522405723538,0.2184837919538225,0.062244152238658756
107,0.8257898499051635,0.1332650094799206,0.03450196089940505
108,0.8680937862250175,0.3302949669922839,0.09353731276020483
109,0.9085147570617096,0.20002736112781605,0.17752769219647746
110,0.3541674877737364,0.13727184705315665,0.025359420106426
111,2.8366112500225427,0.27938973321879956,0.06380698304452181
112,1.1079191378661335,0.4112985732415453,0.039279278526048955
113,2.201691451575016,0.21916221424373816,0.05503769398152514
114,1.4689966972316597,0.393859860946165,0.1121036204643957
115,1.6017145715035213,0.1712078141604252,0.04905746924892185
116,3.5219510514887133,0.2994022902551734,0.022752476245329945
117,2.01523865802983,0.6536681566371954,0.033275711660852636
118,1.8792298682712953,0.22879558126451371,0.0960046771990335
119,3.474495702446802,0.5623493530083437,0.1219251708605924
120,1.8111767773268639,0.2242211990984515,0.12578937431075587
121,1.19396816998335,0.19950034212646983,0.05512330676200605
122,1.2009829116781248,0.46148352974294937,1.634624452861999e-05
123,0.8194917228128702,0.32230929920094553,0.04483826595363993
124,0.8965728734204959,0.39895573732221123,0.0729720723352969
125,0.906929939501623,0.3575027164946647,1.6812624757278627e-05
126,1.048374611234692,0.624998869176089,0.03100288865210743
127,5.522669263606758,0.4118066695696143,0.07384877358077802
128,0.8175446685949055,0.21543242930729178,0.0628842049050462
129,2.13822657382093,0.39946533351016456,0.12832690278595038
130,0.7629564663207873,0.0017751585141994042,0.04305859718215288
131,1.075247298171405,0.37888406504005445,0.09061608172907398
132,1.3768929621068082,0.659100484268123,0.11713467650400133
133,0.677764608990401,0.6298749771036967,0.03254522453825359
134,1.3845446134912436,0.42146805400573584,0.03841713627505783
135,1.9595224388244787,0.3831220162633002,0.029030600056465516
136,1.2633969527365707,0.28380717878763306,1.3766731512987462e-05
137,0.5368640532693121,0.4079363712091322,0.16418676615875683
138,1.936007594590592,0.24605642848217713,0.0349930022204461
139,0.6986151839951162,0.15140059712194898,0.03220067833193241
140,2.186653647718458,0.2006615428982954,0.04599264894908828
141,1.2910740919604962,0.001604451379016325,0.06763478158833891
142,0.9428628748556775,0.6203891147413714,0.04726486004431507
143,0.5404272547744426,0.3485063088462752,0.0401037699155502
144,1.632135288188465,0.00095896248034677,0.0362879909854712
145,0.9573064291563469,0.8182471144468337,0.03224234130030368
146,1.8315339755383775,0.6261305296519453,0.04203954772596319
147,1.30438831111951,0.15717022346679954,0.038765387366044735
148,2.2993166896005732,0.5004409484607493,0.06704965347012148
149,3.1538545783732843,0.3071161965824416,0.0806408993719856
150,4.866777143382251,0.5784337705140103,0.06879872041912449
151,1.5226478222747346,0.006770801329608389,0.12759961632299266
152,1.2310424360489378,0.4210090846268386,0.04435999843352789
153,0.35552844744307777,0.6248901666251925,0.07968379625280875
154,1.1669805479754132,0.004087993038275783,0.09307490095898885
155,0.9944125573599081,0.0012164913779670883,0.04309105512843203
156,1.286359284279115,0.27177818634306306,0.13228254081381152
157,2.25692066191732,0.6767441857875127,0.09406563569642401
158,1.0893073292749023,0.3788038098908828,0.043757083635338034
159,3.330707812820947,0.39308635895272914,0.09285789180165693
160,1.7705985306164393,0.5732380806379496,3.438092520724467e-05
161,0.6708217655147877,0.18330987004172528,0.0639789075616406
162,3.0387856300599196,0.5048371057723102,0.09777875551862891
163,1.3368892584834384,0.44200044655455883,0.03176615924637716
164,1.1629151194500764,0.21582231239511884,0.04834168573153974
165,1.2043861768055422,0.16965177155903177,0.16057433183540937
166,3.6234513016825076,0.15866193230598924,0.15522201311605954
167,1.239095264451862,0.1819587366115698,0.1155183434808329
168,1.3311349169014761,0.1807792000412718,2.0999753473915916e-05
169,0.42568558733509576,0.406320289817252,4.732425622222536e-05
170,2.330593979708624,0.38605613202152256,0.1250474554819334
171,2.0717073651160263,0.5215258568790802,0.14806856398527657
172,2.924069798424739,0.18754448062141194,0.06624223974957033
173,0.2824541362535342,0.4191912527162316,0.0701957917323881
174,2.5471657305074586,0.4233989074265736,5.4131237000376586e-05
175,0.8644766477473809,0.09939094951607785,0.09482775082381067
176,2.9139372932719425,0.1563660624724008,4.343466332557e-05
177,1.2358622492683935,0.019350299899038248,0.07476744698556104
178,1.3485896415009506,0.0020088658272072735,0.05055809932623134
179,1.7778103896481525,0.16469254218588958,0.03691687956019507
180,1.2633160271939232,0.3465009009034645,0.03911231661207992
181,1.5010481635042652,0.14429136445831858,0.08529527819169402
182,1.418416497323733,0.6374016775221776,0.09402698297690648
183,1.3710765121162467,0.11902303328390929,0.08622800838591616
184,1.309305208692308,0.21981884547528807,0.15847272599421913
185,1.4754461615793844,0.5058329393688226,0.06743635442848728
186,0.9377012921804635,0.41616889267803003,2.0072926488978737e-05
187,1.5814762959233235,0.2083530561771667,0.08018827893130975
188,1.1268656060469198,0.025776541974863676,0.10587514148968324
189,1.0307257745444645,0.13205791646160492,0.03751717589621251
190,1.7467297461407725,0.6270989074673565,0.10049065552576764
191,2.356044439493644,0.5381777028842123,0.13668940917456496
192,0.46264958029053105,0.20120300195017649,0.07911146698899785
193,3.2545737159282453,0.21709538670916118,0.045699483937710283
194,1.0612261268418024,0.02767985731055944,0.07075203384439277
195,1.510497612759309,0.21292126598231675,0.04884147773604397
196,0.48564216496269097,0.13354399370704328,3.10060921329125e-05
197,0.5882903310056804,0.17184704700218845,0.07861770107444954
198,1.2607370495501868,0.0014051034410620389,0.13742029696583913
199,0.7663921909893929,0.2152434912748049,0.04093603881109331
200,2.0566554369390815,0.24763159788236777,0.0651472540386564
201,1.9617879269605965,0.2476164142207935,0.07026010275951222
202,1.2729475253757983,0.034350916627090555,0.16144282692228273
203,0.8234450334948065,0.5595744964818152,2.4992206718366106e-05
204,0.5800235859985605,0.3233427076586395,0.04740830152832132
205,1.0154543172386354,0.1978028570738246,0.047804747268830994
206,2.564329252238849,0.5300238566927078,0.06326891528278367
207,2.387838045494391,0.06025337167714895,0.22050828215407137
208,1.2750197294374175,0.11594972316634511,0.0815227685860549
209,1.670712151980183,0.16789131783292532,0.19883533936064168
210,1.007398278908454,0.20342431594410115,0.03723629722936295
211,0.49197343626769907,0.17027938271879606,0.07584980868097801
212,0.9730207141127494,0.21225265948214656,0.13343082968128783
213,0.7688300374935011,0.2915631295630874,2.879294246582731e-05
214,1.9080867395342693,0.1926229877875656,0.0855692039987801
215,1.2976695113410415,0.3943325426769775,0.07996482893693724
216,0.7195492337468465,0.13898151616655952,0.10173605679410969
217,2.1929235366662283,0.22568941336876236,0.04708841509041406
218,0.6013393915281995,0.606195873128712,0.07718751327376339
219,1.516682818903064,0.220034914432091,0.08849837360732593
220,1.3821855000146002,0.0009749661804292487,0.043845719850537535
221,1.6545015117876005,0.003271307022629344,0.035652283468216694
222,1.3081689985019125,0.3227217353389875,0.03621015038748254
223,1.4240267839869603,0.41054495724940665,0.04315097286417924
224,0.5955009133206204,0.5849664794580036,0.04322654735085507
225,1.0566089936668845,0.3267300293211548,2.2794046657281797e-05
226,0.7989089930081263,0.5395344883242998,0.033125588067441925
227,0.6899303958960417,0.11451331042678703,2.5156537411419322e-05
228,1.66074671321212,0.2548898225872094,0.08765693511428907
229,0.7144475263178549,0.007645953900180302,0.18250909027222662
230,1.1865030948665094,0.0014282515087131742,0.0422010372125321
231,0.9296898562962497,0.34247311974873185,0.037517261310441086
232,0.9023705673008067,0.011646519979130687,0.07876274404740258
233,0.7777915390892076,0.04986478542423356,3.133966697532742e-05
234,0.9348126351716246,0.595307631481262,0.041235112455897394
235,1.708378441898958,0.2671982308119496,0.0792011048716148
236,1.4479590953216643,0.0007645739091017845,0.029338805056219996
237,2.96580308719831,0.30663040928526186,0.06605146942072082
238,1.0664257361977434,0.3671746478920781,0.05624080468523118
239,1.6526356125907569,0.20473125392708624,0.0654352610880693
240,2.2571525425145182,0.22615479807789285,3.4768030097609426e-05
241,1.2497067466262592,0.0009178114205425913,0.20256875871121593
242,1.246689113646383,0.20801151730481848,0.048887818757936685
243,0.9741643638066648,0.21169682591689565,0.12062866208800216
244,1.9936542498351173,0.7946681205842197,0.026268996372678544
245,0.915629242751379,0.3259289677756527,0.03475857760552614
246,0.6607409080487514,0.593713668063728,0.050621861757242925
247,1.1948488524510594,0.0330095618511379,0.08770156926070172
248,1.3983232054899872,0.0015877391051191125,0.0902501907778337
249,2.5898602283173204,0.6724861450828712,0.03012552852331396
250,0.21526495073948126,0.18178479370732958,0.12048327240691492
251,1.378130351646746,0.18021032817867422,0.12466356499485443
252,2.6934942392181256,0.021939096109420575,0.05147018304688089
253,0.8163271111541235,0.16728602522488956,5.892933905471409e-05
254,1.1009271601345745,0.011151689235695983,0.11402941832991687
255,1.5857494110360335,0.14628893576215773,0.07599330191870024
256,1.2930743520927308,0.476987353803338,1.5642433758955576e-05
257,1.0470341677027477,0.21086857709607187,0.03657491485005693
258,0.6362410130065541,0.13892421946841438,0.04949333373786402
259,0.6914412458921788,0.002343861025167371,0.09527159300589005
260,3.1635536826742765,0.24479761015234658,0.07587441912140491
261,1.2694659434493474,0.21469898221700134,0.12704280038749616
262,0.5889878673626185,0.5939738754812112,0.08086622298906931
263,0.37639500272496207,0.5658689813398894,0.04034800244090775
264,1.0553066766262305,0.21712274879769922,0.08578462263919562
265,1.5522277221056129,0.06426919056562497,0.1381708195071525
266,0.5336301917475907,0.373362654819843,0.04168131435882927
267,1.6501109682075707,0.39836527084995055,0.0414250564755676
268,2.626299894683143,0.009341578495664749,0.05018051599439488
269,1.5997117750529242,0.0009158361872536602,0.0855866780861767
270,1.466237986549686,0.23645195800663998,0.12071225331325763
271,0.7806258222061615,0.16440149981959706,0.038143495882444256
272,0.691716345059092,0.31444021126806376,0.03566595401622408
273,0.24475164994450438,0.6273666870716283,2.972260024591833e-05
274,1.7565988544348556,0.23995033543176447,0.11085155586444273
275,2.058419627246053,0.1663130498866039,0.07562675240884431
276,2.731602348823344,0.39908221875928973,0.12926927221457163
277,1.3346203425552403,0.001064677987407947,0.03668528667797233
278,1.0566888813282844,0.000800287341320427,0.03986544917079371
279,0.8647524618297666,0.3358306606124515,0.1319995124204567
280,2.0601126847452633,0.28764352365655554,0.029664568839319116
281,0.5063409801306022,0.19115587367151932,0.03136738347657797
282,0.8766930789717549,0.34819849416949467,2.5563643504256106e-05
283,1.9465105597148522,0.392886023528348,2.3551142120936674e-05
284,1.1654126767235766,0.38047769553265454,2.09133227286884e-05
285,1.2398033178184278,0.22572847525938755,0.09442994731797327
286,2.2521208644668604,0.4640473316092226,0.08637897633577296
287,0.5651548719104653,0.3232924833589621,0.059945656045719886
288,2.54105276989344,0.027996768594334753,0.08628044697081094
289,0.7009481026909725,0.4151762179800542,0.12766277701022588
290,1.0329980836759205,0.031722485894583485,0.13656354502249712
291,2.366587377050564,0.15374711592855306,0.12406613524932197
292,0.8230805603487852,0.5873142944094809,0.036384672725287004
293,2.4141274204012007,0.6438338635033176,0.027146963346986297
294,1.079476697842182,0.43614726086138234,1.5446921445061434e-05
295,3.2237234931401417,0.2771695430844545,0.14326552971861872
296,1.4303936968272524,0.2043776219181197,0.03729936496890929
297,2.5949886959663218,0.2637771134684854,0.1334113920802622
298,1.224695758116468,0.22880353281560417,0.08623304528749287
299,0.2911498189432109,0.3709324526994706,0.022473615993447993
300,0.9197580387501603,0.00824977455478404,0.08079356007067773
301,0.762052628344577,0.1795911521340301,0.1123856106811445
302,1.5883910773152365,0.2648066736814698,0.11579145176006023
303,0.3183686912193764,0.11576811084071892,0.030008572287194113
304,1.5808827302811892,0.21173127437712935,1.3734454324065837e-05
305,2.445173118321236,0.44005575239904715,0.04173773050891327
306,1.1358370832058426,0.38892362106480505,0.03506812471446352
307,1.0422673704471208,0.3968862773023787,0.10212640298750841
308,1.7748860580024939,0.005947173092238245,0.09032933582169278
309,0.8816842183830431,0.17888048137373858,0.09387513401961911
310,0.47039494012341265,0.41385567797856027,0.08075413624254679
311,3.027222705440181,0.476397248144508,7.066038011771525e-05
312,0.7940319335479273,0.25256621014433733,0.04004528540280461
313,1.127609347338307,0.21153448718699508,0.09751288063169739
314,1.73441652452982,0.4000884040965218,0.032409306825407214
315,1.2062065590261,0.3121828576091801,0.09625619549305497
316,0.5413598710192389,0.43164585130999455,0.12225955486672646
317,0.3859426188408861,0.36322233738798815,0.047876043570619586
318,1.4541004399436588,0.2716313097158789,0.08790460665696997
319,0.9273506056580345,0.22604128201773932,0.08432029252613304
320,1.6496386138619528,0.011818184541112942,0.09132743272391508
321,1.524125642848162,0.8385995716313204,3.1549933261487695e-05
322,1.254611537112055,0.02282277106906605,0.1412995106720203
323,1.5181286548574349,0.1681775242041752,1.4682448295388895e-05
324,1.96749960787065,0.6577763500532257,0.05005666954747312
325,1.8359524681090988,0.3446132964695252,3.26774858940837e-05
326,0.21495484173084378,0.49348964890053537,0.018060741728827878
327,0.8921381317784665,0.0010147723173830059,0.03858092658472856
328,1.5042882749720548,0.24333659915557604,0.08063236201325452
329,0.79727385357603,0.008259932136226666,0.13485704977895097
330,2.104299857050137,0.5036319002485641,0.039127328222519964
331,0.8608062910558374,0.36737567193574705,0.04695511063232516
332,0.8963161945958973,0.5833975558061653,0.038002714114323766
333,1.190139343947294,0.4852935415094066,1.281268915676037e-05
334,1.1201289154723781,0.14504963352678857,0.03375853612098467
335,1.4850259148951181,0.3458286229454046,0.08542837976927586
336,1.0573392620198092,0.1788489131922546,0.22087770085610714
337,0.7511825436513391,0.3876070653280195,0.04613708157884844
338,1.0270144003008,0.4143228314317966,0.056300609275250935
339,3.7433422967164915,0.3270057458564679,0.03522791344366283
340,1.262305947785137,0.11868166265445979,0.035644307956012256
341,1.375910159624027,0.15188507510456617,0.03471823541953256
342,2.153835640795023,0.2812357154563614,0.034299105249672834
343,0.29489066211482395,0.41564010790573747,0.0899119230973966
344,1.1764655680509577,0.3434802480540782,0.049682349316640284
345,2.5302079005386986,0.285411901923041,0.17080391257701422
346,1.293104428821266,0.5446411019012345,2.1653753698558376e-05
347,1.6181667257521894,0.27300667758510144,0.18974044589786843
348,0.6728197196093788,0.4129987401502291,0.04153363389571396
349,1.7436464048271318,0.2226070490667098,0.04340299983960705
350,2.1197204997282597,0.6721826550220271,0.031208354063714694
351,1.487979162545173,0.2541352410495854,0.07890403936845303
352,2.689628051085492,0.688265802275069,5.989412034068664e-05
353,0.32542603578731644,0.2680640391364264,0.045702282643297565
354,1.6622354168373477,0.40985947450368343,0.047894212861589125
355,2.2260965844300244,0.4688244967658193,0.03338146498450101
356,1.4999774657030684,0.3989317403238317,0.07774897731218289
357,1.0530569334556503,0.5298594997465003,1.8397336027931033e-05
358,2.413496968158938,0.0023201644604924354,0.05318116392173522
359,3.123450579580549,0.17250661248529298,0.08478591188696782
360,2.1825314551358588,0.480129481731872,0.03765893024859679
361,0.9985005597740155,0.3379216694381313,0.03473560235720541
362,0.9231421564203401,0.12301773037122388,0.030156796872404357
363,0.7233499172605775,0.4590865429970705,2.984907061787112e-05
364,0.1639963175248056,0.7490085143027869,3.317586460838129e-05
365,3.6405846060234808,0.3141419527981384,0.1462127738429615
366,0.34387884728042195,0.14208355309582998,0.18644925816575153
367,0.7773887411202622,0.5475944437967115,0.028282997607249172
368,1.2816889489515688,0.21670927569681453,0.07849532686401872
369,0.8944613644236199,0.2003477490277703,0.1334574756943212
370,1.9320458166106391,0.158609098267263,0.029855929642277346
371,1.0075055968834477,0.1250703003644631,2.5157832556743642e-05
372,0.43029797947136217,0.0031197702749636846,0.02879461593129662
373,0.31584224407811234,0.1996965291702395,0.15099689917097692
374,0.6953825575641304,0.5059836748833888,2.4192273439638257e-05
375,1.6199631381161907,0.2762209230373145,0.14501805776362886
376,2.009295476092575,0.24062955503757166,0.10175604723117004
377,2.350306988580087,0.0020604548588352145,0.026042913355759367
378,0.6652062455845567,0.28842224535712546,0.058288979833896803
379,1.7721294722977063,0.18165329312565603,0.04562153997563456
380,0.6398007680975297,0.16957379289941343,0.0528502207192858
381,3.2725925671347795,0.19161306745213835,0.26859831751040986
382,1.9120748458708476,0.5858367056299443,0.0387268400060492
383,0.9290370104844214,0.2981299074203818,0.028029391746215992
384,1.3831467644165514,0.10963149812573647,2.031992309170505e-05
385,1.0257798079879876,0.2029157514734976,0.07620934624077336
386,1.0147184607619693,0.254158672301223,0.163509759727841
387,0.9267229384741285,0.13862650145241417,2.0904809346689035e-05
388,0.5461285777152511,0.019686059247256082,0.1665914233820871
389,2.1320454534652526,0.4167382863386564,0.12965091281692764
390,1.7264957495996214,0.16576462953074156,0.1034069386193508
391,0.6842480489995921,0.0011667053845911823,0.04789033927348996
392,0.8252697822784683,0.3282469488720565,2.8555644405514613e-05
393,0.713095470840301,0.0008380480011851432,2.3393239345637085e-05
394,1.123147018060422,0.017564315328939983,0.14929117075151055
395,0.6285624622748571,0.0768788088761525,8.702694517737086e-05
396,0.8980591007409657,0.16638845108568034,2.180915311456033e-05
397,0.8362221238420773,0.10209666401194539,0.04045163708013888
398,0.8484190493921915,0.09716333104566388,0.08098510300603223
399,0.9888876609265935,0.19173104024003607,0.14149539668017397
400,0.9529612206296179,0.17519041597080331,0.19727272741442547
401,1.1555036280886384,0.0020419454712197194,0.1482256202059915
402,1.0282326848144976,0.2322305507389828,0.04148353672442795
403,1.0282610175988793,0.7735878320644929,1.3661822450217187e-05
404,1.0569618247868675,0.3337692822565188,0.05822851875453239
405,0.9159781020587161,0.2725686309291788,2.5554953300144234e-05
406,0.217923896017453,0.17993075396578817,3.4911196827636104e-05
407,0.6035846517813752,0.370046484501799,3.0804215015223235e-05
408,0.9132011351534572,0.2170010986947304,0.03551284165087765
409,1.3561888563523326,0.33822842001136877,0.03732937873355979
410,0.6341934858299965,0.3587568691446421,0.03912420178574649
411,0.5304601077723134,0.1894021870618019,0.018257876602177703
412,1.2950176075114541,0.03233321611702422,0.09146735706131182
413,1.3593109300663855,0.03607737115692089,0.12558265893138554
414,1.4418100056478806,0.17111110612139058,1.7636232414020014e-05
415,1.2172586086412593,0.7220409654366904,2.0003939340540455e-05
416,2.8619727488473927,0.22575234788662613,0.07648752638091594
417,0.9891623452517138,0.21734354648712895,0.0809033060890414
418,0.7541364248166929,0.19680986381516163,0.22658722238317353
419,0.7812385204943553,0.20276811435578423,0.043828985851192215
420,0.17223448434330635,0.36560531763681325,3.8390171948066154e-05
421,2.1145207771878063,0.6382451285274442,0.04293703426053952
422,2.1076140365228184,0.6192248053694271,5.6016471006614665e-05
423,2.333739858318495,0.2771663952739516,0.16830646216149603
424,1.9725868249925043,0.3519993565250701,0.1165495566802548
425,1.6728707820024056,0.3740832386510107,0.03757669700681987
426,1.7132379299116565,0.5782238500335808,0.035424331240925255
427,1.347631461144772,0.30165995230016307,1.4066882688013038e-05
428,0.6921340233811293,0.15234613720347312,0.060862664898749586
429,0.9184108875206789,0.20256090139602634,0.030179780413085666
430,1.3810241885956884,0.22215030222100296,0.08091942088427828
431,0.5405878183958066,0.6782166547075406,2.0318302464517046e-05
432,0.4332928661394959,0.14184519100494697,0.018623080914721868
433,1.5845126851995701,0.3753394400779442,1.697324526261923e-05
434,1.1081797946474126,0.001065532959103166,0.032506394055396015
435,1.2575489499535024,0.45278505375050315,0.12406801674752899
436,1.6816408644923513,0.23347572535895722,0.029862940610776434
437,0.6050836590222275,0.3466313324993564,0.033949654735184964
438,1.7090138476004881,0.0023152701425459554,0.0455801047466835
439,2.148211463497546,0.11110704666200633,0.1776044962501686
440,3.096364793925659,0.1449474576284473,0.0789756859836217
441,0.4083084073358805,0.20119810516332137,3.113134987842159e-05
442,0.25651683531603453,0.5197230416913783,0.04870152327307409
443,0.9141826616412345,0.2703633365071454,0.03750952104124394
444,1.3539301995371034,0.15990337688562306,0.0883771563774971
445,0.6251617795517177,0.6399448333431792,0.043691311444934655
446,3.8848877595701197,0.40652908535653864,0.15985422941201932
447,1.0105294149362862,0.5241961240168678,0.0368449583375039
448,0.7989731127795494,0.7011272684583574,0.08050179101086741
449,1.2627964051129084,0.007600003685332979,0.07019406428504738
450,0.455964210102195,0.35103432145882607,0.022426025060909183
451,1.893875539837552,0.47967558561900603,0.13858718890086408
452,1.9366201184741385,0.40451992021168337,3.32649799119622e-05
453,3.066370731163488,0.08061574758467316,0.10081927398281465
454,1.4269802951441761,0.20634472391630965,0.056813726785087226
455,2.8608267964268634,0.9683048974156776,0.031603660793848576
456,1.4265633526861734,0.0008987859218763106,0.06720813902965261
457,0.8758132879743243,0.5428978729952973,1.7067056866437724e-05
458,1.0567741901598993,0.3421541444298697,0.09539475334766934
459,0.9868035565255013,0.4136933700172847,0.07809878010370497
460,1.0891651665671134,0.19955296834350378,0.18112271147771253
461,1.5118525128136184,0.021728509906701277,0.1468070455890853
462,0.7862200989253552,0.20988105354810216,0.07361226722700209
463,1.286798491056743,0.00838557972225118,0.07312042368633165
464,0.2571843618165417,0.25615449111360533,2.7852991859589338e-05
465,1.1984163440552038,0.4345097172873622,0.039567827892000196
466,2.0869874408510896,0.32734824331470946,0.04099117528212304
467,0.5233005925368843,0.6406924222936254,0.02957194358184978
468,0.8589410572105862,0.18319976163309093,0.14715897840473957
469,1.0936354021101238,0.5838037438576862,2.1129045713053074e-05
470,4.499862389496002,0.41400368473327376,0.1269459576217855
471,1.671297770772867,0.43218768177794686,1.994196340859844e-05
472,1.863185022121229,0.2635049989814462,0.07252945866051874
473,2.4448242565406417,0.364005371060415,0.12954423325881237
474,3.711155925885805,0.127865950311417,0.1501452144262032
475,0.8028679482876555,0.0014857941965900068,0.04651134104540944
476,0.40780885631465935,0.15745448746823598,0.06317914090936938
477,0.7515092088052597,0.3349382343177112,2.4483178478362788e-05
478,1.0438894763135522,0.1802968153193305,0.08891882931901662
479,0.7095817797228392,0.22452367659700911,0.21077777182745905
480,1.1030897771163382,0.006269481170669167,0.12791690639947362
481,1.8408251161538374,0.1361273023166234,0.054417362480529974
482,0.7136996937892377,0.5427849618548493,2.5173713549264676e-05
483,3.6491468627582435,0.09423466222445143,0.03545972631600591
484,1.2964342730221006,0.6025982236687781,0.07733445840148079
485,0.7832552595644984,0.01879273719865182,0.18186044593789674
486,1.9753234560864712,0.40720516072691737,0.042220413112737276
487,1.4411099519609252,0.20833975809334504,1.808368256561721e-05
488,2.2959275251975555,0.032995049436941315,0.14658071059309918
489,2.9246561181184916,0.6280510377153661,0.1309767143310836
490,0.8063973568137044,0.12533853263073524,2.424689546032255e-05
491,0.9973604299739236,0.5992488426882758,0.045946158481562804
492,0.67954260083863,0.0011940383708761715,0.024166433745214988
493,0.8415003829192074,0.0020572834456089595,0.07735888650624645
494,1.2907121670047559,0.4811903541102964,0.08687002911502617
495,0.7910159968230914,0.16789694029100843,0.04243123305500163
496,0.7067724864837146,0.585450032780841,0.10179065530984133
497,1.08920265949871,0.1460713654236443,0.03422585915097898
498,1.0597380519353692,0.2329673680451947,0.1443338690689302
499,0.532114743360637,0.40125350823930717,2.519705488168711e-05
500,2.1025186378797116,0.8262221379356589,0.0768384431441973
501,1.5163417329366666,0.19991617265273476,1.4961993709761146e-05
502,1.0929957503419985,0.001232237903963096,0.08114524628884112
503,1.10987122789129,0.34605383135181,0.07328355004390019
504,1.2738784531354668,0.004626844977188682,0.03725079727772851
505,1.9265377323908979,0.24877993838292412,0.09355605066586747
506,1.4594301949547344,0.11887291431722247,0.05465350980750827
507,1.2408523965890481,0.16980599685376774,1.7913870017594036e-05
508,0.4216697966442382,0.24706594583192043,2.918657107642275e-05
509,3.3829850423620655,0.2697168517919124,0.08475493777928023
510,0.6046815363390579,0.39046228250275306,0.07434946085725969
511,1.2356425565045583,0.33214901064263813,0.03899891353745488
512,1.461732960807126,0.04577337392484537,0.07472804575914438
513,0.7478167645784879,0.5811895001944976,0.05033972507772688
514,0.6573542858805581,0.5650477071480324,2.6609902654683992e-05
515,1.4837443582782726,0.6382899591824298,0.04764315453736856
516,1.4234897504930473,0.11890765801175007,0.032488877765754154
517,0.7152562983810071,0.38911835859208566,0.13120583096650051
518,0.5658094851588658,0.19914877469096837,0.08892547952758534
519,1.1568148150861362,0.11438078225835824,2.1334582598342422e-05
520,2.572139293409066,0.22258259180279083,0.07984928218967724
521,1.1597236242209874,0.0008260372713522202,3.903512582681401e-05
522,1.3321967234365957,0.14124646134151675,0.0828662369172406
523,1.0867043585985243,0.22165505372727523,0.08319892547830676
524,2.0159650854582196,0.1022817379076173,0.034439460788384224
525,0.9780519561211349,0.5054618788489122,1.6725144632800948e-05
526,1.7238913581767292,0.2560012755904353,0.07234481312766405
527,2.0116675019007744,0.44543989298087894,0.05295613413763789
528,1.3537901045305034,0.001208193751779163,0.04900570874275445
529,0.6776521764019208,0.4404048622248169,0.05762672520312151
530,1.1329997638578106,0.21975006353990167,0.05713312282819061
531,0.9806205133759249,0.3166577788585343,1.9005516566750202e-05
532,0.3152983454774301,0.15270019030948845,0.10296197401647333
533,1.8908568871029274,0.26635894161996276,0.1194866357874318
534,1.2392657505459965,0.41391647532225306,2.166804995340499e-05
535,3.554363742703572,0.28921512234207114,0.05713770042044075
536,1.9595329152834893,0.3298965585013178,0.09984875294497186
537,1.2561090492849871,0.2226547190260746,0.10481954738416732
538,0.9051466878322572,0.16514138436576076,0.03939267394090962
539,1.9631363082503412,0.16263496393324317,0.02895215078577351
540,1.3816323304733942,0.20886380368880708,0.13613424995736523
541,1.8271788506835946,0.23390807519621148,0.2165766173347521
542,1.8043904982519052,0.0010864734649800312,0.027615078183941932
543,2.058837283556727,0.3319425976878492,0.06425842916795688
544,1.9954039382878364,0.850362057657378,5.037947548203192e-05
545,0.19017118546423717,0.5908496940495525,0.04584651185114197
546,0.6777646881083115,0.10437728165207005,0.04119731620565403
547,2.1109731262956757,0.3811705369040368,0.055073210311171295
548,1.02830466458704,0.40708736477407115,0.028752379258008887
549,1.3027703449849923,0.573252721255912,0.03816779307092588
550,0.17088499918168054,0.18811452572778364,0.054201093122237864
551,1.6505454367174934,0.5216519952921743,0.048102106683934664
552,1.013805417788035,0.2050461868517317,0.10617097438282741
553,1.1292875361990014,0.013230557376950003,0.13253701701106735
554,1.2624613803657212,0.2357572891792259,0.08765923707700551
555,1.3924377668043917,0.25809996965821824,0.1445710010368586
556,2.0050662503897456,0.08949921507213077,0.1768577620771552
557,1.4839614110903199,0.07792254844435575,0.2285644072751154
558,2.1304560901194236,0.6248146931307659,5.101857366440754e-05
559,2.264224419918719,0.32310310414848686,3.84986724668579e-05
560,0.9572221436999371,0.18907992835170262,0.11921252719785258
561,1.422587088304681,0.23073792184377595,0.13908778573415503
562,1.7720705236500862,0.6990207529457848,0.07059966408176876
563,1.2017078708028066,0.7198740193826723,2.282096416905688e-05
564,1.963193745894273,0.4821409277190867,0.13637793882560345
565,0.755202406094952,0.16689159147521337,0.03229704548189716
566,0.9743330565763699,0.45905369888245673,0.07941836924758405
567,1.2422097137802552,0.15162830233423819,0.0320460790744832
568,0.6119608088382904,0.0016031319972498181,0.0568399396641297
569,1.7938039070509149,0.1739958696708399,0.03342053448889715
570,1.4971549323323643,0.6065631350172254,0.028661392466833746
571,0.9182165715696442,0.24646662113791962,0.1270824789860825
572,0.7649182196000197,0.32031310880027775,3.376054084469615e-05
573,1.768433903828054,0.554879913213675,2.9283801026736e-05
574,1.3522328850775693,0.5268224478028358,0.03796460664467105
575,0.38664280990462885,0.1466928877154885,0.03679131645259659
576,2.6476227488069526,0.6797175522702332,0.0892430428083344
577,2.6106788807073826,0.1736906099817972,0.04457899955214373
578,1.762626507834625,0.181482686632215,0.08135229846812209
579,0.8548641359552676,0.325124284072146,0.08558554563479248
580,1.593991664032501,0.5580612716460109,2.4599790144463896e-05
581,1.4221937528609487,0.36716961298331796,0.08537739596857108
582,0.5673596307425441,0.5383059354648481,0.03277127649610634
583,0.14832567635545502,0.2754789714052919,0.05476090771244202
584,4.504090715473922,0.3080225379495687,0.00012143096965644418
585,1.2359821891583351,0.02675695363311803,0.07997220445946596
586,0.8459359344478514,0.1947262152099114,0.03374705208414497
587,1.2621116809278874,0.0007424944035605563,0.032557718038674466
588,0.9472704459386705,0.21488274131007756,0.14337290441029893
589,1.1710845077508338,0.2021895368291453,0.03517918597835035
590,1.9556316686168884,0.24215748077337906,0.08898348090286134
591,0.7143111561157411,0.0017090619977153665,0.07700365480489424
592,1.592876354354246,0.12486143180096576,0.14083849938491255
593,0.8096370652436065,0.0010551197851711436,0.00030875901189375554
594,2.871302794887697,0.5299967729578725,0.03453987955690252
595,2.6522080734630435,0.5024882151587917,0.10588617240203746
596,2.2150174007056194,0.5672053726842989,3.8413863073571974e-05
597,1.5406580557565803,0.20019014645684052,1.8359184100091852e-05
598,1.0688375777046986,0.1116499051228601,0.08823605867982565
599,2.1110970040219854,0.4059680636968608,0.06279875512998956
600,2.0302815092125,0.4833203621840738,0.03025998094348381
601,1.4357498173401382,0.6342137154529652,0.0547191440304573
602,1.1970340126538304,0.38764987328719513,0.04669856506718162
603,0.9386388321521508,0.1940900351953303,2.751493857999776e-05
604,0.9114173419922054,0.17418739459317578,0.0848208136082107
605,1.391386602278942,0.21677181931352152,0.09523624205963444
606,0.9000686858585709,0.12136289736490369,2.3330269492305433e-05
607,2.7731580095176014,0.39519848272921365,0.07602303208839345
608,1.0068211689532518,0.42048907593145657,0.09140497141846282
609,2.463720145080856,0.6688597428151724,0.1070963669160605
610,0.8669538605362277,0.3187093162033463,0.042483896650956865
611,1.3906611675828913,0.5788291254376077,0.05265526041740998
612,0.36729398435329585,0.04716042942729359,0.07198721749989545
613,1.602970493688872,0.36762587316354,0.04717204282418663
614,0.7336813869123944,0.2969536469205991,0.03849806735154182
615,1.3092554886556513,0.16814777840235706,1.9033194153195154e-05
616,1.487649415490523,0.8300060377962808,0.03472858809736579
617,1.9051230721884167,0.011615762379300065,0.08947276699829843
618,0.2571936577098768,0.4617689964482352,0.0720182325654477
619,1.5887792613117426,0.3599897454853007,0.09634967988501586
620,1.6931549017918428,0.020287469288057025,0.08286652111723214
621,0.8623603384687613,0.4236468894560801,0.08380696298802093
622,0.9599075847343101,0.18877624708353835,0.13269512145016904
623,1.211992472293673,0.21381991176991022,0.14730321698883841
624,1.5065398833977497,0.2278050497163946,0.06749875223011514
625,1.1252555924987746,0.0026707556326712734,0.06670096430871553
626,0.5132283806545956,0.203063405361533,0.08252202254519503
627,2.30622491935128,0.5918326443161135,0.07965060485376796
628,1.0044084910691709,0.400172366976534,0.09513735729505157
629,0.6989733811226415,0.41995632121409443,0.049639047307302064
630,2.4621869190327743,0.5979692310424554,0.0590621236367781
631,0.8643390808022673,0.13667673010489523,0.06388072261207611
632,2.296124323095455,0.25650635747548733,0.07347185847653748
633,0.6235166689326661,0.3484065202240956,2.3244833997182468e-05
634,1.5053044776628894,0.002735689552707754,0.04019291367165323
635,1.6727160390818199,0.37235067933917776,0.03353263736474332
636,0.6474459198514637,0.0766541697580223,0.04379755101830085
637,0.6854281153410682,0.1691697418820084,0.11928828846977524
638,1.6232022982851504,0.6055366568796572,0.08798128510279923
639,0.7869945708466446,0.16547226857998254,0.07220164428504461
640,1.447807618511547,0.04857899047591019,0.2905126301127865
641,2.0303992136934994,0.43251617059139846,0.028322091796759707
642,0.7310426420069689,0.37286526062698044,0.037511013607471
643,3.29727807868494,0.5523878875411015,0.05084465763257384
644,0.8516080634408922,0.17701189103936343,0.08382558425645925
645,0.9897733763126553,0.15094343576982538,0.20025449212707258
646,2.134256146130383,0.001522553763258827,0.0346220247642286
647,0.7289740132852671,0.34813020369544745,0.12850878384112718
648,0.8751985230019272,0.34611365775950986,0.07080615723295125
649,1.035412213438235,0.21230534018318536,0.10136767015846715
650,0.8552418834528339,0.1672555665415203,0.08449305660504436
651,2.251072945847227,0.021184792527080276,0.07187925138644857
652,1.3411648431845151,0.0013146987417798073,0.05580419501463396
653,0.6278124989642038,0.4866069688419188,2.5603872447987897e-05
654,0.9332547990157423,0.16964410039219757,0.05816391184355041
655,1.508759923170544,0.3602994980735872,1.803098604113984e-05
656,1.1374095244389082,0.3170998046689917,0.11951200090207337
657,1.7272488301368867,0.2697851916146945,0.09506310092188386
658,2.2466869980924002,0.24284606558968136,0.12994364890888477
659,1.7574408463901818,0.5899807886481625,0.053789179457460534
660,1.2211540316783385,0.39729860651969773,1.6930263445402716e-05
661,1.5131300127573013,0.2132942346219977,0.03295701936070472
662,1.5546248045003779,0.37372438576421274,1.873038696231788e-05
663,1.347239797410225,0.049546294082169595,0.1285854200643861
664,1.6640777869884005,0.004123297732483877,0.07839138508323629
665,1.472722985769451,0.1478327705262643,0.04178411973199303
666,0.9176470920342439,0.10956823011449046,0.022292385943206483
667,0.8251842364486492,0.20312626374565923,0.07329059653975278
668,0.7275443012944152,0.09940026059398832,0.0365841026423297
669,1.4187826815308426,0.3803152230540974,0.03341899174718321
670,1.5247733780751105,0.19795012525504063,0.09050463049134905
671,1.4873314514686626,0.7342751328709909,2.4897257162592723e-05
672,1.1672192933903034,0.17513934703974599,0.08462018026635576
673,3.0254586288383507,0.6972302260597871,0.1120433410597741
674,1.4509690989356159,0.3976608651538811,0.03135780372972263
675,0.4264316222106288,0.36063390832218545,0.03131345395686225
676,0.576106754626295,0.36771095536752085,0.08955228884277489
677,0.385287520815325,0.16724410325817018,0.13364811349929795
678,0.6496352045317906,0.26473648672916994,0.10688454164191086
679,0.9801876990824212,0.20317659900503315,0.030919619095726603
680,1.700620803628965,0.01931491453410672,0.06338941024120714
681,1.0649288306210565,0.17375647417528484,0.08855605364292174
682,1.7818725001391158,0.19847018839922015,0.06915257527484897
683,1.1263054301203965,0.38844844669622347,0.1168880401065735
684,0.8474757677270759,0.21715982773029197,0.09582514460340974
685,0.8078891109967117,0.44116623573709646,0.0355676597338892
686,3.0751555419287797,0.5698924844060116,0.08928942889686198
687,1.2667674261857655,0.26358451038500164,0.11032716271609999
688,0.29250770632698675,0.3763115448106973,4.315368766327765e-05
689,4.8657896692598115,0.4664935673061166,0.16784095716242575
690,0.9439308574030747,0.2953059525027797,0.0383396661938491
691,1.2185338897103861,0.2054955902216804,0.12860384612198317
692,0.8331931767085621,0.25189361903972696,2.322642782104367e-05
693,0.8761370605951697,0.5998709443859553,1.955721738511329e-05
694,1.1078916504892504,0.18764538696004962,0.10250877014312465
695,1.5827710568793236,0.3915884542425445,1.7991763620273105e-05
696,1.3551271742742301,0.14767217254188836,0.09275073191951577
697,1.037187568589161,0.01915236232285622,0.15280599515983795
698,1.0444868899684252,0.20099083619863478,0.033116975738636256
699,0.9028979599589775,0.2677170046985822,0.03775887530296984
700,0.9982217880896087,0.018501092723553825,0.07895586746688821
701,0.16726805957756596,0.5940988998246794,3.521113445970059e-05
702,3.082512767869275,0.03307358495055723,5.704540271267433e-05
703,0.8419329389108157,0.00218114837392136,0.07134769509519856
704,1.2040950777872013,0.7561761586309217,1.8049443340828475e-05
705,0.6414515942814489,0.31339289151331684,2.7976817925434716e-05
706,1.5527296848219976,0.3830722902269059,0.028002979808182005
707,1.5171559778644905,0.029007004135145564,0.08849588417020016
708,1.0705192943751172,0.4120183966380324,0.03283827455311439
709,0.7354510435371253,0.21519496948923234,0.06660228353416997
710,0.7769078755820829,0.021185427308878957,0.16435693062420142
711,1.0575988335755255,0.17144220663747234,0.13789186817993482
712,1.3988325882621098,0.01303330113113077,0.08083213393478417
713,0.6486946546805967,0.002253748721599891,0.056869497945228886
714,3.2549822738833427,0.24514036404988815,0.047659135293102395
715,0.9871347892170661,0.16772385536049228,2.1852509970443634e-05
716,1.4655825838154897,0.3159925269678894,0.03242486099954789
717,2.1126608237574374,0.03227958675616094,0.12342730023573267
718,1.5227792234886692,0.012471540034326267,0.1004637097016996
719,0.6278237249251788,0.3140085301470492,0.08053619205001894
720,2.5654706488076044,0.5059715788590466,0.08583279636392405
721,3.7505031464188505,0.14378233666842277,0.09295180426121874
722,1.5178363800334864,0.1554166979863396,0.1100473263094841
723,2.332071356425786,0.8439665041990452,0.029561996335282004
724,1.6827856636323304,0.6088628807102623,0.06558033094560756
725,0.5192503365153982,0.27179150772223437,0.018317755173129058
726,0.5700102076191342,0.21931701767532275,0.07953508449448066
727,1.1773720542964554,0.38290096442522525,0.03723871805157586
728,2.451922090064272,0.1992564594470423,0.19485475934897067
729,0.8212398409000343,0.20943339717801734,0.07683250781703066
730,1.6239237439652925,0.15209681641469786,0.09682218811652632
731,0.45443973351780187,0.004723128105354135,0.08166109711462255
732,3.7039298939957916,0.5429693333585419,0.09811345420789053
733,2.2914651113710534,0.47888489709137616,0.02648441973715876
734,0.6663530948601419,0.5603229103905818,0.07128166488294951
735,1.4981893186916295,0.010739125453490317,0.08488285272916585
736,1.9947048434730732,0.07844401231434261,2.1394428532772736e-05
737,0.2539149537843173,0.5609185112965775,0.04886901809930677
738,1.1502614500344066,0.16141446951422367,0.07750880732874421
739,0.4809951031656112,0.149511869900536,3.222040980332963e-05
740,1.1413292260372145,0.42831385464558736,0.04216099319029354
741,1.1453562108345068,0.32281633726228165,0.09544598468341547
742,0.7926999126935357,0.28814656055140375,2.404981785275595e-05
743,2.034870676877631,0.39284200044823336,3.154312920727875e-05
744,0.9828056900708475,0.4194639476878166,0.04033230613276473
745,2.4494911582884242,0.21614686478115175,0.07556159681954
746,1.5158036871770832,0.42914745303662016,0.05572342222856008
747,2.587438364477066,0.16767484198402371,0.03084222346283383
748,0.8518407183397585,0.018316635964445993,0.12594205683273074
749,2.4067019717291487,0.544225389420987,3.981126346275232e-05
750,0.7397235726040208,0.4820541576916213,0.03597415639442403
751,1.4902595453115737,0.018370801111068147,0.07177540551515449
752,1.89466902789286,0.3899013893720422,0.03691133544513292
753,2.09606392368957,0.23553210917670242,0.08402518974290274
754,0.47542589412111624,0.18882332998425966,3.2287875530556676e-05
755,0.37269045743528295,0.21078420120284136,0.12149238744673596
756,0.4853591531439747,0.3014083587104395,3.068136159356527e-05
757,1.9397820471183422,0.6090740977428908,0.0330364152956264
758,0.9120640063694054,0.30334078908851936,0.04661143783068766
759,0.8023119507009824,0.5375749666789176,0.035908799274238845
760,0.44483435405527416,0.19132873018029528,0.08418077926867795
761,1.7708953954130493,0.22774881826357785,0.10403479035140606
762,4.111083584016683,0.16240463475949696,0.12081772789167644
763,1.3746256123263265,0.3471368284080114,0.07837562252694497
764,1.8247018817151002,0.236011435049015,0.08707575442274873
765,1.3277793241981044,0.5451494890958344,0.07879699458065659
766,1.2988055069469056,0.182467524662151,0.08459012553551304
767,1.7212583816879032,0.3841629194498424,1.9214119028276855e-05
768,1.9393842754685693,0.43609316428866407,3.082280754540534e-05
769,1.5565178320661062,0.0021535813141255744,0.03670329798870853
770,1.0986907470974359,0.32995985977734676,1.8279237501417356e-05
771,1.959590628705996,0.002001872671975491,0.10203928588255451
772,0.593263003204811,0.38107465550287856,0.08941164721531081
773,2.144903615252133,0.15496935470676476,0.14052101280422136
774,2.356051302442893,0.11654237952224378,0.027837852119198203
775,3.1465861328756546,0.6335176937313918,0.07073510367271751
776,1.0229265925093216,0.0012645064841265707,0.02815208661073143
777,0.7577003663360244,0.17322121478589736,0.04704742733762046
778,0.4160079101542351,0.34924481127711715,0.024455273802310273
779,0.8876253766484581,0.004849876967952582,0.11188205092051362
780,1.3315790285354865,0.4342895225599648,0.08632495796145889
781,2.1479421668805116,0.2507785916959264,0.08592438444883754
782,0.8684584555902575,0.17309110734892386,0.0496629996972473
783,1.6021875835731407,0.1699146221047414,0.07274108600255502
784,3.324946357594854,0.5505886541818654,0.035076618822330374
785,1.3310935675980318,0.14405622465942258,0.04514793654841043
786,1.3174368817783488,0.023241676168808567,0.1548070278034075
787,0.8329625119747845,0.2489530952555583,2.7143791644590465e-05
788,1.707615085852467,0.2340859148753367,0.06690754485430261
789,3.1659817384800135,0.29017689350602893,0.03763387724330869
790,0.9036285748447881,0.13953309084287469,0.036574642798392176
791,0.47837812249429135,0.5675065656314331,2.8357339658668934e-05
792,0.8934785448906837,0.1098271033470013,0.06638236004076958
793,0.2486550183545546,0.3401050629832838,0.08800864533650454
794,0.752439018951577,0.003049207262272091,0.08637081077731068
795,0.8743177743208435,0.13840382285577846,0.13123285497087522
796,1.1849067542627836,0.36746372448521925,0.03358481540199065
797,1.1545770219727274,0.4360018090021853,0.03879594150960486
798,0.6649130653478323,0.029720544093464696,0.2365164407196403
799,0.8965130471077032,0.16976322805587785,2.1830465186667425e-05
800,1.3812937088010813,0.31916975689220806,0.03361086103033628
801,1.7771704487294073,0.7494467003016467,0.08030978480753959
802,1.0361340104477108,0.0038724227148634327,0.07280194985129285
803,0.8597106599596032,0.21440041353673678,0.11760328144392673
804,1.0316261898284438,0.3983040447985502,0.08652679338023717
805,1.6544018278323733,0.39267682606415377,2.5350680470381803e-05
806,1.614391931305363,0.4036377378996576,2.1615088911630664e-05
807,0.7275898988220604,0.19770008006283035,0.04061174472249007
808,1.4498242844578044,0.17614742131568306,0.08586102842631504
809,1.071975027954295,0.4345755392612176,0.03579172083379589
810,1.0112315963473577,0.0015250578104542,0.07796402956713422
811,1.6133818692610475,0.562196990644459,2.664464698654001e-05
812,0.7127394722289182,0.1099190678193196,0.03229513557012709
813,1.0597889195267953,0.22689805168524657,0.0937907406887657
814,0.6310741662820192,0.21745129531388585,0.09825815508020241
815,3.5460564466616233,0.7128630018017077,0.09373457587277301
816,0.5837992786929362,0.5247785653836132,0.048775955871720456
817,0.7815854511694624,0.15512541744286068,0.09080563360572569
818,0.7193681250058717,0.2066908293989016,0.041002650922063566
819,1.7229264796946495,0.05403229121148456,0.09637111629336914
820,0.5001264163873032,0.374738264876207,0.031440571944303386
821,0.8166591252580702,0.0014903150174347957,0.08395598798327342
822,2.6638050946619387,0.11240584652469465,0.07960078200024867
823,0.8809756565539146,0.11742616295345698,0.03865497057268641
824,0.6648334982172628,0.22282131319017395,0.1186437644641316
825,1.7106189429972574,0.07068746496836553,0.16935946437726557
826,1.9432099408577415,0.2902845467836457,0.14164823841973373
827,2.0012285245179555,0.41774663092729725,0.08403662918502164
828,0.6842161267715028,0.13778140460138388,2.5754949660949933e-05
829,3.401296918860453,0.09595738857193936,0.13902178587886738
830,1.7249146718669408,0.32740083922159613,0.04729076413243405
831,0.5096846491085785,0.5177336693868355,0.03582785089954399
832,1.3033480430547115,0.007882437395856812,0.12172716633730474
833,1.2719845158584349,0.3957202562900335,0.045953656734702975
834,1.0008153497501553,0.1608305531154386,0.05630703448984775
835,0.518197419358188,0.20331016050694473,0.0010481663446313405
836,1.722600855401197,0.5791073555547825,0.042846193546846933
837,0.7878181215940003,0.09006176834277824,0.041617615262453
838,1.5899974109652248,0.43417339046823145,2.071260533753616e-05
839,1.031436155392612,0.1396035763926875,2.684955496334851e-05
840,1.3523694725289488,0.036555573206221936,0.18905231486176177
841,1.2949368380598116,0.3177546734936527,1.97427023422847e-05
842,0.913353958489779,0.2263148593013966,0.12537285559184852
843,0.6209842510356225,0.17310612819511562,0.06499150373707607
844,1.6451599015165925,0.45874436623205384,0.033212349870073155
845,2.3423741474946382,0.5642063636277896,0.026866278390670573
846,1.3553052928770626,0.2760994640552781,0.028181061144124442
847,0.9596516416227416,0.0010327621306771562,0.00024076981661735886
848,1.7084300691985845,0.2063588472249407,1.734536692055144e-05
849,0.9966862543662955,0.0017680845685887903,0.04350922181851047
850,1.611415760607315,0.3677859803768513,0.07538288264124304
851,3.124804505475481,0.834638198343157,0.03529623311831642
852,0.6032876103773219,0.3743577119334134,0.07200037281621974
853,0.9836637872289202,0.25028664736341,0.11295292257964462
854,0.896142780208379,0.1600786857916816,0.10772979890820977
855,0.35271681650425535,0.2048906901859624,0.023252139644093006
856,1.1368153630809275,0.5681140486542731,0.03592980795971101
857,2.0863804386974607,0.5265200296536108,0.029931450303770646
858,1.3298797295703935,0.368095999155031,0.08977647420829626
859,1.15550931554003,0.3702798319630176,1.5971997623154266e-05
860,0.9304539273517776,0.43411063099781444,0.09107792578721075
861,1.5212168646291957,0.29443897544940967,1.9397679931643097e-05
862,1.8717477935063016,0.475257482605592,0.078910412321747
863,2.844867979531273,0.23422078430900228,0.04235042972878489
864,1.8347508535304087,0.0633833561037278,0.08204303864531681
865,1.544872721108959,0.42158178472834607,0.07386999433899177
866,1.4854839350455222,0.6015786478936036,2.430204166614658e-05
867,1.3786473307689562,0.44179720956377366,0.16862456025590689
868,1.3851618120688443,0.2388362789891687,0.08904349236491527
869,3.5188732742574302,0.13937506592947102,0.13569504842345737
870,1.18619766254983,0.048161893086145824,0.12521203792324087
871,1.201236354329808,0.2446153088418228,0.08798605973326801
872,2.1282649346259177,0.10225762999827026,0.1001986021104102
873,0.41042897391452016,0.45779564491659386,0.04152063539496709
874,1.258271213675357,0.5857792480906312,1.4050193122727705e-05
875,3.0705118240782667,0.4886147549833737,0.03412304614532502
876,1.8537329790353851,0.38232262308648757,2.8890192172781326e-05
877,1.079975225009548,0.019737527190049065,0.14090523909957398
878,1.3094292895767694,0.2802356324077664,0.1478021185935816
879,0.5227652879430025,0.5255661100524165,0.0823323912327254
880,0.9103985895889366,0.17372641101374597,0.034881105396518564
881,1.7994254388565878,0.484667215023606,0.14061297766067327
882,1.7186760214231072,0.14303859124977691,1.746954974635173e-05
883,0.5255557261161243,0.548933634416322,0.049319727648338585
884,0.8636328186934179,0.01075804295420113,0.2033163607593913
885,1.7512408371155743,0.1462239638145988,0.029351977718214073
886,1.0431880105605273,0.43832077893704735,0.07693811532205785
887,1.4615398891456834,0.16757917272915535,0.04865193666080003
888,0.8671676389481036,0.4163739021355326,0.04960729831640265
889,1.6437993659142194,0.6025321517912232,2.3213380181630328e-05
890,0.15596241915488918,0.3413195937397262,0.07826760543601097
891,1.2138730408499896,0.2185410906289249,0.08651448175844934
892,0.859175127312028,0.6865436425634996,1.9820580991591896e-05
893,1.2807300613843609,0.17070710842729397,0.0894372897701885
894,4.0122578663640525,0.42811272749810314,0.18405738964177942
895,0.8317872323149231,0.43787774379388367,0.050908860434390135
896,1.6499446399236604,0.1839310616758354,0.07737666087849249
897,1.3269542748602703,0.20268490501266,0.2161995141689843
898,2.0185608240166175,0.0070845514692763345,0.0764847044117758
899,1.672103780999123,0.46914882657625867,0.08147386753405428
900,1.8708384411796715,0.45542968752236845,2.673018798304838e-05
901,0.4674633880262604,0.004284066838266654,0.23341700097778428
902,0.8316455118480235,0.4311436363835597,0.09913863247950161
903,0.6314800871235775,0.4782220314157968,0.03386714019897141
904,0.7739843117216196,0.4235940933206308,0.0515226135804987
905,1.7951402450840988,0.39986390740247657,2.112238607310246e-05
906,1.9090031523655853,0.20193879537107762,0.08929679034507387
907,0.9005467645000635,0.2038754999847896,0.12645273904931287
908,0.8901321509259787,0.30494348220030076,0.057086157996472764
909,0.4057405784878938,0.5642768314881863,0.10587921190965233
910,1.656391904183124,0.22860383505801707,0.07512257242089504
911,1.230150095292629,0.18773913259550312,0.07202379756200372
912,2.870909537756461,0.6056627192991471,0.11976099490742342
913,1.0297801860765503,0.19154797325304784,0.10304058050619602
914,2.9928574839295834,0.261703110797896,0.08735453192874587
915,1.9113291363803455,0.12406346747528119,0.05983590058957233
916,0.8983932733966071,0.0069587220203217726,0.07875446336510095
917,1.7059672702331454,0.000996880065571304,0.054430499257897225
918,1.6467275650406918,0.21136086006890764,0.031045035831660073
919,1.0271381290752117,0.0008176005004543185,2.7320065168368046e-05
920,0.6013001718614532,0.5187092760263567,0.06787354976482618
921,2.9341759058796697,0.8318318707583927,9.329776553101965e-05
922,3.9394525523915718,0.16355719940190738,0.12540242296500992
923,0.9098832531135486,0.6085564794942968,0.0980901568663235
924,1.1575544161544826,0.01363259289402663,0.038655359634418573
925,2.120719016444582,0.6656202445712012,0.045777785072147026
926,0.93204011993015,0.4361442093102639,0.0936592128360445
927,0.8407577831707727,0.33789015930489086,0.030717680307049022
928,3.8276373386315754,0.1108104549715705,0.03508251359107817
929,1.311645175985177,0.18022952741650755,0.05143613685687143
930,1.0647868689591178,0.3840144771677316,1.9720872757034158e-05
931,0.47763232157649327,0.6200366881731156,3.18607508447144e-05
932,2.327658348681325,0.41017749712155194,0.0812262860936741
933,0.2779107887530614,0.15179957714452286,0.03616709606824031
934,0.3701596420945634,0.001806562591418981,0.046807019469582656
935,2.2091040759964926,0.5143889566691229,0.026494403555162194
936,1.4995433875196795,0.5563624567666281,2.0308214711661776e-05
937,0.5857579808371725,0.41143225852223253,0.03792975175769442
938,0.8101386341407704,0.0009274575885456215,0.008780492515356286
939,0.9127893254559467,0.31885413454335776,0.032310072057711636
940,1.1107202155443474,0.23938309951365966,0.12505070061286894
941,0.9094941594036072,0.001286369050191638,0.03825305254006395
942,1.1617561580804932,0.03904231462905017,0.08793377028710836
943,0.48306498814810084,0.4309797558680799,0.07202247312546106
944,0.9826231356259427,0.23293936647365143,0.11375709473083262
945,3.225079546650022,0.26685372154921083,0.05729236156808781
946,1.6441364560666898,0.44087946804213374,0.12369966770852159
947,0.3245728081052448,0.35216737972920953,3.742583052712689e-05
948,0.56690731081693,0.2456798613277087,0.09255824358136877
949,1.2545595225939223,0.3750637911368955,0.049774865639392374
950,0.4292400792693911,0.34764557443556043,0.02414768480772267
951,0.9474948227363029,0.47578507004957515,1.514574389815948e-05
952,1.2264178426496528,0.2193393790520375,0.08756346839302154
953,1.0619904766886066,0.36795550382767317,0.040953411971457854
954,1.2259094267774913,0.12771847868791042,1.71519254124064e-05
955,0.7435497258791202,0.20712831034998658,0.1236272255797104
956,2.1165930564479822,0.1787474852082127,0.13297938812792154
957,2.09397508717052,0.3623115490944002,0.07166961980445308
958,0.8823204823538617,0.5131988201280251,0.04752977229783184
959,1.5598239087175898,0.0024796511588363046,0.06672379254305127
960,0.45369051303271135,0.0034866738980667833,0.13029692282504612
