,q05cell_abundance_w_sf_T_CD4,q05cell_abundance_w_sf_T_CD8,q05cell_abundance_w_sf_T_reg,q05cell_abundance_w_sf_mDC,q05cell_abundance_w_sf_mono-mac,q05cell_abundance_w_sf_myeloid,q05cell_abundance_w_sf_pDC,q05cell_abundance_w_sf_plasma,q05cell_abundance_w_sf_tumour_1,q05cell_abundance_w_sf_tumour_2
0,0.00017784704396035523,0.0016111015866044909,0.0005308929627062753,0.0008622133027529345,0.0019368142995517701,0.00022946360622881913,7.232932293845807e-05,0.00035065069532720373,4.918646430969238,0.41991964876651766
1,0.003422598831821233,2.399700438976288,0.017555355653166772,0.0018027264042757452,3.6411187648773193,0.0004207345933536999,7.106582161213737e-05,0.007911384152248502,6.088351321220398,0.02539876252412796
2,0.00015398654286400416,0.002511554304510355,0.0006277108215726912,9.074411282199435e-05,0.0001689263874141034,6.984182437008712e-05,1.3034393077759889e-05,0.0026012207730673254,5.340580534934998,0.004143115016631782
3,0.012740473775193096,7.054038071632386,0.011914177937433124,0.0005152709054527804,3.2008678197860716,0.000662030719104223,4.188931234239135e-05,0.003071284317411482,3.949778038077057e-05,7.603241429023911e-05
4,0.0016800825542304665,0.020799538865685464,0.00035929097357438876,0.0004521318813203834,0.0012686693691648543,0.00011081805678259117,4.37013506598305e-05,0.0015790510165970774,0.002196792862378061,7.8252335548400875
5,0.0047900190111249685,3.994484853744507,0.0024738423177041113,0.7050315529108048,0.0005829683126648888,0.00017882570246001707,0.0010482566780410708,0.0008647996000945568,0.06100863125175238,6.201971769332886
6,1.5941392242908479,1.7152494847774507,0.0029062120127491655,0.00021885891983401963,0.10154474079608918,0.0004309231546358205,3.908655235136394e-05,0.0005101782502606511,5.19843180179596,0.08281634859740734
7,0.00014606018012273126,0.6436188220977783,0.00012428277186700144,1.134342005570943e-05,0.00014650242883362807,3.122389916825341e-05,2.6375595734862148e-05,0.00035936711356043816,3.4640616286196745e-05,8.690623581060208e-05
8,8.400787264690736e-05,0.0021176246809773147,5.425040581030771e-05,2.8511823620647197e-05,3.420352816581726,2.3257293196365936e-05,5.279341785353609e-05,0.0004893747362075373,3.7782234358019195e-05,3.510022143018432e-05
9,0.0005860565375769511,0.743339329957962,0.0011938539566472173,7.47056634281762e-05,0.00025779913266887894,0.000240072536689695,1.823718830564758e-05,0.0004554210798232816,3.445169985294342,0.5945907264947892
10,0.00011964123114012181,0.004918236122466624,0.00040893509140005335,3.291110278951237e-05,0.00031435463752131913,3.5436553662293595e-05,0.0005220232880674303,0.000611008785199374,1.3532577633857727,0.041600839234888554
11,0.00020277342773624695,0.3184160813689232,0.00031861982133705167,8.857433349476198e-05,4.740198493003845,4.35714449849911e-05,7.505190260417293e-05,0.001048002071911469,3.7775391501782e-05,4.1991260150098246e-05
12,0.05141624454408884,16.002859115600586,0.02106251521036029,0.7225583076477051,0.0003391404854482971,0.0009753657010151074,1.1623384833335877,0.001275002519832924,0.0032576514640823007,3.5015025973320006
13,0.0034696532413363455,3.5858385801315307,0.0020653162151575088,0.0002843874666723423,0.0001671204954618588,0.00015386936429422348,3.785705339396373e-05,0.00511031688656658,0.013776322593912482,4.218181204795838
14,0.0002858143299818039,0.0014312016312032938,7.841265905881301e-05,0.00011832866293843837,0.0001303126678976696,2.1640687646140577e-05,3.972923259425443e-05,0.0004952591261826456,0.0001515707313956227,4.617551636695862
15,0.00026442674861755223,0.4381957545876503,8.779881209193264e-05,1.6141206197062276e-05,0.00021040463252575137,2.2538561916007895e-05,3.5002021263608194e-06,0.00039634826534893367,1.9555423750716728e-05,1.5517704014200717e-05
16,0.0006824637268437073,0.0054003650089725855,0.0044926780508831145,0.017760408762842416,0.2622147038578987,0.041986330226063726,3.770990915654693e-05,0.0006772160471882672,0.0386152034625411,0.00041995197680080317
17,0.00011872290924657136,0.002028405060991645,9.72490837739315e-05,6.118835681263591e-05,0.0005117244552820922,2.0146361202932893e-05,0.0003472951852018014,0.7163782864809036,0.11696384474635124,0.5024993032217026
18,0.003507848654408008,0.2758399069309235,0.001994408271275461,0.0006210567458765581,0.0016640577698126436,0.0005586675222730264,0.029784170724451543,0.01569922878406942,3.222218906879425,0.00445993363391608
19,0.000568374723661691,2.989620876312256,0.0010725259722676127,0.00012975432182429358,0.0002574257261585444,0.00013090610955259762,1.8373948023509e-05,0.0006584401329746471,0.0008082502288743854,0.00027610550605459137
20,0.004184676916338503,5.793515229225159,0.012586693279445171,0.00027582352777244523,0.00024216746824095027,0.0005843193299369887,7.747258350718767e-05,0.0004889778196229599,4.370270323753357,0.48441197723150253
21,0.00010399787934147754,0.0014994678203947842,3.6460845694819e-05,1.9377252192498422e-05,0.24984437897801398,2.030659525189549e-05,2.633666699694004e-05,0.0009931396984029562,2.382067059443216e-05,1.9822448757622626e-05
22,0.00011694342392729596,0.004541878937743604,0.00014266600192058831,3.756923852051841e-05,0.00019077040196862073,2.4947924703155878e-05,6.217729896889068e-05,0.00032190282072406265,1.8603497743606567,0.13741907253861427
23,0.0009653504268499092,1.3924054741859435,0.002252133935689926,0.00019244117283960806,0.001205383735941723,0.00012650712633330844,0.00042126669140998276,0.0021198442671447994,4.518199038505554,0.004513401840813458
24,0.00025969099224312233,0.0068493736907839775,0.0001339853675744962,6.797422320232726e-05,0.00038364732899935915,2.3346131274593063e-05,1.8962626472784905e-05,3.098501181602478,0.0003626620018621907,1.515733975172043
25,0.0011020536301657557,4.677916574478149,0.0010352203564252705,1.7113240937760567e-05,8.542244140699041e-05,5.193918204895454e-05,5.639145319946693e-06,0.0001358139968942851,5.0838348943216265e-05,8.385038890992292e-05
26,0.03440415356308222,14.140391635894776,0.022974415961652995,0.00044670008937828246,0.00012707726491498761,0.0018479167367331684,0.00013276265162858182,0.000634408526821062,0.11503842324018479,5.656868267059326
27,3.942104867746821e-05,0.0003786709217820317,1.971475558093516e-05,1.3987116835778579e-05,5.495787318068324e-05,4.987593297300919e-06,4.1458808709649025e-06,6.017986888764426e-05,0.00015182090864982457,1.9778267979621886
28,0.000157655179646099,0.0017975992464926093,8.40637665532995e-05,0.00045631579705514015,0.0010690559807699173,1.7766882683645237e-05,1.048765529958473e-05,0.0005533954972634092,0.622182160615921,0.9719263136386871
29,0.0012518587231170387,0.008151931175962092,0.0011370756954420358,0.0004642205050913617,0.9048626005649567,0.00024079606664599852,3.1037209191708824e-05,0.0003482890489976853,4.824700474739075,0.4034739166498184
30,0.003284203005023301,4.714942836761475,0.0029631273355334997,0.0002142849516530987,0.0002765740064205602,0.00016699334519216792,4.7851183444436175e-05,0.0012383410998154432,0.4212941825389862,0.0033785515348426997
31,0.03134204866364598,12.864024353027343,0.03127630371600389,0.0005573851842200384,0.841662734746933,0.0010920147877186536,0.0009702321811346338,0.0010163277795072645,3.648521864414215,0.005368960765190422
32,0.00861766659654677,7.9719517707824705,0.012356568640097976,0.00029241563606774434,3.1209933519363404,0.002944089157972485,0.00012016126893286128,0.0021820177673362194,3.9243743300437925,0.33840772062540053
33,0.00017349690970149825,0.003066367725841701,0.0001042093659634702,5.614128967863508e-05,3.720764684677124,3.731733850145247e-05,1.3136541474523255e-05,0.0003561025572707877,0.30655045807361603,0.0006260040448978543
34,0.0031129026436246933,3.2579802513122558,0.42337682843208313,0.0012998879421502352,0.0036022296291776004,0.00047173502825899056,8.261417533503846e-05,0.002566870546434075,4.198137211799621,0.09263865947723389
35,3.893176999554271e-05,0.001121243363013491,0.00015221440989989787,3.8518071232829246e-05,0.0001407401723554358,2.6976687331625728e-05,4.474763645703206e-05,0.0002573469973867759,1.3335071086883545,0.00814052070491016
36,0.0007113659929018468,2.6777656435966493,0.002434187731705606,2.1929879130766496e-05,0.00014397746199392713,9.373064895044081e-05,1.0933768908216735e-05,3.5512388944625854,3.3935859755729324e-05,3.9541782643937044e-05
37,0.00023496973371948116,0.5132774710655212,0.00015277124402928168,4.6733132876397576e-05,0.00015065039187902584,6.250227343116422e-05,1.8796982294588817e-05,0.000750398964737542,0.001220038061728701,1.5355357646942138
38,1.3503652095794678,7.156134104728698,0.004491194989532233,5.476379901665497e-05,0.46124874204397204,0.00057732647692319,0.00016091626821435057,0.004239221196621656,6.037642269802745e-05,5.6531574773543984e-05
39,0.03970389813184738,14.464010047912598,0.03129529347643256,0.00043516209261724726,0.0007319834898225963,0.000579216014011763,7.872083624533843e-05,0.002083509066142142,0.0025311861420050266,3.791824209690094
40,0.007952872896566987,13.29791226387024,0.007446921011433005,4.3684329648385754e-05,0.00017026849891408347,0.0002442918790620752,3.9663137249590365e-05,0.0004463810080778785,5.1319884732947685e-05,2.2802766216045713e-05
41,0.003136958042159677,6.997170615196228,0.0038579994463361802,4.9244313049712216e-05,0.00026066025602631274,0.00010488926891412121,1.0085450549013331e-05,0.000589097201009281,2.2186771002452587e-05,2.7692911226040456e-05
42,0.0021817952510900795,1.1219507455825806,0.008404921321198345,0.00014259408999350853,0.0010220587602816523,0.33882397413253784,0.00033281634096056224,0.0021942160441540183,0.0016590920451562852,1.9160823285579682
43,0.002261920750606805,6.1896666288375854,0.0033063579350709913,1.000694778561592,0.0006091433053370566,0.00016751777438912542,1.632530111237429e-05,0.0006442974554374814,8.746699240873568e-05,3.953004415961914e-05
44,3.4554279045551085e-05,0.00044222930737305435,2.20234412154241e-05,7.752350506962103e-06,7.398066045425367e-05,1.5185741494860849e-05,3.0557930767827204e-05,5.933091506449273e-05,0.0007125280651962384,0.8129635065793991
45,0.00015263134919223375,0.0052507391432300215,0.00013909807457821444,0.06852960102260112,3.1144635677337646,5.8477544916968335e-05,3.0865781081956814e-05,0.017496255226433277,0.00029872304585296664,0.0002550867880927399
46,0.0010673816606868059,4.188217234611511,0.0015471134742256255,3.056522264159867e-05,1.0017606437206268,0.00015522977191722022,6.368846406985541e-05,0.00040195940528064966,8.684169551997911e-05,0.00016762923696660436
47,0.0016267472470644863,5.553026080131531,0.0027069640695117415,1.2965354198968272e-05,0.0001647144825255964,0.00015103271944099108,5.258574037725339e-05,0.0003363656418514438,1.9228775363444585e-05,1.854566980910022e-05
48,0.001432234118692577,4.205727458000183,0.004117746604606509,2.499256743249134e-05,0.00016493871808052064,6.627520451729652e-05,3.490595518087503e-05,6.519893288612366,2.4762046086834745e-05,1.1721264763764339e-05
49,0.0025183742749504746,4.7328958988189695,1.204814463853836,9.98327090201201e-05,0.545024523139,0.00015051615991978906,0.00019779799040406943,0.0010876342945266516,0.7730518907308579,0.01939630461856723
50,0.00019591363816289233,0.019948651269078254,0.00017685106286080554,0.00021485126635525375,3.9974695086479186,6.55881805869285e-05,5.464994646899868e-05,0.0011710115359164774,0.8393821358680725,0.0005434559454442934
51,0.00013015535441809336,0.0363147059455514,0.00039106108742998925,8.077699421846774e-05,0.000394991306529846,9.528119226160925e-05,1.6500463971169665e-05,0.00024602192133897914,2.372896194458008,0.0013697917805984617
52,0.32812509983778,2.693345081806183,0.0006745795806637033,2.4046264024946142e-05,0.00013705839519388975,7.602579025842716e-05,4.7971334242902235e-05,2.9325695037841797,1.6650620364089263e-05,1.5467217963305302e-05
53,0.0003271505847806111,2.105637562274933,0.0003128474098048173,2.927127707004547,0.25417887419462204,3.548203621903667e-05,1.8065313179249644e-05,0.001360165880760178,2.0278087777114707e-05,1.4676030059490587e-05
54,5.2989191863161986e-05,0.0036085980944335462,3.947362929466181e-05,6.595264494535514e-06,4.762599364767084e-05,1.0272830307483674,7.036620604594645e-06,0.004555493639782071,1.722933830023976e-05,1.3172059152566361e-05
55,0.025732227601110935,14.538877582550048,0.02670954167842865,0.00019201226023142227,7.159758687019348,0.5225945800542832,0.000331654962792527,0.0006260856869630515,3.585942795325537e-05,3.3167290712299295e-05
56,0.025928332190960645,10.509741067886353,0.054730961471796034,0.00023336405356531032,3.670611798763275,0.0015211617399472743,0.0003241835234803148,0.0038792908540926873,0.00943945674225688,0.4200344651937485
57,0.0025451671797782184,4.261645650863647,0.0036799751338548957,2.485961003912962e-05,0.0001487424240622204,8.101394851109945e-05,5.2228214190108706e-05,0.00028671261534327644,1.3734223557548832e-05,2.1337467660487164e-05
58,0.003114267543423921,2.0872638702392576,0.0009441419620998204,0.000625131229753606,0.006432022317312658,0.00034846168855438007,5.54549524167669e-05,0.0008105447195703164,0.25103990733623505,5.884245610237121
59,2.3016859889030457,0.18832334950566293,0.0029955210979096592,0.02708802241832018,1.3215945422649384,0.0005814745323732496,0.0012911825673654676,0.005344691080972553,0.1836206302046776,12.56645917892456
60,0.035734194703400134,15.840711402893067,0.029954050574451687,0.5782292455434799,5.534306597709656,0.002600768394768238,0.00029919806693214925,0.001310721435584128,0.5524791598320007,5.154185891151428
61,0.010861008847132324,5.582087683677673,0.003876825061161071,0.6360344529151917,0.5999792337417602,0.00020399937493493782,0.0004018262596218847,0.007044444466009736,0.0002625875087687746,0.00011451581849541981
62,7.605249484186061e-05,0.021898883767426016,6.835581261839253e-05,4.224110653012758e-05,0.0002642757579451427,4.1497708843962754e-05,1.8192684456153076e-05,0.6350229948759079,4.186033875157591e-05,5.098958718008362e-05
63,0.005097542284056544,9.617143964767456,0.0052216026932001116,4.608026647474617e-05,0.00014245956481317995,0.0003949626538087614,6.619352352572605e-05,0.0005050451727584004,1.5080676555633545,0.0071856168331578376
64,0.001958820002619177,1.0755912840366364,0.0057149400468915704,0.00041382878116564826,0.7228792607784271,0.00041610401531215756,8.892813057173043e-05,0.0003357160050654784,7.362978720664978,0.005283830570988357
65,0.002160797512624413,3.4915796399116514,0.0018592294654808939,5.324683843355161e-05,0.0002193356071074959,0.00021011595308664257,1.291243843297707e-05,0.0004474907633266412,2.348601722717285,0.0319379759952426
66,0.013982975436374546,8.055143737792969,0.006886849156580866,0.00011767411378968973,2.8737040638923643,0.0001696624793112278,6.79691722325515e-05,0.0007665175886359066,0.0001080574598745443,0.00010053094665636308
67,0.03391463346779346,2.1205599546432494,0.03921248596161604,0.004844528366811574,2.3328652024269103,0.005951815610751509,0.0017704387777484954,5.409165668487549,11.110237073898315,0.005879151169210672
68,0.3886614218354225,8.457647800445557,0.7164373248815536,0.052633310109376906,0.11368916667997837,0.020542965549975634,0.006178245507180691,0.0017371450783684851,8.912292003631592,0.03526297714561224
69,0.017732897866517307,16.960422706604003,0.02428481597453356,6.613698242290411e-05,0.0001833388741943054,0.0016571757267229259,7.973712308739778e-05,0.0021306284586898984,4.021582626592135e-05,2.708598940444063e-05
70,0.0014976611186284573,4.995596146583557,0.002509982394985855,3.572211262508063e-05,8.537462890672032e-05,0.00011964664809056559,4.0871347300708295e-05,5.443256449699402,2.6084064393216978e-05,1.8771825671137778e-05
71,0.011461253697052599,9.434434032440185,0.115193722397089,7.211906122392975e-05,2.5248483300209044,0.00018966990974149668,2.3278109620150644e-05,0.0008784939476754516,3.247930108045694e-05,5.3951972404320265e-05
72,8.168915264832322e-05,0.028185326978564264,0.00024533683244953863,7.109460020728876e-05,0.00022090379279688933,3.732952045538696e-05,0.00012116533434891608,2.9717338562011717,1.1661032915115357,0.0008001959358807653
73,0.007898358209058643,7.562889933586121,0.0050337302265688775,2.051868724822998,0.00021556881547439845,0.0003291508837719448,4.229000769555569e-05,0.00044478116178652276,0.00024097862624330446,4.671982169151306
74,0.01643091980367899,11.972600746154786,0.07081219851970673,0.0007144065544707701,0.00043757349776569755,0.9346705704927445,5.9262526519887615e-05,0.002320787217468023,0.11238392703235149,0.7442659586668015
75,0.0008952346717705951,3.7624610662460327,0.0005762968125054613,1.7836967253970217e-05,9.371334526804276e-05,8.75768226251239e-05,1.2154900696259574e-05,0.00021754058470833116,1.583169223522418e-05,1.3987958027428249e-05
76,0.012225080141797661,6.020421934127808,0.36778711527585983,0.0011491841520182788,0.0008399015438044445,0.0007851489790482448,9.041788034664934e-05,1.8490716636180877,0.5552577346563339,5.0267578840255736
77,0.006002270895987749,3.0905540943145753,0.004019427229650319,0.00032760140893515197,2.786819672584534,0.0002625247143441811,0.005410886858589948,0.0009670864936197177,0.011619768617674709,2.4431000471115114
78,0.05230856630951166,6.161629152297974,0.02505505541339517,0.04788879081606865,0.5389349728822708,0.0023590320372022687,0.000804144240100868,0.08286384977400303,1.9791318893432617,7.242401337623596
79,1.0861346662044524,1.3105359256267548,3.82610627412796,0.0005690543417586014,0.00014209578148438595,0.00046361921558855105,5.3018642029201145e-05,0.0008566621196223423,0.17739106267690657,3.642894184589386
80,0.012759318947792054,7.403826141357422,0.0656269371509552,0.0005893691879464314,0.0003231219467124902,0.0004286891737137921,7.014173424977344e-05,0.0020274572307243943,0.00040038704173639417,4.393120002746582
81,0.11274016462266445,13.972920083999634,0.03925874661654234,0.000831157498760149,0.0011100138595793398,0.004242926137521863,9.093442131415942e-05,0.0018029155093245211,0.00889603402465582,4.063510298728943
82,0.00792332305572927,3.1622990369796753,0.0019850634271278977,0.0005554632865823805,0.0014865242992527783,0.000963141635293141,0.0008261443144874647,2.091864621639252,0.08642646186053753,2.3567022919654845
83,1.0073650062084198,1.1884422600269318,0.00042551022925181315,4.2086863140866625e-05,0.00011885593121405691,5.796524910692824e-05,1.5575981115034666e-05,0.000313902557536494,0.007935046730563045,0.17125632539391517
84,0.0017503223090898246,1.0944941937923431,0.0016030881088227034,0.00018885083991335705,5.476706314086914,0.00023348080139840022,5.895487101952313e-05,0.0007454421749571339,1.8009232044219972,0.0012009519152343274
85,0.0018042324925772845,1.6476614117622375,0.0022790123941376804,0.0014344167895615101,6.043406295776367,0.0002594611636595801,6.655170436715707e-05,0.0012158822326455265,4.355742931365967,0.5941766619682312
86,0.015116365719586612,7.932928681373596,0.09027073495090007,0.0022141863126307728,3.233656847476959,0.008247929718345403,0.0007981517061125487,0.00141346828895621,15.05763349533081,0.0019416456460021436
87,0.05439357198774815,19.760153579711915,0.12264373376965523,0.007626169826835394,0.0006481353018898516,0.0147965457290411,0.0017112588160671295,1.2093070507049561,21.505246353149413,0.0035777559387497604
88,0.06017930135130882,9.16922173500061,0.2958382084965706,0.008607402257621289,2.732418787479401,0.017590189632028342,0.01920481789857149,0.004095400439109654,13.362504768371583,0.44803830087184904
89,0.030644896626472472,9.585518836975098,0.03866540472954512,0.0023362965555861594,3.4569512367248536,0.008627950493246318,0.0005689979996532201,0.0017810004530474544,5.2826420545578,0.001278700219700113
90,3.1856021269049965e-05,0.015488535352051257,6.949515409360175e-05,8.573825743951602e-06,5.3293696146283766e-05,0.8549261838197708,3.4250638350386e-06,0.00011218223226023838,7.94424945524952e-06,1.1086107906521648e-05
91,0.000641317485133186,1.0176471292972564,0.00035498487995937466,7.787373688188383e-05,0.0001988234907912556,8.970207127276809e-05,1.4249851528802538e-05,0.32237204164266586,2.3858953409217068e-05,1.8952171376440675e-05
92,0.00012993251511943528,0.003938977583311499,7.447566749760882e-05,1.2902734852104913e-05,0.0001088942852220498,2.107991440425394e-05,3.695802461152198e-05,2.2744487524032593,3.21543418976944e-05,2.0254582977941027e-05
93,3.7274536967277525,6.300358366966248,0.0025785927660763263,2.8854864831373563e-05,0.0002535278210416436,0.26905021220445635,1.2805969527107664e-05,1.1784404993057251,1.4190216552378842e-05,1.676331676208065e-05
94,0.06251026820391417,7.6258152484893795,0.014183127880096435,0.0035632000654004514,5.959486365318298,0.0024187102098949254,0.000805267394753173,0.0010907747608143836,0.002738951100036502,8.789067125320434
95,0.567088371515274,15.189467096328736,0.035208707116544245,0.006295652710832655,6.908928537368775,0.8536815613508224,0.0006210004881722853,0.0014183335064444692,0.004761474579572678,10.560193920135498
96,0.009309595171362161,9.354201412200927,0.010192888928577304,0.0003637377638369799,0.00062492546858266,0.00048156305565498774,0.00012794464710168542,0.0005424078786745668,0.1304934576153755,5.509898257255554
97,0.5158492118120194,3.574416470527649,0.005593176418915391,0.0011595241317991169,0.00015505218398175204,0.0010131560382433235,0.0001351106504444033,0.0015371306566521526,0.3366583064198494,8.417887020111085
98,0.03623549714684487,8.042535877227783,1.9874642312526702,0.004700900497846306,2.126905345916748,0.0007390699640382082,0.00012650352146010847,0.99653961956501,0.005879348539747298,3.8274314641952514
99,0.02266759080812335,6.462613368034363,0.005931688542477787,0.001932745717931539,3.5002976655960083,0.013055185554549098,0.0017166826932225377,0.002726809971500188,0.0014777468575630339,0.11769355982542037
100,0.051364568248391154,8.743940162658692,0.03157387282699347,0.006493845046497882,0.86037617623806,0.002434743172489107,0.0005283140839310363,1.2208480656147003,0.035758746042847636,3.798440384864807
101,0.12613758370280267,5.497675108909607,0.019048929493874312,0.007573999138548971,3.318242812156677,0.005203650915063918,0.002039365563541651,0.003255457116756588,0.3294626772403717,3.966762387752533
102,1.7531617283821106,8.541390943527222,0.47999955266714095,3.671588492579758e-05,0.0001867491489974782,0.0002782687297440134,0.0001747732727380935,0.002250731980893761,2.141477389159263e-05,1.885162664621021e-05
103,0.003462372987996787,4.8532990455627445,0.004381603677757084,0.0007644625846296548,4.236337018013001,0.00015240427092066966,0.00014431942836381494,1.355667418241501,0.00031452622642973437,0.000259126014134381
104,0.0014448778470978142,0.026782201789319518,0.01410393938422203,0.0010437338671181351,0.00016038360918173565,0.0013676342205144465,0.00016509342822246253,0.00043504393252078447,22.9524866104126,0.06737454123795032
105,0.03563818633556366,4.585381531715393,0.029199891630560162,0.001127813698258251,2.1944701790809633,0.007952939113602042,0.00039500875864177947,0.0007692396087804809,9.86322078704834,0.003744304750580341
106,0.00026324828795623036,0.05135358572006226,0.0010460965160746128,0.6954336732625961,0.00021057620251667687,0.00018417765386402607,3.949867805204121e-05,6.988396096229553,4.772711706161499,0.0009188953757984565
107,0.021621599420905115,3.0758225321769714,0.02334825536236167,0.0185381387360394,9.896899747848511,0.012005045963451266,0.003257205372210592,0.0025697800796478988,10.010012435913087,0.007656575948931277
108,0.12975872680544853,6.430929017066956,0.07875067554414272,0.008866759622469545,4.650730037689209,0.03720386791974306,0.004100501327775419,0.018727936781942844,20.598264312744142,0.009721123846247792
109,0.02973680766299367,12.172355651855469,1.0741412878036498,0.002178531070239842,2.7771546840667725,0.0022073691012337803,0.00023250661106430926,0.005668120877817273,6.057621955871582,0.013378201285377145
110,0.022666840814054016,6.429166460037232,0.63659887611866,0.0022691087797284126,1.484543550014496,0.004831357416696847,0.00030801686662016434,0.002546752744819969,8.837911415100098,0.009166504163295031
111,9.375303379783872e-05,0.02441904479637742,0.08977476321160793,5.2291406063886825e-05,9.403637668583543e-05,2.3088700163498292e-05,5.978353715363482e-06,0.00020252012182027103,4.248957338859327e-05,6.73273993015755e-05
112,0.10667374655604363,4.5068678855896,0.0068844232708215715,6.0167050105519595e-05,0.00018959480439662002,0.00037457919970620426,2.9838401496817826e-05,0.0009766802308149637,4.857288204220822e-05,0.00010705764252634254
113,5.231684626778588e-05,0.0042669404530897735,4.838383847527439e-05,2.007213861361379e-05,9.313867631135509e-05,1.3293838765093826e-05,6.0719619796145714e-05,7.873376727104187,1.3761027594227929e-05,2.5224019645975203e-05
114,0.053160539269447325,15.816764879226685,0.026840222906321286,0.0003619410897954367,12.309366035461426,0.0013847160793375225,0.00013725670214626007,0.0014725824992638083,3.158768049615901e-05,2.952358727270621e-05
115,0.0960361484438181,14.10637812614441,1.2726221084594727,0.0009357504517538473,0.0009311693167546764,0.002435388963203877,0.00020143323854426853,0.0024452952784486115,0.24568370282649993,2.0882354855537413
116,0.0762525163590908,13.03007698059082,0.047686292231082915,0.015074798557907342,0.5791678369045258,0.026182253379374743,0.000850975254434161,0.0037882943288423125,0.012436039512977004,13.8421142578125
117,1.1317324101924897,13.095030927658081,0.04391183089464903,0.04316930752247572,6.953030085563659,0.009167590690776706,0.00406378076877445,0.002757456561084837,0.0870498962700367,14.979588270187378
118,0.0017070735979359598,3.4720261335372924,0.004471743502654136,0.8974197328090667,0.00032951367902569475,7.019925287750084e-05,6.63363596686395e-05,0.0016661953355651348,0.00012330103891144972,9.113356427405962e-05
119,0.04093723502010107,6.525680136680603,0.00700295283459127,0.0015331317845266312,3.3006412982940674,0.00035001921933144333,0.0004349085647845641,0.0036515117040835324,0.0006723354541463778,4.766168546676636
120,0.015650549903512,7.126618957519531,1.4634301662445068,0.0006345519825117663,0.00042772750020958483,0.0004502758412854746,0.00019630424212664367,0.0006705585808958858,0.05679002888500691,2.544141936302185
121,0.03515535537153482,20.319736385345458,0.026944502536207438,1.494802677631378,0.0004266346732038073,0.0020071548176929356,0.00016112836601678282,0.002328389254398644,2.5031576569745084e-05,2.000487056648126e-05
122,0.686770561337471,21.692263507843016,0.04031103421002626,6.929095834493638e-05,0.0003193766111508012,0.0015605096181388945,5.6326340927626004e-05,0.0023333825753070413,5.017499879613752e-05,2.155796428269241e-05
123,0.003581329667940736,5.109533786773682,0.00196325316792354,4.766398778883741e-05,0.00025012154510477557,0.0001880744312074967,2.0110847253818067e-05,0.00021027225520811043,0.00030419035465456545,0.5327701032161712
124,0.0001785388245480135,0.001480692531913519,0.0019787222729064527,0.00031063595670275393,0.0002057989317108877,0.00021269139906507917,4.233426625432912e-05,0.0004101467799046077,10.539540863037109,1.0178878784179688
125,0.0005545261927181854,0.01701551964506507,0.007655746396631004,0.0005802288564154878,0.00026402493822388353,0.0009172257530735806,0.00018550046588643453,0.0004812568833585829,15.346810293197631,0.009054817771539093
126,0.0022488935035653414,2.572349727153778,0.00310163147514686,2.372382092475891,2.751330327987671,0.0004247445598593913,0.00012477157506509683,0.0021560329012572767,4.4288605690002445,0.010327269742265345
127,0.0035761867999099194,6.533710193634033,0.008965030265972018,0.0001880765768873971,0.026779461838304996,0.00023323619680013508,0.0013801961322315037,3.2391603589057922,1.0831819236278535,0.0008701847167685628
128,0.005301091447472572,4.084496378898621,0.022696568351238965,0.0033987422590143978,0.0003305951482616365,0.008939276589080692,0.0005613182467641309,10.445204496383667,15.752387619018554,0.003281030175276101
129,0.02102417787536979,8.958075141906738,0.02946657920256257,0.0015056199626997113,0.0008287146658403799,0.002556036110036075,0.0005335130001185462,0.7221965402364731,6.861225986480713,0.01067113121971488
130,0.04755943398922682,6.517816042900085,0.028809315990656614,0.0042210601735860115,5.375792074203491,0.005067430413328111,0.0012645295937545598,0.0009269220259739086,6.485552978515625,0.007469285884872079
131,0.022996437922120094,10.355077219009399,0.01930422680452466,0.0003161514483508654,0.00033647230447968467,0.001712845457950607,0.0002476363064488396,0.0004526161632384174,7.090708899497986,0.015063444525003434
132,0.0002633720330777578,0.24099591821432115,0.0006005484145134688,4.635032528312877e-05,0.00010541578485572245,5.711975663871272e-05,1.6861999029060826e-05,0.00021923302774666807,1.5904007613658906,0.0006861463596578687
133,1.448362135887146,8.029927730560303,0.0037455101264640693,4.840865985897835e-05,0.00020186133260722273,0.00015630020134267398,1.6992698510875927e-05,0.0005736979830544442,0.0003089641846599989,0.1482657879590988
134,0.2326725661754608,12.814910411834717,0.03520508054643869,0.23149970546364784,5.505835962295532,0.03789716549217701,0.0033474106690846383,0.004314613761380315,0.002656581171322614,9.166094779968262
135,0.23620642125606536,26.254529571533205,0.06941887997090816,0.00031962938082870097,0.0004838851353270002,0.00396315564867109,0.0009597597207175567,2.2017682075500487,0.0018407138413749635,0.00034657908254303037
136,0.023969094082713128,7.355392074584961,0.02169248936697841,0.0016441318555735051,2.877542519569397,0.001281328685581684,0.00039297562034334993,3.416838550567627,0.04662970509380102,4.622161507606506
137,1.0572557032108307,7.208076000213623,0.009648861177265645,0.00023113257266231811,0.9015898823738098,0.0002393009017396253,9.801699343370274e-05,0.0018865901220124215,0.00017961853154702115,0.00018920513975899668
138,0.005027122679166496,6.418042874336242,0.003664644609671086,0.00024288139466079883,4.111083745956421,0.0003686360694700852,1.1678413271903991,3.193868339061737,8.664825072628446e-05,5.9517424415389544e-05
139,0.020700388681143524,7.289306902885437,0.0283249044790864,0.09949556291103363,3.494371247291565,0.0012195033952593804,0.0010223782737739384,0.6622611790895462,0.005819964804686606,4.570466947555542
140,0.006555177574045956,7.866957712173462,0.007349728560075164,0.0007631590648088604,1.911647868156433,0.00043105122167617086,0.001093299954663962,2.3838492155075075,0.0019834513776004316,0.911941260099411
141,0.08738492764532566,8.665549182891846,0.030006907507777215,0.0008406556094996631,0.0003911168751074001,0.000620621195412241,0.00010111299088748638,0.000715644151205197,0.0022889105137437584,3.9375277876853945
142,0.00025107742403633897,0.00670747528783977,0.0010883615526836366,0.0001128784555476159,0.0005168875766685233,0.00010935024256468751,2.918406689786934e-05,4.811646103858948,7.565611457824707,0.007350900792516768
143,2.1262714982032778,8.577848052978515,0.016019207332283257,0.0004398429460707121,0.44088614732027054,0.0008939413994085044,0.00011927652412850876,0.0007698405621340499,6.460297918319702,0.0030206526280380785
144,0.007033967599272728,4.123476195335388,0.018848582822829484,0.006779418210498989,3.0284912824630736,0.002402981510385871,0.00021797651861561463,0.002198404842056334,13.76224684715271,0.05517057664692402
145,0.0042248978978022935,2.4244059801101683,0.007983052544295788,0.001442079746630043,0.0009928240324370563,0.00191770811798051,0.001061597280204296,0.003902845364063978,4.53280279636383,0.006633371440693737
146,0.007044812920503319,3.91977778673172,0.6991806596517564,0.0012421260296832772,0.00046956170554040004,0.004234617878682912,0.0003164654146530666,0.35006641000509264,16.896249103546143,0.003642726643010974
147,0.01095322733744979,4.7616150140762326,0.010373358335345983,0.0009240892686648294,0.0006313060846878216,0.0022444324335083366,0.00030605199135607113,0.0013338684511836618,4.808592629432678,0.001525154896080494
148,0.0013166872318834068,0.9584955960512161,0.004809102742001414,0.0003138249638141133,2.9123342394828797,0.00031209284643409776,6.81652396451682e-05,0.0007272625109180809,4.499345231056213,0.00294121983461082
149,0.05266187116503716,3.2600408673286436,0.9474433571100235,0.0038162824814207854,1.7505866765975953,0.0015068214328493924,0.0014429168193601071,0.0020143050584010783,7.64477698802948,0.007019886933267117
150,0.02388981869444251,3.058819603919983,0.013978175492957235,0.0028944894555024804,0.8694067388772965,0.013074880652129651,0.01497765094973147,0.0034655776107683778,5.151846218109131,0.0027248201426118613
151,3.9838926204538447e-05,0.0047657718416303394,5.881328670511721e-05,1.2639054557439523e-05,7.715022620686795e-05,1.5924046783766245e-05,1.94071872101631e-05,4.150317668914795,1.2562655319925399e-05,1.8551341145212064e-05
152,0.0022439510095864537,1.0899509489536285,0.004163688980042934,0.0007386279903585091,0.00235262589994818,0.006398980342783034,0.0002308975424966775,0.002161127480212599,3.9870795607566833,0.0007437562046106905
153,2.471291923522949,5.474495077133179,0.0023680135956965385,3.714642007253133e-05,0.2241543337702751,9.14990101591684e-05,4.011239998362726e-05,0.001050911977654323,0.0031821471406146885,0.06885668598115444
154,0.0008918979699956254,0.06816466189920903,0.00019622876134235413,0.00012212347573949955,0.00015604486470692793,4.522018280113116e-05,1.1175873305546702e-05,0.0004826585078262724,0.19219955801963806,5.055748748779297
155,0.14683071225881578,24.053605556488037,0.0707236334681511,0.00014715677971253172,0.0003476600046269596,0.3460084185004234,6.0916507391084454e-05,0.000884696506545879,2.011081314776675e-05,2.7375730769563234e-05
156,0.022242326475679874,3.962304425239563,0.10284623503684998,0.0019050305767450483,4.995422339439392,0.0007068820297718049,0.0002463398777763359,0.0020882695564068856,0.19142863377928734,1.0661736845970153
157,0.2926967665553093,8.676738977432251,0.018085593357682228,1.9648718237876892,0.13927731066942214,0.004242327925749124,0.0002828490934916772,0.8787627756595612,0.0005501209030626342,6.086896133422852
158,0.5677521586418152,9.126192760467529,0.005455604125745595,0.00014090028635109774,2.6322364449501037,0.0004706539140897803,8.830181432131213e-05,4.873334789276123,6.285866293183063e-05,5.080119135527639e-05
159,0.0037551769870333373,3.7500044465065003,0.0017694140900857747,8.144808271026704e-05,0.00020487290530581958,6.162850695545785e-05,5.0280243704037277e-05,0.0005178459425223992,0.000357892265310511,2.6138598799705504
160,0.02146646436303854,10.268825817108155,0.04019744955003262,0.00033683923393255103,0.0003384628987987526,0.000901141922804527,0.00018619826660142282,0.007048362679779529,0.00020217289056745358,0.0001473165160859935
161,0.003898422315251082,0.20816778019070625,0.006266244268044829,8.478187301079743e-05,0.00036370923626236615,0.000451862663612701,2.078104016618454e-05,0.001328288350487128,0.28722320795059203,0.0032044709543697534
162,0.00027549311780603606,0.0024824100313708187,0.0011339456075802447,0.00025064685469260444,4.1076552152633665,0.00011994769192824606,3.6106014704273555e-05,0.0015162038791459054,6.063444662094116,0.002533156902063638
163,0.1913856163620949,25.452197647094728,0.2290630854666233,0.002185449271928519,4.438544058799744,0.03295524623245001,0.001319387281546369,0.0011532642762176694,7.322800135612487,0.0035825408529490234
164,0.03721244186162949,14.430064058303833,0.03846462443470955,0.0006881100794998929,0.21699523702263832,0.007485317718237639,0.000234908103448106,0.0010346174938604235,7.912705421447754,0.2748266071081162
165,0.2520907253026962,0.7581505835056305,0.02532150223851204,0.011436147801578046,0.038646550849080086,0.01729388637468219,0.00367974026594311,0.01101928697898984,5.416637444496155,0.2437021553516388
166,0.01873118318617344,5.866438555717468,0.017242599744349718,0.0021003179252147676,3.9372016072273253,0.009705297742038965,0.00010398097037978005,0.0008936525846365839,7.031861352920532,0.034316241182386874
167,0.04406106900423765,12.93815631866455,0.1598832994699478,0.010626369155943394,1.2148359537124633,0.753491747379303,0.0009411234117578715,0.001241285406285897,19.577622890472412,0.00749294685665518
168,0.0024621528922580183,1.3269411325454712,0.011057271109893919,0.0021480307099409402,2.9055474281311033,0.0014584528515115382,0.0010293898230884224,0.009507656656205654,11.36736330986023,0.009838754124939442
169,0.022798198089003564,9.735856103897095,0.04410416297614574,0.006852134875953197,2.7102486729621886,0.019720652606338263,0.00021397189993876967,2.082317888736725,8.195868396759034,0.021746919117867948
170,0.018364232871681454,7.994867897033691,0.021952366176992654,0.0011539183789864183,0.00018189078182331286,0.0022922705626115206,0.00014969577023293823,0.0006785746460082011,13.454218101501464,0.010791940381750464
171,4.378317498776596e-05,0.17279100343585013,2.7076074361801146,1.0433438865220525e-05,4.7750002522661816e-05,1.0817789507200359e-05,5.4251829169516e-06,0.00013081641081953422,1.3208795644459315e-05,1.044590230776521e-05
172,4.386319997138344e-05,0.0037376597058027985,5.3511282749241226e-05,1.223687140736729e-05,0.00010769240543595515,7.987011213117513e-06,1.1114722701677237e-05,11.249310111999511,1.639952470213757e-05,1.3007304687562282e-05
173,0.0058413936058059335,7.707198166847229,0.007958537712693215,0.0008196959417546168,4.10407280921936,0.0006226088182302192,0.0014940973196644338,0.0035444441717118027,7.904584454081489e-05,4.979559271305334e-05
174,0.009898135904222727,0.5533193230628968,0.0019239465647842735,0.0064130067126825455,0.2537014350295067,0.001682954782154411,0.0004825155236176215,2.6368837356567383,0.9028210699558258,8.712904787063598
175,0.03346872348338366,25.749478340148926,0.02935495786368847,4.9980454059550544e-05,0.00010109338982147165,0.001135263068135828,5.319769061316038e-05,4.02638418674469,1.9232418981118827e-05,1.620252560314839e-05
176,0.018534048460423946,12.171012163162231,1.1078409731388092,0.00013522617664420977,0.0011706262186635286,0.0003819139994448051,0.00015422582291648725,1.2168346107006074,0.560859739780426,0.002830943209119141
177,0.014357584808021785,10.070146703720093,0.010854171216487884,4.094422547495924e-05,0.000271643212181516,0.0001789661546354182,2.6526954479777486e-05,0.0006257056578760966,0.00010406298861198594,6.586810195585713e-05
178,0.0010716164193581789,0.632092171907425,1.0397653758525849,0.00010441743979754392,0.5562761694192886,0.0001011554788419744,4.821716065634974e-05,0.0021528599550947546,0.15446527376770974,0.868466255068779
179,0.007927157171070577,8.512496757507325,0.00954353748820722,5.486380850925343e-05,0.0003235199794289656,0.00022066641977289692,6.16801917203702e-05,3.6743294954299928,1.77803757651418e-05,2.193532945966581e-05
180,0.0006933500408194959,0.7413091123104095,0.00021787165314890447,1.948237386386609e-05,0.00017622629675315694,0.00030661375785712153,5.887330462428508e-05,0.9066479712724685,9.618595613574144e-05,3.43115272698924e-05
181,0.007293035509064794,8.733102989196777,2.043277311325073,5.682553619408282e-05,0.00013725163880735637,0.00018868413608288395,5.8543648265185766e-05,0.0011103135882876815,0.0006037465645931661,2.519231653213501
182,0.003976246586535126,1.947182720899582,0.006615111301653087,1.5314262151718139,2.3499724864959717,0.0007583981321658939,0.00010251157327729743,0.0004890783355222083,4.194736170768738,0.002515832078643143
183,0.05384091380983591,6.694791960716247,0.09751665592193604,0.11182374097406864,5.278220272064209,0.029488352220505477,0.01344065279699862,0.005814908514730632,15.528334474563598,0.014492517337203028
184,0.0024676208617165686,2.032913291454315,0.004520238423720002,0.0015857642807532103,7.005776643753052,0.000697615640820004,0.00010763599821075332,1.9680101156234742,4.388898396492005,0.007102092658169569
185,0.13630696013569832,9.957193994522095,1.3520914256572723,0.010385668277740479,9.902026796340943,0.02985128350555897,0.001189209008589387,0.7834340870380402,5.242177820205688,0.9473337084054947
186,0.03370245471596718,7.566111302375793,0.06326110642403364,0.023939545918256047,7.776869821548462,0.004049398866482079,0.0021136012859642507,1.6486211180686952,3.528810501098633,0.001009839796461165
187,0.4369966730475426,11.97403883934021,0.0829216793179512,0.01092283418402076,6.070416045188904,0.025441145896911623,0.004697335627861321,4.487609004974365,3.7877846240997313,0.010837387526407838
188,0.0040746744023635985,4.0586586713790895,0.008448683843016624,0.0007715195359196513,0.00017473280895501377,0.0005805740191135555,0.0001235209176229546,3.3680537939071655,7.95022337436676,0.0011662357894238085
189,0.08357263468205929,12.257311391830445,0.06813734211027622,0.001576606062008068,2.9778852581977846,0.003618567658122629,0.00022293769943644296,0.003213744785171002,4.648131895065307,0.01817429205402732
190,0.02720350380986929,9.098682403564453,0.11205299086868763,0.003491690126247704,0.02840741574764252,0.004707660945132375,0.0004338240294600837,0.0020942841307260095,16.847629451751708,0.751842150092125
191,0.001224955776706338,1.8848754525184632,0.002872363675851375,0.000507949135499075,0.0007054411194985733,0.0006807684869272635,0.0001945690884895157,0.0015757395012769848,5.943673539161682,0.10012157373130322
192,6.380354825523682e-05,0.008367114141583443,4.032058368466096e-05,3.375571068318095e-05,0.00038551786710741006,1.677220025158022e-05,2.6654849079932322e-05,10.9280837059021,1.7661056335782633e-05,2.950076113847899e-05
193,0.0022741460474208,0.744840782880783,0.0005796994839329273,0.00044583186972886325,0.00030622084013884885,0.00011263728883932344,5.025014688726515e-05,0.0013394100649748,0.0033193927025422453,7.357038497924805
194,0.006144254351966084,3.5310486435890196,0.0014726036111824214,0.0003556728872354142,0.0002489638442057185,0.8922807246446609,5.154709615453612e-05,0.0006128678884124384,0.003895885590463877,9.932867240905761
195,0.012959278281778097,13.789439916610718,0.013322578556835652,0.00021251967700663954,2.3113341450691225,0.000645160223939456,0.00019715873640961947,3.336551105976105,4.71032897621626e-05,4.925290795654291e-05
196,0.5259383380413055,6.169142866134644,0.009252749755978585,0.0008986662491224707,2.214843487739563,0.0004973276576492935,8.750684755796101e-05,0.003272589424159378,0.025234234519302845,3.0601207971572877
197,0.05890225674957037,1.2140525579452515,0.0012962138804141433,0.00037866554775973783,0.00021831137491972185,0.0003789203488850035,2.372145927438396e-05,0.0006994610012043267,0.0016992406046483666,7.080891942977905
198,0.015815464686602353,11.13427300453186,0.016221287567168473,0.0004364457607152872,1.6886890292167664,0.0008374129683943465,5.664725558744977e-05,0.0006812077190261334,5.3500927788263655e-05,0.00013265188463265076
199,1.7650072395801544,6.1765074014663695,0.002562616358045489,3.604664198064711e-05,7.339526600844693e-05,0.0004910169329377823,1.8211130372947083e-05,0.000231567193986848,4.839922112296335e-05,3.829902343568392e-05
200,0.1411515049636364,10.782557725906372,0.013544279104098677,0.0004077256890013814,2.016460049152374,0.00039848491578595716,0.00040314037032658235,0.0017269215546548366,0.0011503799061756582,0.7597677767276764
201,0.05083216093480587,3.9505191326141356,0.0033732395037077366,0.0010028298594988883,2.2766106724739075,0.001454162399750203,0.00010357039536756929,0.006892507779411972,0.4324409574270248,6.902143144607544
202,0.001125065691303462,0.25296308398246764,0.00938311698846519,0.0010190577595494688,0.0017090904933866114,0.0009082634671358392,0.0008318629261339083,0.0019742918899282812,12.406497192382812,0.0025427988264709713
203,0.0002144605663488619,0.00206408160738647,0.00023584695227327757,6.968375892029144e-05,2.2134775638580324,0.3529351204633713,6.359368417179212e-05,0.011687764851376414,0.009448371222242713,0.006545453239232302
204,0.018566064443439247,1.1803865015506745,1.233027458190918,0.0023157658870331943,0.004294400406070054,0.03739623967558146,0.00029279495356604457,0.0010281166760250926,11.97114896774292,0.010445376392453909
205,0.101516717299819,8.250364875793457,0.16648713424801825,0.04312619660049677,2.946670114994049,0.17926041558384895,0.004309257934801281,0.0020071248873136938,19.990102767944336,0.05850385408848524
206,0.0727118268609047,13.538076782226563,0.1309720829129219,0.008869352284818888,0.005241482751443982,0.05588875599205494,0.000983126586652361,0.9622374564409256,12.870219278335572,0.012839025631546975
207,0.001640032761497423,3.147072958946228,1.8054120540618896,0.0001735389763780404,0.00033697843609843404,0.0001979012704396155,2.596779168015928e-05,0.0004385605046991259,3.0750807404518126,0.00617268867790699
208,0.05664672031998634,12.260742902755737,0.04620308522135019,0.0012050099496264011,0.00043851822993019597,0.0018994822981767356,0.00010783532197820023,1.681331956386566,2.9523505568504333,0.0011355940776411444
209,0.0015855057106819003,1.962583029270172,0.0016149645554833115,0.0021700927172787488,5.547927761077881,0.000220835685468046,4.713155558420112e-05,2.011268103122711,0.598326689004898,0.00019124594909953886
210,0.09521095156669616,18.126234817504884,0.056737431325018406,0.002836059068795294,0.1361987330019474,0.009780286345630886,0.0007908982574008406,0.001595819473732263,12.195007371902467,0.0018803215236403048
211,0.0014306022552773357,2.5233878254890443,0.0006971107563003899,4.9833320372272286e-05,0.0001729372379486449,6.512510481115896e-05,0.00010749391185527202,2.578559994697571,1.69252163686906e-05,3.942767943954095e-05
212,0.010007131565362216,11.463961553573608,0.0993470385670662,0.00024188238166971134,0.136231242865324,3.557260513305664,3.432181456446415e-05,0.0005592733126832173,0.0008413670439040288,0.9284621894359588
213,0.002471207664348185,6.464036202430725,0.006462597311474383,1.8890140056610107,0.00021742622848250904,9.200790882459842e-05,2.0833447979384804e-05,3.404591691493988,1.829806678870227e-05,1.4632648981205422e-05
214,0.7429505378007889,13.211423969268798,0.05950557384639978,0.0021638019825331867,3.21066392660141,0.31308218985795977,0.008306566067039967,0.047284625470638275,0.0015864668239373716,4.918161797523498
215,0.04080792050808668,1.939779907464981,0.005912220478057862,0.01676329653710127,2.5147823095321655,0.0016012246487662196,0.0005649095197441057,0.003304569888859987,0.00636052517220378,18.040133571624757
216,6.640114916081075e-05,0.022692739870399235,5.077331497886917e-05,1.4125071311354987e-05,7.32885175239062e-05,0.9738523662090302,0.26243008971214293,0.00021569887758232653,1.7468406622356272e-05,1.630236001801677e-05
217,0.0010662221582606437,2.873601472377777,0.0009166365314740688,0.2936401903629303,0.0009478723455686122,7.202960732684005e-05,5.662653529725503e-05,0.04046605844050646,0.0022522074985317888,0.12331443913280964
218,0.00141408612835221,2.044682776927948,0.0005237631674390286,1.7252059387828924e-05,0.00032258959545288234,0.00015661068464396523,1.0322330081180554e-05,0.0002671570968232118,9.369289873575328e-05,0.00020053632179042327
219,0.01890511196106672,4.562775564193726,0.18560226410627365,0.002734673779923469,3.6604984164237977,0.003254649485461414,0.0001255927680176683,0.0030768910655751824,0.34215987771749495,7.875408554077149
220,0.0006875077524455264,0.003255021758377552,0.00021649652262567542,0.00035680673754541204,6.8411965608596805,0.00010958666498481762,3.1225570455717386e-05,0.00026034763432107865,0.15719150826334954,5.488897800445557
221,0.00021829101096955132,2.253766644001007,0.00023796196037437767,5.1089967746520416e-05,5.9151144523639235e-05,2.821005928126397e-05,9.79380838543875e-06,0.00015734212211100386,1.2832474703827757e-05,2.0388148186611943e-05
222,0.010696642193943262,11.881697273254394,0.009812342887744307,2.2845402236271183e-05,8.463691083306913e-05,0.0002844202914275229,2.0658149060182042e-05,4.008463907241821,0.00011315847623336595,0.00010224288889730815
223,0.0006538493616972119,0.007869671005755663,0.0003466977912466973,0.012228075554594398,4.177724814414978,7.994282823347021e-05,0.00010757662457763217,2.8303175806999206,0.0004387551176478155,1.3743342339992524
224,0.02048188103362918,3.359943962097168,0.110966182872653,0.026464726869016887,4.169061589241028,0.23136599585413933,0.043964342400431636,0.0031980871921405197,13.200969648361205,0.0016695344296749682
225,0.02662993222475052,11.251741933822633,0.10630795992910862,0.016536795999854803,0.5705557286739349,0.003971734852530062,0.058391757868230344,0.7935787409543991,8.922838020324708,0.015400101989507675
226,1.4070216357707976,8.039124250411987,0.03476772550493479,0.0018766892957501114,1.9049384772777558,0.011062127258628608,0.0005949123908067123,0.0007750493474304676,7.502292037010193,0.0030517766368575393
227,0.0009329088061349466,2.482908642292023,1.2550442278385163,6.180534983286634e-05,0.00011481398250907662,0.00012747797372867354,2.9836134217475774e-05,0.0005046170903369784,1.7494165360927583,0.0031166743254289033
228,0.10268436633050441,16.338148212432863,0.5284353524446488,0.013637777371332049,1.5904586672782899,0.9644914120435715,0.00040231060411315416,0.271002870798111,8.443265151977538,0.011499516014009715
229,0.06447048857808113,14.890630626678467,1.3386933088302613,0.0069621679140254855,5.707151961326599,0.011285584280267357,0.0017259158485103399,0.0018065672018565237,7.303312921524048,0.12660253793001175
230,0.018263000529259443,4.180817484855652,0.01216607391834259,0.0012340523069724442,4.639816188812256,0.0011424656782764943,0.00038130335015011956,2.719133710861206,6.168012523651123,0.09698803089559078
231,0.32533010095357895,10.985327196121215,0.03169531039893627,0.0005309986328938976,0.0007898980256868529,0.001749442907748744,0.00037643121759174393,4.905851435661316,3.7726794242858888,0.0005504743166966364
232,4.434825423231814e-05,0.004356862255372107,6.621875836572144e-05,1.8850614833354487e-05,9.946049904101528e-05,1.0531485122555752e-05,1.0136983655684162e-05,9.684678506851196,1.5756781704112654e-05,2.054812748610857e-05
233,0.022545060794800523,9.337730884552002,0.017393927928060295,0.00023739111129543746,2.382816505432129,0.0004862257788772695,0.0007381554809398949,4.446177244186401,0.00015428549086209386,0.0001631250030186493
234,0.02242246549576521,5.0369527578353885,0.010087060788646341,0.0002311357675353065,0.0012286008684895932,0.0003330264036776498,0.00029160538397263733,0.29221330881118773,0.23743561208248137,1.878544133901596
235,0.09370376951992512,20.06411123275757,0.11465271972119809,0.00040969013498397543,4.633823895454407,0.0021894880919717252,0.00016575034242123366,1.9210556626319886,5.501792493305402e-05,8.726178893994075e-05
236,0.3657297521829605,9.536442852020263,0.018178652226924896,0.0011845797940623016,0.8062211841344833,0.0021277735591866075,0.0005042420438257977,0.0030181421316228807,1.0598535358905792,7.2650145292282104
237,0.0037881942233070733,6.327251243591308,0.027467595878988504,0.0002800035508698784,1.106205940246582,0.0002107619649905246,0.0071334642823785545,6.821493554115295,4.317250422900543e-05,6.0617228336923295e-05
238,0.04423931986093521,14.979896593093873,0.03001447059214115,0.027965160459280016,0.0009179287852020935,0.0021569344447925688,0.00015095496710273437,0.0027674997807480397,0.0007509564195061103,5.661347985267639
239,0.0012456592230591923,0.35163984894752504,0.0003281951663666405,0.00014593578016501853,1.3384918510913848,5.6155343918362634e-05,8.601514782640152e-05,8.441598749160766,0.0004486424120841548,0.11986927054822445
240,0.043997261114418505,9.303893852233887,0.010749112255871296,0.0016700025647878648,3.871617686748505,0.0027521530166268347,0.0002481389048625715,0.3014803260564804,0.297286719083786,8.534596347808838
241,0.1278691351413727,12.2903151512146,0.039388720877468586,0.019303221069276334,7.040715289115906,0.009987691463902593,0.0014989422284997999,0.005534826382063329,0.09563822522759438,17.522660160064696
242,0.004725889884866774,0.4928474321961403,0.0010036489635240286,0.0017392118519637735,2.9426901936531067,0.00036504164745565504,0.00014688778319396078,0.030041856598109005,0.0010272876417730004,8.580852842330932
243,1.1261665880680085,4.566387963294983,0.04361932780593634,0.0007911451335530728,2.415540170669556,0.001678164931945503,0.0003099700334132649,1.7564037799835206,4.556575655937195,0.20343125090003014
244,0.19669196158647537,6.9153063774108885,0.0343831529840827,0.005090055288746953,6.8080689191818236,0.041290711425244805,0.0019039842707570642,2.4610937356948854,7.763834857940674,0.35664896219968795
245,0.020516143273562194,4.914798331260681,0.17117511779069902,0.03269805572926998,1.460345995426178,0.005632032779976726,0.0005174931604415179,0.0015072909474838525,14.63562741279602,0.01816104156896472
246,0.011098473658785224,4.551094317436219,0.016108097322285176,0.006382704502902925,1.9725120604038238,0.003253367869183421,0.0009635970636736602,2.9974756717681883,4.438592195510864,0.04204684160649776
247,0.011206054594367743,9.850275039672852,0.011293525574728847,0.003804244345519692,0.15398211479187013,0.0005254632298601792,0.0005069426901172846,5.735092496871948,1.551579225063324,0.0011603741790167988
248,0.10452993996441365,9.592573928833009,0.017003853712230923,0.000445651549671311,0.00015696614791522735,0.0006961095350561664,0.00025719799741636963,8.693579244613648,3.991555190086365,0.0015818250889424235
249,0.005918504856526852,3.169148564338684,0.6885196447372437,0.008387820096686482,5.2263556003570555,0.0012204174359794707,1.0853198230266572,0.0015289321192540229,3.1149117946624756,0.02020160695537925
250,0.6759562224149704,18.87785758972168,0.8462448000907898,0.006553965155035258,0.0003966226824559271,0.014939899696037174,0.0005684761621523649,2.2306162476539613,15.183137273788452,0.04588321875780821
251,0.5798748373985291,6.2294413328170775,0.6047516971826553,2.6994134077540367e-05,7.313993774005212e-05,7.700417809246574e-05,3.88597934943391e-05,0.00044331971148494633,2.2451844779425303e-05,1.8814293161995012e-05
252,0.501030421257019,5.3371236562728885,0.006027141981758177,0.000522629768238403,0.00015577076701447367,0.00024275922332890333,7.10120457370067e-05,4.209576511383057,1.0908074378967285,0.0005513330368557944
253,0.0010079625062644482,3.9663328647613527,0.0011254736164119095,5.363588770705974e-05,0.00026817365287570285,5.732609879487427e-05,1.4444691987591796e-05,6.823434591293335,2.3092221999831965e-05,2.8175276474939893e-05
254,0.01543659446761012,8.156531476974488,0.011199326068162919,0.0008506077167112381,0.00048003583942772825,0.003667111415416002,1.448619157075882,0.001985218224581331,1.4767928302288056,0.0029486220446415246
255,0.0008898053056327626,1.8696059942245484,0.0003430582626606338,4.190460749669001e-05,0.0003829885114100762,4.252923663443653e-05,1.9545639315765587e-05,2.4472214460372923,3.6655057920143014e-05,3.6453237407840794e-05
256,1.6838381350040437,2.9466125130653382,0.0005768531904323027,1.6219285225815838e-05,8.32431294838898e-05,3.850890334433644e-05,1.6010545368772e-05,0.0005255117488559335,1.7278416544286303e-05,1.865386457211571e-05
257,0.011418720474466681,7.151752042770386,0.004612959595397115,0.00018737534701358528,0.0002606313952128403,0.00032703380420571196,0.0006162990117445588,0.008279967494308949,0.171111761033535,1.0363888382911681
258,0.000375614182848949,0.0030822995118796825,0.00014031261671334507,0.0001653759740293026,0.00048391240125056356,3.3799131597334056e-05,7.985163465491496e-05,5.8544234991073605,0.06486071608960628,3.6783621430397035
259,0.023778757825493813,7.474560213088989,0.39978798776865004,0.004825962730683387,5.128982329368592,0.001340669224737212,0.0013448023237287998,1.4472976207733155,0.004711351124569774,5.220649695396423
260,0.025241577159613372,1.8605055332183837,0.004170528776012361,1.222826075553894,1.6020022213459015,0.010866432590410114,0.0010002343537053094,0.0031156160286627712,0.0009334617614513263,13.122890424728393
261,0.03586036078631878,6.669865584373474,0.062300726212561136,0.0015371876885183157,3.275453495979309,0.014061963511630892,0.0002202632931584958,7.102308583259583,1.8202696025371552,0.016946669202297926
262,0.0017839482286944985,0.011184699600562453,0.011114866565912962,1.2969052195549011,3.554959797859192,0.003456359822303057,0.0012389674957375973,1.9077995657920837,12.473339462280274,0.008749072812497616
263,0.012042244244366885,2.6292951583862303,0.1814858064055443,0.0036161483731120825,0.0009592972579412164,0.0026238994323648512,0.0005602670746156946,1.4211612164974212,9.487931442260741,0.03722463548183441
264,0.011961141042411328,8.157030153274537,2.1239187717437744,0.0007413695071591065,0.0008973004383733496,0.0011674030683934689,0.000187502342305379,1.7950667321681977,5.942391586303711,0.0020641544018872083
265,0.019517095293849707,5.883407688140869,0.041523716412484646,0.01104531977325678,3.386908030509949,0.003732465987559408,0.01780081642791629,0.0016621365328319372,15.796301126480103,0.04017372336238623
266,0.023330143932253123,4.908848786354065,0.07428401187062264,0.007343366486020386,4.813043642044067,0.01187194692902267,0.0011856876197271049,0.2852808505296707,23.622143840789796,0.11366410963237286
267,0.0012787809828296304,0.11888124421238899,0.040001021884381774,4.1925304412841795,3.572677206993103,0.0007153795246267691,0.00022344286553561689,0.0016776061558630318,5.413586831092834,0.0013715836859773845
268,0.0004291307661333122,0.9119133621454238,0.0008618001302238555,0.00017274041019845753,0.0008554028259823099,8.074437428149395e-05,0.001168735238024965,5.848536968231201,1.3171920895576477,0.05663765016943216
269,0.007792985765263438,8.022866344451904,0.008302043937146664,0.0001528565444459673,0.00046901331807021053,0.000392113471752964,0.00012663500237977132,3.193044590950012,1.7247133791446685,0.016649574786424638
270,0.03073092671111226,7.3883568286895756,0.02842096369713545,0.0014599992951843889,0.0003902387295966037,0.0038330210372805595,0.0009306531195761637,2.3829383730888365,7.589149928092956,0.19083251878619195
271,0.0001240050929482095,0.0023452574736438692,5.568819506152067e-05,1.4728819951415063e-05,0.00012040587680530735,1.7673252659733408e-05,7.427781224578212e-06,6.859358620643616,3.794307394855423e-05,3.306999806227395e-05
272,1.332705456018448,1.1672765612602234,0.006202250556088984,0.0034140044008381665,1.7692901372909546,0.0011288943758700043,0.0003098531538853422,1.5455078899860382,0.0008072632772382349,4.9076416254043576
273,0.0013318591809365898,1.445242589712143,0.0008162387530319393,0.00020859154683421368,0.0003598969255108386,9.237910380761604e-05,6.573652353836223e-05,1.9233352422714234,0.1947113186120987,2.8428640365600586
274,0.0030945603037253024,3.536004960536957,1.642512822151184,0.00022051307678339074,4.095275735855102,0.00020358513647806832,5.259505778667517e-05,0.0012558795511722566,0.005943702394142747,1.1571432173252105
275,0.016586076840758322,9.49934892654419,0.009234631527215244,0.0005467738694278524,4.064818048477173,2.884562838077545,9.629781598050613e-05,0.019091208279132844,0.07815415859222412,1.624194473028183
276,1.6878350496292114,5.422470593452454,0.016181119158864023,0.0021546512725763023,5.119387912750244,0.0006030718825059012,8.2495376773295e-05,0.0022380651673302053,0.0005045622732723132,1.875942635536194
277,0.013378947367891669,5.518492531776428,0.01001717485487461,0.0007259868376422674,0.7696711540222168,0.00046636609185952694,0.00012266015146451538,0.06026331912726164,0.0015308130183257162,5.640487170219421
278,1.3012505173683167,0.035663261823356156,0.0004644992863177322,0.22859981581568717,4.467831945419311,0.00018687077608774418,0.00037733685603598134,0.0011225570167880507,0.0007245119195431471,2.135669672489166
279,0.0003107873417320661,0.009116686834022402,0.00017228372598765418,0.00018378274398855865,0.001190157700330019,4.342833690316184e-05,0.0005216001329245046,0.001391525409417227,0.0011630531749688088,2.454824376106262
280,9.148171338893008e-05,0.0032515127444639803,9.328183878096752e-05,2.9203458689153196e-05,2.2987978577613832,3.424482929403894e-05,3.649164409580408e-05,1.152749764919281,2.86301993583038e-05,3.568162228475558e-05
281,0.4379977837204933,4.215917634963989,0.010976027185097338,0.002044361212756485,7.66781644821167,0.4993967950344086,0.0003120783585472964,0.1457523725926876,4.465591144561768,0.017551020067185164
282,0.036337900906801224,4.386468076705933,0.016384703386574984,0.0018930806720163674,3.216049587726593,0.007023982261307538,0.0001426513947080821,0.006569673703052103,2.5088052630424498,0.00019766831464949064
283,0.0020192130119539796,0.010588059620931744,0.00683384535368532,0.0034945248626172543,4.0070932626724245,0.0010055664170067757,0.00016973382371361368,0.7423730462789536,9.521524000167847,0.01545603726990521
284,0.022477954719215633,1.4162014603614808,0.004099535173736513,0.019911348167806864,4.966533660888672,0.0012609686586074532,0.0016526882827747613,1.2021777510643006,1.4791563510894776,0.0017662934551481158
285,0.0015129826439078896,3.996565616130829,0.009664898552000523,0.00011362532932253089,0.000482952113088686,0.00039152085228124636,2.2081774659454823e-05,0.0005285497667500749,3.6490429639816284,0.0014308176818303765
286,0.0010838433634489774,0.02570181442424655,0.002762710175011307,0.003256421140395105,3.177465093135834,0.0014269890030845999,7.342698190768716e-05,0.0018726659880485385,4.65304434299469,0.004831180721521377
287,0.027274159900844096,13.296878576278687,0.07181920185685157,0.0005810498521896079,0.00040418104908894746,0.002133344172034413,8.500394142174629e-05,0.0010348322510253638,3.9674245715141296,0.6265218883752823
288,0.008747924072667956,1.6935505390167236,0.004852301417849958,0.0010604358511045575,0.00041087456338573247,0.0011399063398130238,0.0005973293504212051,3.026112997531891,5.2746018171310425,0.0018798699311446398
289,4.521798673522426e-05,0.0016360257344786079,0.00019897290476365015,2.1417846437543633e-05,9.906965169648176e-05,3.998198753834004e-05,2.317825874342816e-05,0.00017159338385681623,2.6638537287712096,0.0032680666190572083
290,0.0007092548505170271,2.2925169348716734,0.0011703885800670832,7.885616651037708e-05,3.5804975390434266,9.642782388255001e-05,0.00016007376325433142,0.0072635725606232885,0.294636657834053,0.0005369059246731922
291,0.7448278903961182,8.281821012496948,0.015169699909165502,0.00048021935072029015,0.000801672789384611,0.0009098243986954914,0.00017575850506545976,0.0017287542112171652,3.6296221375465394,0.2437398001551628
292,0.0021542951930314303,3.375045156478882,1.8446493089199065,8.143789127643686e-05,0.00022216698707779872,8.6092345736688e-05,8.603534042777028e-05,0.0006059096573153511,0.7957716971635819,0.0016507383610587568
293,0.04886422920972109,5.433166027069092,0.005450993124395609,0.00037030069215688856,0.00040518343157600615,0.0005937959591392428,7.24503679521149e-05,1.4712182879447937,4.3873719732800964e-05,8.841440394462552e-05
294,0.2531384274363518,3.749015152454376,0.0023992367088794715,0.00012786291699740104,0.0008467189240036532,0.00017141224889201113,0.00014051695834496058,0.002599062351509929,0.0008717543591046707,1.1717569231987
295,0.0017958477954380214,0.02492951499298215,0.0004544492010609247,0.0023464707308448853,4.393236231803894,0.0002556817853474058,0.00011626603482000064,0.003841663035564125,0.00011533889701240697,0.001580357551574707
296,0.10080798082053662,9.941126298904418,0.04285631477832794,0.0012196837516967208,1.6690880179405212,0.004428593255579471,0.00034302868443774064,1.7598235726356506,0.0014824127545580267,6.405134630203247
297,0.09307782128453254,18.285770225524903,0.12525286786258222,0.009097096044570208,0.9339187949895859,0.20603804290294647,0.0002845472045009956,0.018943263310939075,0.0009229936811607331,0.30109763741493223
298,0.005401358939707279,0.052150138095021246,0.001203151827212423,0.0012132136791478843,5.905928087234497,0.0006139974313555286,0.00021764305492979474,0.0018516461947001518,0.006549887964501977,7.34663496017456
299,5.4545866441912955e-05,0.0011276787961833179,6.259752008190844e-05,8.143701197695919e-05,0.2044180914759636,1.0915564507740784e-05,6.620003614443705e-06,0.00014831102380412632,8.172112902684602e-05,0.00016297175534418784
300,3.842520163743757e-05,0.003366219892632216,0.00017133519795606847,1.624426413400215e-05,3.242866660002619e-05,4.687720918655396,2.4216495694417977e-05,0.0001259257878700737,2.949643623828888,0.0003838689415715635
301,0.011308081448078156,9.057940864562989,0.025787271931767462,0.0012604858377017081,0.0002465913785272278,0.0022200332721695306,0.00020059039889019914,0.0005324751924490556,15.048735952377319,0.0017238570435438305
302,0.005914094531908632,8.776470470428468,0.01057434193789959,0.0002347021203604527,0.0003168100636685267,0.0010478459065780044,0.00013598017540061846,4.470158481597901,6.769486784934998,0.0022020375821739436
303,0.0033322950010187926,5.1874642133712765,0.006003368017263711,0.00014726300942129457,0.0003253800256061368,0.00047131060564424847,0.00010882466413022485,0.001103758142562583,2.1045852303504944,0.002136168291326612
304,0.0005014403534005397,2.5997647643089294,0.0007663174503250048,6.6770141529559625e-06,0.00012300855523790234,0.00012064393886248582,6.404867076525989e-06,0.000182372955896426,1.4217504985936103e-05,1.5592992986057654e-05
305,0.3861132085323334,15.227766227722167,0.046666317991912364,0.04257631786167622,3.0431862235069276,0.9636794447898864,0.0015999155817553402,0.0031598546309396626,1.5909898340702058,0.037327470257878304
306,8.985707754618488e-05,0.0061305873328819874,0.00012597776440088638,6.469884028774686e-05,0.00014826772385276855,1.928357360156952e-05,2.2393775907403324e-05,0.0012929536460433155,1.8957201480865478,0.0016233313363045454
307,0.00040485417121089996,0.014237772114574911,0.000552767445333302,0.0003673071609227918,3.6841698408126833,0.00019068157998844982,0.00010268635123793502,2.2634841561317445,1.9524127960205078,0.001694107917137444
308,0.0017325486347544937,0.9831071138381958,0.002235833229497075,0.0003968854507547803,0.00037569742853520437,0.0012602656497620046,0.00019447907907306218,0.0014249097264837473,2.23307888507843,0.002617283980362117
309,0.059217972308397294,13.21919059753418,0.04053884763270617,0.0014673482102807612,0.0003074862193898298,0.0025496535236015916,0.00040521767368773,0.009957450581714511,5.321871948242188,0.4774773642420769
310,3.30156137351878e-05,0.0014681093336548657,4.7115552115428726e-05,1.0350120328439516e-05,5.803347921755631e-05,1.5432711234097954e-05,5.595150446424669e-06,0.165137679874897,1.8323903987038648e-05,1.7524334634799742e-05
311,0.009390340745449066,8.642007493972779,0.006358538963831962,0.000257229563430883,0.00021809115642099642,0.0002389055662206374,3.557764812285313e-05,0.0005400124617153778,0.8924106746912003,0.002598606271203607
312,0.031346877850592134,8.502871751785278,0.037953531928360464,0.006138974940404296,2.611141049861908,0.029427481722086667,0.0025566026568412782,0.0026552154216915374,9.636931467056275,0.3459440231323242
313,0.018208477925509215,8.282445430755615,0.022711287159472706,0.002212799421977252,0.0017010583716910333,0.0008963081956608221,0.00042468040192034096,1.006193608045578,2.2234076023101808,0.0020801419974304735
314,0.0005777573620434851,2.160689926147461,0.0005183329514693469,4.10770247981418e-05,0.00015187565732048826,5.577185129368445e-05,2.3651150604564465e-05,4.834954953193664,3.930211423721631e-05,3.7393846287159246e-05
315,0.10332459025084972,22.588925075531005,1.0160499691963196,0.0001610866136616096,0.00029618247790494937,0.001768974371952936,0.00015703762765042483,2.871673107147217,4.98457697176491e-05,5.018086230847985e-05
316,0.09245764762163163,20.641957664489745,1.5009649097919464,0.00480669504031539,2.1487736821174623,0.012311827158555388,0.00048400227242382247,0.006400940800085664,0.009211329789832235,7.0899012088775635
317,0.00600626515224576,3.521436297893524,0.002010416891425848,0.00043691346945706755,11.922025060653686,0.0008029348507989199,0.0006361261825077237,0.0023371726856566966,0.0003444978516199626,1.5591197073459626
318,0.0230946003459394,4.319162201881409,0.007115685730241239,0.0011320162215270103,1.654628735780716,0.0013763222261331976,0.0002643643543706276,0.0012629234814085066,1.1824786186218261,8.676501798629761
319,0.004272400680929423,7.281284141540527,0.00530217404011637,0.0001254362527106423,0.0004897105871350504,0.00019868112285621465,7.844542415114121e-05,3.5728431344032288,8.350179014087189e-05,4.092275976290694e-05
320,0.0001094941639166791,0.0022237508441321553,9.137881606875453e-05,5.355982648325153e-05,4.451570343971253,3.574711463443237e-05,5.323392324498855e-05,0.13858603015542031,5.517659537872533e-05,2.7341608983988408e-05
321,5.620028132398147e-05,0.0033602597657591106,0.0007688830111874268,0.00020427531053428537,0.00012110249808756634,0.0001271170134714339,7.945077322801808e-06,0.0004579253931296989,0.21268505603075027,0.06062752529978752
322,0.0018293984699994325,4.237790322303772,0.0013688726234249772,5.130379904585425e-05,0.00015781697511556557,0.00014372333316714503,2.112846914315014e-05,0.0004145717204664834,5.398419325501891e-05,3.818166369455867e-05
323,4.570207402139204e-05,0.001858151244232431,3.705087892740267e-05,1.4453347648668571e-05,0.00010951977492368314,1.3535517109630747e-05,1.5097982759471051e-05,6.813328528404236,1.0841037465070258e-05,1.4832123224550743e-05
324,0.0003607841950724833,3.2969764709472655,0.00047735514817759395,2.625965929031372,4.52298885647906e-05,3.715230432135286e-05,1.0004211981140543e-05,0.00021946602500975133,1.2038278509862722e-05,1.1290575685052318e-05
325,0.0001405003196850885,0.0018890769977588206,9.234016943082679e-05,4.104141735297163e-05,3.6550743341445924,3.8891668373253205e-05,1.542047434668348e-05,0.00018151232216041536,5.877437997696689e-05,6.114933439675952e-05
326,0.0008676718571223319,2.2194408178329468,0.0006296714127529413,1.2547926144179655e-05,0.0001393292724969797,3.9850469693192285e-05,2.2717577394359978e-05,0.0012593086692504587,7.028209729469382e-05,4.154021444264799e-05
327,0.2328556574881077,6.798334383964539,0.06709638237953186,0.08164641819894314,2.6377132177352904,0.05880740582942963,0.0009254629287170247,0.005255702161230147,7.930614280700683,0.03757989276200533
328,0.008750645350664854,5.312248849868775,0.027994803059846165,0.05634911172091961,0.36411288380622864,0.002324953768402338,0.0011992469721008093,0.002084750111680478,8.456098556518555,0.001463713130215183
329,0.004336791392415762,5.259726047515869,0.005100019811652601,0.00011974911540164613,0.00013615747302537785,0.0002720034390222282,0.0008871522877598181,0.0005537403136258945,4.3343428611755375,0.002992706815712154
330,0.008452343102544547,3.564889597892761,0.022002619970589877,0.0010526244703214615,0.3050638422369957,0.9834788292646408,0.0006358701153658331,6.066120743751526,6.677314686775207,0.04987976532429457
331,0.012588119274005294,7.325030207633972,0.025596804544329645,0.00013032221613684672,0.0002206537283200305,0.043778378330171105,1.438902195332048e-05,0.9426985114812851,9.068288236449008e-05,0.00013496148894773797
332,0.15423257499933243,3.3217214703559876,0.00557572788093239,0.002805657230783254,9.879889631271363,0.31937981843948365,0.00023606562244822278,0.49695468991994857,2.212567400932312,0.000574877139297314
333,0.4484643146395683,9.18338222503662,0.024642990343272688,0.0014339710935018957,2.539970135688782,0.0025898361462168397,0.0003479678518488072,0.002917785604950041,0.0027969626709818843,7.612801122665405
334,0.08145534247159958,27.439314365386963,0.23109275698661805,0.0014115871861577034,0.4717883661389351,0.0027531047235243022,0.0007181060820585117,6.310511255264283,0.0015509992721490563,1.4731431782245636
335,0.06857858784496784,10.736741399765014,0.019520556833595038,0.001779451407492161,3.252237105369568,0.0020299989031627775,0.0005311963148415089,0.00111550337751396,0.08206180930137634,7.2005171298980715
336,0.00020843807069468313,0.9841200888156891,0.00014463970364886336,1.4963952935431735e-05,0.00019600374071160331,5.8753684425028044e-05,1.7413884688721736e-05,0.0018047193938400597,0.00017465641431044788,0.0002644293854245916
337,5.5039424660208175e-05,0.0025561561109498144,0.00027893995866179466,0.0003418465319555253,0.00025402831088285895,6.962265179026872e-05,2.075192796837655e-05,0.00022890758918947543,3.140821099281311,0.0004424887607456185
338,0.00043375729292165487,0.6501862049102783,0.0012136906560044735,8.928488605306484e-05,0.0005903035431401804,9.744071248860565e-05,1.955580491994624e-05,0.0011244841560255736,2.72111656665802,0.004842550633475185
339,2.8692856903944634e-05,0.0019823609734885396,3.828228545899037e-05,1.6936455722316168e-05,9.66840711043915e-05,1.590759311511647e-05,1.179169626084331e-05,0.00015283314714906738,0.04788714591413736,7.752298006380443e-05
340,8.254449130618015e-05,0.00218327563488856,0.00020059488742845135,5.566457948589232e-05,0.0004144401871599257,2.198904439865146e-05,4.067394620506093e-05,0.0010749871551524847,1.5004158854484557,0.040106322057545184
341,0.09177905060350895,1.295783019065857,0.010760165192186833,0.054725650884211066,0.14975298568606377,0.0013775177474599333,0.005834509339183569,0.0008490423351759091,4.3398782968521115,0.009049283247441054
342,5.3484343516174705e-05,0.0017321387713309377,8.432008362433408e-05,5.8349941537017005e-05,6.590304910787382e-05,4.973615687049461e-05,8.268631836472197e-06,0.0003182536776876077,0.6727025449275971,0.02327661830931902
343,0.003871031221933663,5.772528648376465,0.00465993033722043,7.669383776374162e-05,0.000246423023781972,0.00025389424408786,4.9950065658777034e-05,4.472504568099976,1.3780648589134217,0.007165545946918428
344,0.00529530409257859,3.814173710346222,1.028813886642456,0.0009296446980442852,0.8555960804224014,0.00044566570140887053,6.967906556383241e-05,0.005005972436629235,8.921435037336779e-05,8.363731139979791e-05
345,0.0029674176825210453,2.6193875908851623,0.000989821250550449,0.0006100244092522189,0.002988548006396741,0.0002428578991384711,1.3007859349250794,2.191424250602722,0.0007138671790016815,2.9570865511894224
346,0.0021240487578324976,3.937618851661682,1.1379099190235138,1.8199205078417437e-05,8.72328080731677e-05,0.0004622961336281151,1.672794114710996e-05,0.0004761316915391945,2.7145220701640938e-05,2.3458009763999144e-05
347,0.031637366674840454,8.899039697647094,0.006843529012985528,0.044989340379834174,0.07439976111054421,0.0003812102077063173,6.380021004588343e-05,1.109901237487793,0.0006906088499817997,0.00029361583001445983
348,0.0012728858855552971,2.974284088611603,0.0007380243070656434,2.9316355812625262e-05,0.0005438354448415339,9.941046919266229e-05,1.7397081865055953e-05,0.0010784541838802398,6.550685211550445e-05,3.869359770760639e-05
349,0.003127286757808179,5.050599813461304,0.0015636899101082236,4.069407641509315e-05,6.337460181384814e-05,0.00012955853817402387,2.3215068995341426e-05,0.00026139568071812395,2.873292751246481e-05,2.5073374217754463e-05
350,0.002869059192016721,4.6322197914123535,0.013807483017444612,8.955970988608897e-05,0.02364540155977011,0.0005189793853787705,0.0022252108785323797,0.006951704388484359,0.26612928360700605,0.0005309622851200402
351,0.008959250571206213,4.872287011146545,0.008421557303518058,0.03369210734963417,0.7337677299976348,0.0007278809294803068,0.0014296551526058465,0.0027484832680784166,1.0261926531791687,0.00044466330436989667
352,0.000717595242895186,3.393796277046204,0.0011819765495602041,7.424732175422833e-05,0.0001805860818421934,6.0390982071112376e-05,1.6504306677234128e-05,0.00038913865282665946,0.00014035946151125245,2.6278546192770592e-05
353,0.000295812776312232,0.003044365835376084,0.0001212709306855686,4.8390684787591455e-05,3.8939718127250673,3.875771635648562e-05,2.386005980952177e-05,0.0006307231553364546,1.8559841282694834e-05,2.2918232934898698e-05
354,0.0011240974010434002,0.9679248541593551,0.003493999340571463,0.00028257921803742647,0.0008276290929643438,0.0003993020742200315,6.692780334560666e-05,0.00048302496579708535,5.863795781135559,0.0010504756937734783
355,0.0007732424273854123,3.333659863471985,0.0008480286691337825,2.7540245446289192e-05,5.5317808801191866e-05,0.00011691852632793598,3.128127646050416e-05,0.0002983269863761962,4.3257484503556046e-05,4.102775055798702e-05
356,0.017599104065448047,8.055111980438232,0.009309535333886742,6.402416656783316e-05,0.00039040512201609094,0.0005558409000514075,4.096864686289337e-05,0.0009948211663868278,4.7886949687381275e-05,4.316628674132517e-05
357,0.07243690453469753,1.7733335673809052,0.024458082020282747,0.0004323380155256018,0.028962417505681515,0.007179578021168709,0.0002547507217968814,0.003946440108120441,5.3520866394042965,0.0015968480031006039
358,8.150783287419472e-05,0.0015983333927579225,0.0009960606112144887,9.871506917988882e-05,0.0001672126745688729,0.00012491692614275963,4.58624877865077e-05,0.0002402587211690843,7.477040266990661,0.0008755376271437854
359,5.596943246928277e-05,0.0028471184545196594,0.00015391967390314677,7.774319710733835e-05,0.00027696712495526297,4.174036330368836e-05,1.2427621095412178e-05,0.00026096135989064353,2.3668617963790894,0.001009939447976649
