path	size_bytes	sha256
data/.DS_Store	10244	a803be1691f335993906ce99f2bd426799498558926e3010219b557b76cfc991
data/README.md	6801	a6d0bfb8d3b1b74b3e2d23e1a89da1aa21507d826d8e195c4df081cb4567f721
data/archive/README.md	417	3dabbf9587210d5a51fc5197bf0f992868ec71e73fac9f1b61afe88cc48197ef
data/archive/legacy_results/cell2location_results/deconvolution_plot.png	1398406	1db25527338874b2cac1d24c8de1b1efe4fc3f71024f4fac6688e3e0d4616fbb
data/archive/legacy_results/cell2location_results/means_cell_abundance_w_sf.csv	38777	bc15177fe53f28b694c581fa676a763fcb73bd19f544879207b9fa31ab123cbe
data/archive/legacy_results/cell2location_results/q05_cell_abundance_w_sf.csv	70506	40751efc8a9e42c723417a8d53c320ab3d53a8416d65f6bde3dea67f1699ff46
data/archive/legacy_results/deconvolution_results/cell2location/atac/Brain_1_highly_accessible/means_cell_abundance_w_sf.csv	145053	bff00e4f2d5694faa7051dae73483cff07512db9f6bd151dba12592e25c51fc8
data/archive/legacy_results/deconvolution_results/cell2location/atac/Brain_1_highly_accessible/q05_cell_abundance_w_sf.csv	263434	d98faa875bdfe5d56214692e6dcab84626eb4a6832501b04daf91328112867ed
data/archive/legacy_results/deconvolution_results/cell2location/atac/Brain_1_highly_variable/means_cell_abundance_w_sf.csv	145028	3ca272cad962d1bf7e5b4ce2679bfe9d34440223379aab996831465ad1cbd18e
data/archive/legacy_results/deconvolution_results/cell2location/atac/Brain_1_highly_variable/q05_cell_abundance_w_sf.csv	263851	54df495496a47ea3ae4ed4d14516b3c45cc512a1ee950da4633abbca18a6b426
data/archive/legacy_results/deconvolution_results/cell2location/atac/Brain_2_highly_accessible/means_cell_abundance_w_sf.csv	141129	3852847504093687068ef1ef994d02d634a2303bf29c8babc6681fa479f132ef
data/archive/legacy_results/deconvolution_results/cell2location/atac/Brain_2_highly_accessible/q05_cell_abundance_w_sf.csv	253597	d06009f06a135edc84a9410c45b7926873b9195115dbe3e5df6f9aeb1e0fdba8
data/archive/legacy_results/deconvolution_results/cell2location/atac/Brain_2_highly_variable/means_cell_abundance_w_sf.csv	141163	2607717dafb64df77a5fb8b6c8dfe0e705940d1e86338ccc4bc6aa265b2c3c94
data/archive/legacy_results/deconvolution_results/cell2location/atac/Brain_2_highly_variable/q05_cell_abundance_w_sf.csv	254330	56fb7e3bf83f763a29eeb97a743b698b0abbb1f1acc3efefe3b6721356b98600
data/archive/legacy_results/deconvolution_results/cell2location/atac/Brain_3_highly_accessible/means_cell_abundance_w_sf.csv	143653	cb44592a328e99b85267f8ce25ffc3b49bc1b362ab1d42c48fa418bbcf8f6c4c
data/archive/legacy_results/deconvolution_results/cell2location/atac/Brain_3_highly_accessible/q05_cell_abundance_w_sf.csv	257684	17d1a774a29478695716306ac9be6a98234c6b4167dddf4995df66aaa264843f
data/archive/legacy_results/deconvolution_results/cell2location/atac/Brain_3_highly_variable/means_cell_abundance_w_sf.csv	143971	a59aedaa01691dc760a82ec3d7d04334344a457e615f2ad7fab2f4f8c3d33d56
data/archive/legacy_results/deconvolution_results/cell2location/atac/Brain_3_highly_variable/q05_cell_abundance_w_sf.csv	258570	8da813be521df4484a420c7482b5e7139215639987fa78c80ebbd2ee1a465a59
data/archive/legacy_results/deconvolution_results/cell2location/atac/Brain_4_highly_accessible/means_cell_abundance_w_sf.csv	145658	b2bbd000d0c5ff968e0870cd80f235d4c6120c25c92dd6786f29da666c430162
data/archive/legacy_results/deconvolution_results/cell2location/atac/Brain_4_highly_accessible/q05_cell_abundance_w_sf.csv	263087	a426d90e605238fbbbcb9fbfc6ffe6024d46ca2606272851a1b1cabd234c9e5c
data/archive/legacy_results/deconvolution_results/cell2location/atac/Brain_4_highly_variable/means_cell_abundance_w_sf.csv	145839	1c6e398460310fe069b88389f3d3b43e9f7bf1169fa56a0980cbf9c2fbad4e8c
data/archive/legacy_results/deconvolution_results/cell2location/atac/Brain_4_highly_variable/q05_cell_abundance_w_sf.csv	263816	1f7b103aa58f90e2c3ab398280ae14790792f72c3a41ea8ff28dca076d2431f3
data/archive/legacy_results/deconvolution_results/cell2location/atac/Heart_1_highly_accessible/means_cell_abundance_w_sf.csv	132340	df63d970f9545e19545295360734408bc0380091a6ac44debc679d9c2444eca3
data/archive/legacy_results/deconvolution_results/cell2location/atac/Heart_1_highly_accessible/q05_cell_abundance_w_sf.csv	241115	06cfe15036e5442fb39b59bbefe729b3a775da3f9d3aa7dcc74ef09c29403712
data/archive/legacy_results/deconvolution_results/cell2location/atac/Heart_1_highly_variable/means_cell_abundance_w_sf.csv	131931	56e9db17ee29eedb0676e35b2ae907ac2a90c173aef1d0661d65ba879a9be020
data/archive/legacy_results/deconvolution_results/cell2location/atac/Heart_1_highly_variable/q05_cell_abundance_w_sf.csv	241483	808bf22921c44d42119a98ae510f949cadf2f21a9f920c56b429dd83dbcc1716
data/archive/legacy_results/deconvolution_results/cell2location/atac/Heart_2_highly_accessible/means_cell_abundance_w_sf.csv	127937	ec67d5571b0b29d832eab9427e5907a665c532ba2fc36da50f149285f30185a6
data/archive/legacy_results/deconvolution_results/cell2location/atac/Heart_2_highly_accessible/q05_cell_abundance_w_sf.csv	230810	975769a288948e088f83ff53b55c61e65c7ef2511d3b4f57d94de42951602043
data/archive/legacy_results/deconvolution_results/cell2location/atac/Heart_2_highly_variable/means_cell_abundance_w_sf.csv	129401	988b86428d54dd1604b14e0d5ba1b75a8936a00146aa5732677fe2fcf4b1a5ec
data/archive/legacy_results/deconvolution_results/cell2location/atac/Heart_2_highly_variable/q05_cell_abundance_w_sf.csv	233472	996f2d9686be62ef63aece8b2363bad000ec5f495b647811bcf2dce7a19727b6
data/archive/legacy_results/deconvolution_results/cell2location/atac/Heart_3_highly_accessible/means_cell_abundance_w_sf.csv	129803	9dbe2e94a65c8fa48f591e11863e6e87faa3b83239c7a2a20c1c2213ea743f45
data/archive/legacy_results/deconvolution_results/cell2location/atac/Heart_3_highly_accessible/q05_cell_abundance_w_sf.csv	234040	2ef06fcf014581baa98ecf5bfb7bb2d5720b80a9083d9b240865e80179ffc687
data/archive/legacy_results/deconvolution_results/cell2location/atac/Heart_3_highly_variable/means_cell_abundance_w_sf.csv	131036	cca9d72b4b782909042a3a927d1e636ee5df48b1f838d7df3b6fb1f357207d81
data/archive/legacy_results/deconvolution_results/cell2location/atac/Heart_3_highly_variable/q05_cell_abundance_w_sf.csv	236845	8722cbb4997683d2507f7fb9ed88936e42c3b7b1097d98c55c8d0619a1dd0c58
data/archive/legacy_results/deconvolution_results/cell2location/atac/Heart_4_highly_accessible/means_cell_abundance_w_sf.csv	132127	186550f347102a3a5fb03369fff71c06f49ba789137f770503fc45a4679e4d02
data/archive/legacy_results/deconvolution_results/cell2location/atac/Heart_4_highly_accessible/q05_cell_abundance_w_sf.csv	239416	42a8367a1f4a04c12f3a8f1db68e10e21ee5c28dbbfafb29195dc114333c3419
data/archive/legacy_results/deconvolution_results/cell2location/atac/Heart_4_highly_variable/means_cell_abundance_w_sf.csv	133123	8a4a6e1ba2552e1aed82cc60a9f807cec47143bf4b8495db88f2578fe87acca7
data/archive/legacy_results/deconvolution_results/cell2location/atac/Heart_4_highly_variable/q05_cell_abundance_w_sf.csv	242008	75f8151c1bd4d22bdbc8694bbb617dabea56537409275795d34b5f4a68d7ae4a
data/archive/legacy_results/deconvolution_results/cell2location/atac/russell_250_highly_accessible/means_cell_abundance_w_sf.csv	41928	f26601b1f6efe5c570c54fb66a281e7a6dbe2db080a313c1e058e1ff72c5a65a
data/archive/legacy_results/deconvolution_results/cell2location/atac/russell_250_highly_accessible/q05_cell_abundance_w_sf.csv	76050	670706414c89e08360ea3a85eacdec06a63b8616b807f9f8e32bb204ad7b46f6
data/archive/legacy_results/deconvolution_results/cell2location/atac/russell_250_highly_variable/means_cell_abundance_w_sf.csv	42271	aa9a845a3276d21b896b13c4d734e7670619c5cda4b759cd1165368e39ce078e
data/archive/legacy_results/deconvolution_results/cell2location/atac/russell_250_highly_variable/q05_cell_abundance_w_sf.csv	76822	12c3d79c1794a2336809d6aab08dc5c27d093202f5af80e706539012d886aa95
data/archive/legacy_results/deconvolution_results/cell2location/rna/Brain_1_highly_variable/means_cell_abundance_w_sf.csv	143980	6cfbc0cd1f40d9bbb14691069ab6773c46b1f134302a7f83607db7809d573cd9
data/archive/legacy_results/deconvolution_results/cell2location/rna/Brain_1_highly_variable/q05_cell_abundance_w_sf.csv	262629	3f8d698cc483674c27cbe2c9c0f7d31981790219fd9d83d7120387ad4dfa0ec4
data/archive/legacy_results/deconvolution_results/cell2location/rna/Brain_2_highly_variable/means_cell_abundance_w_sf.csv	145359	f380e3b29e6182f5684979002f74f5a60e9d533ca4b98359bbf2f4e208da0b3b
data/archive/legacy_results/deconvolution_results/cell2location/rna/Brain_2_highly_variable/q05_cell_abundance_w_sf.csv	258423	4e03444a39d60b2969f5aa60e0f58a58d8265f7c458e5f796a2251ca0a485b35
data/archive/legacy_results/deconvolution_results/cell2location/rna/Brain_3_highly_variable/means_cell_abundance_w_sf.csv	150008	934ed1886958e35d5836b7282c29c7589b841c4afce90432d5aeb5dd1e8ab197
data/archive/legacy_results/deconvolution_results/cell2location/rna/Brain_3_highly_variable/q05_cell_abundance_w_sf.csv	263994	b73a9382a6153a6b1e569520b957769e7b6e0e48ec02d5f4c2d56c891d31f445
data/archive/legacy_results/deconvolution_results/cell2location/rna/Brain_4_highly_variable/means_cell_abundance_w_sf.csv	151437	e585ee23b46070f161743a9c3e5edd420934c008a597b1255ffe65e874efe1bf
data/archive/legacy_results/deconvolution_results/cell2location/rna/Brain_4_highly_variable/q05_cell_abundance_w_sf.csv	268869	e4fe79c9b12accf1f76aa18a28a87cbea164cb2ad683ec3fad1c7be5ba0a50a8
data/archive/legacy_results/deconvolution_results/cell2location/rna/Heart_1_highly_variable/means_cell_abundance_w_sf.csv	136274	a1f5ff87339a13778f99a6d51cd2cc3d0a9005503f621feaaeb8b00410d867bd
data/archive/legacy_results/deconvolution_results/cell2location/rna/Heart_1_highly_variable/q05_cell_abundance_w_sf.csv	246544	313358f9ab3cce63c2674918136a8f0611a1a671d8e4e72d0e61c9d9e395718d
data/archive/legacy_results/deconvolution_results/cell2location/rna/Heart_2_highly_variable/means_cell_abundance_w_sf.csv	136140	e9edddac1e7b100db68a97456e12b9a438d4a47c9ff886a6676f8c6112d4d767
data/archive/legacy_results/deconvolution_results/cell2location/rna/Heart_2_highly_variable/q05_cell_abundance_w_sf.csv	240329	ccc851188c249162b93251e8c3fa601a36710c54355bb5f255c5b8cf1fa90a02
data/archive/legacy_results/deconvolution_results/cell2location/rna/Heart_3_highly_variable/means_cell_abundance_w_sf.csv	140401	dc30939064130839175c0dfd0d4ddc11b69bf23710cab6be4a61a327153febd6
data/archive/legacy_results/deconvolution_results/cell2location/rna/Heart_3_highly_variable/q05_cell_abundance_w_sf.csv	244676	7806652555ed84aac7dc3cc0645b717a3c7717a43f9d6298512a11e7c5b4ea4c
data/archive/legacy_results/deconvolution_results/cell2location/rna/Heart_4_highly_variable/means_cell_abundance_w_sf.csv	142770	1621c2a6d16f239c27c18f4c08ac94d02d4066a10e7923aee672a9648f9c655a
data/archive/legacy_results/deconvolution_results/cell2location/rna/Heart_4_highly_variable/q05_cell_abundance_w_sf.csv	249493	925fa3abf788973d5babf806f499a40ebf164dbe15741d15ce4a1af466e5b68e
data/archive/legacy_results/deconvolution_results/cell2location/rna/russell_250_highly_variable/means_cell_abundance_w_sf.csv	43003	cc33d081a9d10f5336939ad80ce913f8b828590157d3f41abbf29e9c07d6333a
data/archive/legacy_results/deconvolution_results/cell2location/rna/russell_250_highly_variable/q05_cell_abundance_w_sf.csv	76953	15ffb9d2c6b854ff2800cb374c2b19783deda732b5982ce8368a163fca54e9aa
data/archive/legacy_results/deconvolution_results/destvi/atac/Brain_1_highly_accessible/predicted_proportions.csv	158203	f7c2a8750390c36de0a3cc8b8bfd99203da8ce479cb1091715422c9b26406ef8
data/archive/legacy_results/deconvolution_results/destvi/atac/Brain_1_highly_variable/predicted_proportions.csv	158756	588ed63a7128acbf3d63cad6c73e0b37f7c7698fed00a01b7762f71046d42267
data/archive/legacy_results/deconvolution_results/destvi/atac/Brain_2_highly_accessible/predicted_proportions.csv	153342	a8ccd9c9341715cda3a2f458b5f06cbba29a515136b51f794625fd98be748df0
data/archive/legacy_results/deconvolution_results/destvi/atac/Brain_2_highly_variable/predicted_proportions.csv	154140	5fb2466af673731c9ae1f8b14e40c882c248eeb7a344da482664f12ab112ce0d
data/archive/legacy_results/deconvolution_results/destvi/atac/Brain_3_highly_accessible/predicted_proportions.csv	153892	aa11727a812c791056d17ce814272ea3820f7e6eb62e47b5e4eac9ae94cba0b1
data/archive/legacy_results/deconvolution_results/destvi/atac/Brain_3_highly_variable/predicted_proportions.csv	154780	869cc3e28d57930e1acaec7dab060cbbfbedcd14b4a7c183906f281b947eb73d
data/archive/legacy_results/deconvolution_results/destvi/atac/Brain_4_highly_accessible/predicted_proportions.csv	158364	ec2ea9cd42d6f38b3510834e87d67f17ac62521fc1e19a2e1f1d19aba76be77a
data/archive/legacy_results/deconvolution_results/destvi/atac/Brain_4_highly_variable/predicted_proportions.csv	157217	b091e25cfeec51c76fe4a0f39af46564dcd424f4a9cbdd746d94d2378a7dfbe6
data/archive/legacy_results/deconvolution_results/destvi/atac/Heart_1_highly_accessible/predicted_proportions.csv	152798	88c746ee9d007515e2f15a1a3465088ffc709dd4258c7fc06a852e707c98134e
data/archive/legacy_results/deconvolution_results/destvi/atac/Heart_1_highly_variable/predicted_proportions.csv	150794	1c0e08327afab0e44ee0118bd44b5ea20e98a5500946810ab8aea35d145c77c5
data/archive/legacy_results/deconvolution_results/destvi/atac/Heart_2_highly_accessible/predicted_proportions.csv	148119	6c728eda5b4aa420fcc58ac3b4cdc6bd9b1f2704206e9757bac796cc94cd8c8b
data/archive/legacy_results/deconvolution_results/destvi/atac/Heart_2_highly_variable/predicted_proportions.csv	142211	557b452b9614ce02f38daf1e5c5145832acbad576d24b0a2ffe2256e30d1a8ea
data/archive/legacy_results/deconvolution_results/destvi/atac/Heart_3_highly_accessible/predicted_proportions.csv	146858	350e204da11ec48acc090b9f5e752ddf1704b1b7375d0cb06beff3e9de550b66
data/archive/legacy_results/deconvolution_results/destvi/atac/Heart_3_highly_variable/predicted_proportions.csv	140642	d2fa30b0875b0a03796be735691c8e52386e04d5f21fc8e40c1ae7288c4dde49
data/archive/legacy_results/deconvolution_results/destvi/atac/Heart_4_highly_accessible/predicted_proportions.csv	148893	1c559b1cd04c929920382dd028993e20cbfac6511177b244a1c7bb200d290b3c
data/archive/legacy_results/deconvolution_results/destvi/atac/Heart_4_highly_variable/predicted_proportions.csv	144612	b6d382aca4f28c1b069ec37c16c59e2b4be5ad9cec597cd7d1be7063aac0aff6
data/archive/legacy_results/deconvolution_results/destvi/atac/russell_250_highly_accessible/predicted_proportions.csv	41465	70564f957b049ddb722d5617348defd00330ebc670bd4fd8542cf922ec984254
data/archive/legacy_results/deconvolution_results/destvi/atac/russell_250_highly_variable/predicted_proportions.csv	41645	4e4f3f92902393a63bfd52e99b8af756a3d318102ac8e6d223276e05ec2b7b9d
data/archive/legacy_results/deconvolution_results/destvi/rna/Brain_1_highly_variable/predicted_proportions.csv	160276	f7df75ee267703a8d246977c973b145a0a7c93a3d4de0e0607c62e97c5bf45d7
data/archive/legacy_results/deconvolution_results/destvi/rna/Brain_2_highly_variable/predicted_proportions.csv	148999	54189d844fa9b46fea87fd75bcc76b04366998f037b6a1937341bd316058ebc4
data/archive/legacy_results/deconvolution_results/destvi/rna/Brain_3_highly_variable/predicted_proportions.csv	150549	d44cf07c03971d68690ecd6a1836a13b8b8bacb0de36632bee5042aa629e40a8
data/archive/legacy_results/deconvolution_results/destvi/rna/Brain_4_highly_variable/predicted_proportions.csv	157200	acc4f739b62174505eff220bed9a1f3e88ba5f2dc16701d427fcc5d7397e1c6b
data/archive/legacy_results/deconvolution_results/destvi/rna/Heart_1_highly_variable/predicted_proportions.csv	149361	e2de5dfadd81c80396f0c0ec7a5672aaac493901a1f6214e7b2aef23a903aa34
data/archive/legacy_results/deconvolution_results/destvi/rna/Heart_2_highly_variable/predicted_proportions.csv	138589	ccda92d0b6021086c300f0df353c8e6a6f367fb3edca73df71d8d2ed3d794209
data/archive/legacy_results/deconvolution_results/destvi/rna/Heart_3_highly_variable/predicted_proportions.csv	141875	76229935a8dd1b0ddfa1a0b19d6f4e948531e7397360c3943dba2b8ab1d332d7
data/archive/legacy_results/deconvolution_results/destvi/rna/Heart_4_highly_variable/predicted_proportions.csv	147502	42739cf29b32e693d256882116c36a7a9338c9de5b50f8294a8101e1bfe8c0d2
data/archive/legacy_results/deconvolution_results/destvi/rna/russell_250_highly_variable/predicted_proportions.csv	44021	fea739b283401b1ed6a4c1b12d71d6a37495128709d91f4379a57955a641bee8
data/archive/legacy_results/deconvolution_results/rctd/atac/Brain_1_highly_accessible/estimated_proportions.csv	255384	578338afd2ba944a29c0ce71ee1d4bad934c33444485b2720bdbf0d86728075b
data/archive/legacy_results/deconvolution_results/rctd/atac/Brain_1_highly_variable/estimated_proportions.csv	255994	9377fe735f4a80043e5022e3174cb3fb095253e07d4eb3b970fe66458e8d06a9
data/archive/legacy_results/deconvolution_results/rctd/atac/Brain_2_highly_accessible/estimated_proportions.csv	245221	32785a647dc6fa4e823463d24832b6ad3c0655caaf3b6ce1fbdbc0575a0e1ec8
data/archive/legacy_results/deconvolution_results/rctd/atac/Brain_2_highly_variable/estimated_proportions.csv	245754	753a4f566132e6af8c1f27c398d948bdd20945f0053fd8c0258248bf42b9162c
data/archive/legacy_results/deconvolution_results/rctd/atac/Brain_3_highly_accessible/estimated_proportions.csv	248015	b743fee7095779c026899c841a0b4097ce12de49a2a898bd244362a5aa768670
data/archive/legacy_results/deconvolution_results/rctd/atac/Brain_3_highly_variable/estimated_proportions.csv	248821	1889d28fbef4a3fef21294be1fa33f3820c8e7648037f573de831b7235250924
data/archive/legacy_results/deconvolution_results/rctd/atac/Brain_4_highly_accessible/estimated_proportions.csv	252283	e680a9803b91677ccf73a1d960762b2e4d99c304ef29621f99909f25d2a7a810
data/archive/legacy_results/deconvolution_results/rctd/atac/Brain_4_highly_variable/estimated_proportions.csv	253293	a035aca48d9639f2379936daebdcc96ee383528009067dbfaa0c0317da90d9fa
data/archive/legacy_results/deconvolution_results/rctd/atac/Heart_1_highly_accessible/estimated_proportions.csv	232704	e060aa6fc7c73b40e53a9f7796ecb56be0c2269e7f163b06a29694389e251d32
data/archive/legacy_results/deconvolution_results/rctd/atac/Heart_1_highly_variable/estimated_proportions.csv	235254	0d22345a4fd20472bde66ca7aa7909bd9330f8937c2c7ceffae92f0dcc099ce5
data/archive/legacy_results/deconvolution_results/rctd/atac/Heart_2_highly_accessible/estimated_proportions.csv	225634	b6373eac842fdd311c9850f4bfb4e967621eedeeae5239c2c6c5d5e84ea859ed
data/archive/legacy_results/deconvolution_results/rctd/atac/Heart_2_highly_variable/estimated_proportions.csv	226375	d52b92a9773cbcdaea1c34f910eaf0e09d5b724f7d1d7b4491c82909a720c89c
data/archive/legacy_results/deconvolution_results/rctd/atac/Heart_3_highly_accessible/estimated_proportions.csv	228718	385b18af305f2aa93714f3002626d7a4dbab73746b2f56fa61161b22ce08338b
data/archive/legacy_results/deconvolution_results/rctd/atac/Heart_3_highly_variable/estimated_proportions.csv	229685	46724d9bffb576cb2b10fd1ce1c7a0fa1895075f0664236d49a2704546d092be
data/archive/legacy_results/deconvolution_results/rctd/atac/Heart_4_highly_accessible/estimated_proportions.csv	231995	f283ac417579dceadff3e8f53db19afde5eb6e280f27e1e874fcf46788b8e33d
data/archive/legacy_results/deconvolution_results/rctd/atac/Heart_4_highly_variable/estimated_proportions.csv	233424	9f4bd1037a9fd8bade7c904c5676a21c74410ea0fcbffa14dd95c001817f2987
data/archive/legacy_results/deconvolution_results/rctd/atac/russell_250_highly_accessible/estimated_proportions.csv	72879	fbbd3ee3ae6dd589a92fa73633f7f78f08e64f1ef27e682b8837ddc5584be6f6
data/archive/legacy_results/deconvolution_results/rctd/atac/russell_250_highly_variable/estimated_proportions.csv	73002	9b2d5f34b13d244abb447d3932e9ed585c4ab7e5231bc2e36718bd61656cfc67
data/archive/legacy_results/deconvolution_results/rctd/rna/Brain_1_highly_variable/estimated_proportions.csv	257046	5c36a0153ae102d5281ddd216fb2a2b96fbd8cc5515996b608752eace852bf13
data/archive/legacy_results/deconvolution_results/rctd/rna/Brain_2_highly_variable/estimated_proportions.csv	246238	fb691a4fd5d896be6d82296a407f20b25601f4853a7d0879f739a87d1a13326c
data/archive/legacy_results/deconvolution_results/rctd/rna/Brain_3_highly_variable/estimated_proportions.csv	249667	a24cec6ed5ff60f8d1d3309f09a697b28e6b74b11c8a576e7ec762c5607be608
data/archive/legacy_results/deconvolution_results/rctd/rna/Brain_4_highly_variable/estimated_proportions.csv	254885	6f726f03e2a5758fe340b216c365389089a93ff89ed3d408a5f0e9621b7b2653
data/archive/legacy_results/deconvolution_results/rctd/rna/Heart_1_highly_variable/estimated_proportions.csv	238106	6048f250a57f0dab5b976ff6802df2bc1af92ac35b2120949c894e9c6128e219
data/archive/legacy_results/deconvolution_results/rctd/rna/Heart_2_highly_variable/estimated_proportions.csv	227641	b07be34b71deac765b5fe181401f1f6d980183c5c2e01f2ffda3a915ee840ca4
data/archive/legacy_results/deconvolution_results/rctd/rna/Heart_3_highly_variable/estimated_proportions.csv	231307	c4721f14aa84174fddf8178fe293ae2108b924db689e9dae8cad733bc061dc7f
data/archive/legacy_results/deconvolution_results/rctd/rna/Heart_4_highly_variable/estimated_proportions.csv	236374	4213dc497ddd3580f9f7021500f620a409d901c68d03ad16af55874be5552be9
data/archive/legacy_results/deconvolution_results/rctd/rna/russell_250_highly_variable/estimated_proportions.csv	73617	5463b2482a361b0f5b550932dc3387aed21bcb4548a62a9459e0146777a9cb32
data/archive/legacy_results/deconvolution_results/spatialdwls/atac/Brain_1_highly_accessible/proportions.csv	81079	cf6bab00385961617bdfbc786bf96e7dca5cd2e789890e92e4b4fb369bfa0170
data/archive/legacy_results/deconvolution_results/spatialdwls/atac/Brain_1_highly_variable/proportions.csv	77160	7bcf5fe7dc8d899cd02cb9c67fe830038487d4c54a632d0385dea857f895e1d5
data/archive/legacy_results/deconvolution_results/spatialdwls/atac/Brain_2_highly_accessible/proportions.csv	92158	010a175afb1b0dcc6dfc532a23107a63d1df028aa7025b8d584025919bdcc738
data/archive/legacy_results/deconvolution_results/spatialdwls/atac/Brain_2_highly_variable/proportions.csv	95310	743762923dd882fd9d50144a37cca651e22d8f789fbcc20600d19828ed30b596
data/archive/legacy_results/deconvolution_results/spatialdwls/atac/Brain_3_highly_accessible/proportions.csv	82485	034fb68d019da819915cad074d1e16403f72b521434d3a136170c1fa5b0efbd0
data/archive/legacy_results/deconvolution_results/spatialdwls/atac/Brain_3_highly_variable/proportions.csv	89279	c451eebe0b564a1277098e3cdce2580e230bd3da79ffb5467775a8102964fc88
data/archive/legacy_results/deconvolution_results/spatialdwls/atac/Brain_4_highly_accessible/proportions.csv	75205	b9daa0e99e8fdbafef758547ec6eb7e6e0d3f84c3fa5109361c64aa85b15c100
data/archive/legacy_results/deconvolution_results/spatialdwls/atac/Brain_4_highly_variable/proportions.csv	79994	af407e3e5eb5c18cde7ae2de4e692e9248ceaecb3ea2f52e01b87dafb068289b
data/archive/legacy_results/deconvolution_results/spatialdwls/atac/Heart_1_highly_accessible/proportions.csv	83329	5389fde275c85d17aaa93d917b4281a49ebf89de6813f890e0cbb250e7f4fdfb
data/archive/legacy_results/deconvolution_results/spatialdwls/atac/Heart_1_highly_variable/proportions.csv	73844	86a0fbb0abac7776da8b6be3b61835c9b019079fad590ae68e3069446931262f
data/archive/legacy_results/deconvolution_results/spatialdwls/atac/Heart_2_highly_accessible/proportions.csv	87831	fe5849a7e53db8a6b89f25a057692662a913fb4e35966c35a28014a37bb8a1ed
data/archive/legacy_results/deconvolution_results/spatialdwls/atac/Heart_2_highly_variable/proportions.csv	92741	be80b79ddc73602c1cfbf6ac06136b13e62fe895a41fbb1e01e059013da325d0
data/archive/legacy_results/deconvolution_results/spatialdwls/atac/Heart_3_highly_accessible/proportions.csv	78311	bdaddd3cf20ef04648cc863e881355cb753be73bd6d0f7ff3c613947438d296c
data/archive/legacy_results/deconvolution_results/spatialdwls/atac/Heart_3_highly_variable/proportions.csv	83777	725ac678ef9fb0555a957b1946d696f1d81ed4d5bda3d56a9276af68015bd02a
data/archive/legacy_results/deconvolution_results/spatialdwls/atac/Heart_4_highly_accessible/proportions.csv	72564	009990c646be88df4b588e32e673593155db8e6ed82b2028d6b3dd485dfca47f
data/archive/legacy_results/deconvolution_results/spatialdwls/atac/Heart_4_highly_variable/proportions.csv	73464	6c9007ba40fd5bea0204e6e86d1d669b12a9fd1e69fe319d0f0000bb70bae0ed
data/archive/legacy_results/deconvolution_results/spatialdwls/atac/russell_250_highly_accessible/proportions.csv	21166	7d0d18447d55f26e9f666bf88991b7e4192f0467d98f3b59acb24e70d3a03ccd
data/archive/legacy_results/deconvolution_results/spatialdwls/atac/russell_250_highly_variable/proportions.csv	21688	e07efa738ea3b6bc8070208c7a244c2682b7ba92db4ee4adb6bee41679c1237d
data/archive/legacy_results/deconvolution_results/spatialdwls/rna/Brain_1_highly_variable/proportions.csv	72248	a4f6ba1dd3884f63180d1cd875e1efa741aa7e02643573b6348326b9efb0105f
data/archive/legacy_results/deconvolution_results/spatialdwls/rna/Brain_2_highly_variable/proportions.csv	102657	1cdb96d771bf1161f5377339824a136aee7b71f0aeaceae37255edf0f6e08a29
data/archive/legacy_results/deconvolution_results/spatialdwls/rna/Brain_3_highly_variable/proportions.csv	96429	d5438f5db5b8e856d24bf2fea9c7e9720b8a4da17b6366eaf66a1e4324b061df
data/archive/legacy_results/deconvolution_results/spatialdwls/rna/Brain_4_highly_variable/proportions.csv	85342	47d5e01dc3954afba7101dbf5cca657cf588285204796124acd7ce1a94f45101
data/archive/legacy_results/deconvolution_results/spatialdwls/rna/Heart_1_highly_variable/proportions.csv	61540	8319b2fd22457c4ee923067735d2fd3a4cb3e7511ff5e405122e647a306237d0
data/archive/legacy_results/deconvolution_results/spatialdwls/rna/Heart_2_highly_variable/proportions.csv	88755	2b1927ce20c1f59f64f83db723c50646cb240f37dfdc3cfc52b173479eb76c64
data/archive/legacy_results/deconvolution_results/spatialdwls/rna/Heart_3_highly_variable/proportions.csv	83969	0045501893f9914c0f2bd8026d9f1d3100fcdff2a879231ccdcb72d6b4f4d11a
data/archive/legacy_results/deconvolution_results/spatialdwls/rna/Heart_4_highly_variable/proportions.csv	73901	72b9a09bc5d5d5ca2321754799c989e09dece0d375ed6f7b744cd08738b3267d
data/archive/legacy_results/deconvolution_results/spatialdwls/rna/russell_250_highly_variable/proportions.csv	23078	1aaa0c1f5ecaee751e9668269982de55ec842ea31de109ca7901d3390f37ca5f
data/archive/legacy_results/deconvolution_results/tangram/atac/Brain_1_highly_accessible/tangram_ct_pred.csv	240136	4a1d50de2a0ba9fcbf93c219af89a678656ec88906186787fb11e1284b4f26f0
data/archive/legacy_results/deconvolution_results/tangram/atac/Brain_1_highly_variable/tangram_ct_pred.csv	238845	0d25358f90dcc7b18bf8f2daa9071cc7ce47fb8141c87433d1390cf0ff0fe4f7
data/archive/legacy_results/deconvolution_results/tangram/atac/Brain_2_highly_accessible/tangram_ct_pred.csv	241108	a529e0ff938cb71a1483c4874ba4ab6cfab424cdb9ce897779fcff949dd1d0e4
data/archive/legacy_results/deconvolution_results/tangram/atac/Brain_2_highly_variable/tangram_ct_pred.csv	240412	0269e70fe10b0d7020da3cb9419ffef7374b8fa91c742b3c652afeca286f0f36
data/archive/legacy_results/deconvolution_results/tangram/atac/Brain_3_highly_accessible/tangram_ct_pred.csv	243169	9f548ce13d3628ec94d533f2b5655dc2b07a746d8c1549c2577bffc54583817f
data/archive/legacy_results/deconvolution_results/tangram/atac/Brain_3_highly_variable/tangram_ct_pred.csv	243741	31bcaf508907acac03181034f6e063fa8dbc96f13242d9b2efd11cbd08d09367
data/archive/legacy_results/deconvolution_results/tangram/atac/Brain_4_highly_accessible/tangram_ct_pred.csv	244475	ff65d7898746143f9ad27ffa06c61b9f69ff7379ee3d3365c9cea593a920c908
data/archive/legacy_results/deconvolution_results/tangram/atac/Brain_4_highly_variable/tangram_ct_pred.csv	244486	ea1b60363664b50b0f70a845c87e623a96edb8971bf6422a978883aba4321a36
data/archive/legacy_results/deconvolution_results/tangram/atac/Heart_1_highly_accessible/tangram_ct_pred.csv	225839	18ac6499d13165e7d9b379d1b31073ff2d5002dff42138b801ffccf65b17bff2
data/archive/legacy_results/deconvolution_results/tangram/atac/Heart_1_highly_variable/tangram_ct_pred.csv	225341	c668e9f8f58212c4263780038f24085ea8be0c90f8b398cd7687e557593d4b58
data/archive/legacy_results/deconvolution_results/tangram/atac/Heart_2_highly_accessible/tangram_ct_pred.csv	225766	9dd2e7fd0c1545a76eab54bd033c1ecdba22870990420bd3a3704f318cd65975
data/archive/legacy_results/deconvolution_results/tangram/atac/Heart_2_highly_variable/tangram_ct_pred.csv	225771	98035f6670a6bf5a0bf463600670f0fbbce7a0933dcc6a126981ec48c4ba1eb2
data/archive/legacy_results/deconvolution_results/tangram/atac/Heart_3_highly_accessible/tangram_ct_pred.csv	226168	e42318a45bdcd4dbcf5f39276c61b323282e3d25b4ed41b105dda0b83da94ed9
data/archive/legacy_results/deconvolution_results/tangram/atac/Heart_3_highly_variable/tangram_ct_pred.csv	227168	a39ba51079aeb6f2712a3fc22cdeea6f45b15c240e473abf1cd06be94e7a025c
data/archive/legacy_results/deconvolution_results/tangram/atac/Heart_4_highly_accessible/tangram_ct_pred.csv	226512	b5ab3d596c96923b36ee5879aa765c8eff605452df91d0d2ec1cdadb3dd87e45
data/archive/legacy_results/deconvolution_results/tangram/atac/Heart_4_highly_variable/tangram_ct_pred.csv	227867	9fca16d26eb5d3656b1af2a7162d096df3e0c37a90153584927d20e92919fd00
data/archive/legacy_results/deconvolution_results/tangram/atac/russell_250_highly_accessible/tangram_ct_pred.csv	74991	b6a19ba327a8c787556956b0994de1eaa20e6ab48e818fc3f3028878c3c87690
data/archive/legacy_results/deconvolution_results/tangram/atac/russell_250_highly_variable/tangram_ct_pred.csv	74755	11e076bdc718f6788f91ac58f8414af590d00a0242b0cb2bee057a6d829b9061
data/archive/legacy_results/deconvolution_results/tangram/rna/Brain_1_highly_variable/tangram_ct_pred.csv	238379	bf19541db90a8b8786fc1944afba7aa1c485baaeabcadd9806fe353e2901a7a0
data/archive/legacy_results/deconvolution_results/tangram/rna/Brain_2_highly_variable/tangram_ct_pred.csv	239537	d5317e5eeb88ed41452ee5eb636992cfb6e1f8aa526db163e63f2cb08eb3925e
data/archive/legacy_results/deconvolution_results/tangram/rna/Brain_3_highly_variable/tangram_ct_pred.csv	243081	1f6b4fda950fa669cd6b10a508293324a2209836040c581dbccd7c2fd053b745
data/archive/legacy_results/deconvolution_results/tangram/rna/Brain_4_highly_variable/tangram_ct_pred.csv	243584	86ec203d0c63d2204ec09364f777f093975cc78f82b5494670ad16a8c6c13762
data/archive/legacy_results/deconvolution_results/tangram/rna/Heart_1_highly_variable/tangram_ct_pred.csv	223135	cbd76726a7db7ef4d6f6b83e54be74633c74a7552c19bad7006fd0e95fd3a005
data/archive/legacy_results/deconvolution_results/tangram/rna/Heart_2_highly_variable/tangram_ct_pred.csv	224094	53bdffe8e453a024879053df64792e44c50498d032a420b9fe862c3c21f5368a
data/archive/legacy_results/deconvolution_results/tangram/rna/Heart_3_highly_variable/tangram_ct_pred.csv	227025	2f7bf8f55d22f8ad7f66cce5ed4ea257cbf323ae7a5941558aa7e7093134dac7
data/archive/legacy_results/deconvolution_results/tangram/rna/Heart_4_highly_variable/tangram_ct_pred.csv	228395	8ead33d5e9273f0ca0fa9475b62063af3a6abd6c45d31000cecff65d8d770151
data/archive/legacy_results/deconvolution_results/tangram/rna/russell_250_highly_variable/tangram_ct_pred.csv	74740	244a595dd89abc1c6654df720448867126745db4b89b6a7814225fb5fb8e1e1c
data/archive/legacy_results/deconvolution_results/tangram_experiment/atac/Heart_1_highly_accessible/tangram_ct_pred.csv	60463	e16bd24d9180f8ae52083fa79fd9416197011520c304db7f98047f6906fe6eac
data/archive/legacy_results/deconvolution_results/tangram_experiment/atac/Heart_1_highly_variable/tangram_ct_pred.csv	60390	d4ee150937c478f5471b55121bd17425da9dcbcc134ef3ce853ab72e9a06988b
data/archive/legacy_results/deconvolution_results/tangram_experiment/atac/Heart_2_highly_accessible/tangram_ct_pred.csv	189540	a5e2ec33ef3c64add4bbb451c59d11da0710913a9ba2c7c3040f26a9f281cba5
data/archive/legacy_results/deconvolution_results/tangram_experiment/atac/Heart_2_highly_variable/tangram_ct_pred.csv	189316	531842bb82ae2ccdb7c4c854b9d0131f3644034c6eb156ab55eb5296e30642c9
data/archive/legacy_results/deconvolution_results/tangram_experiment/atac/Heart_3_highly_accessible/tangram_ct_pred.csv	230700	7cd7775815e10d7725b7915dcff65503f2805ae63049a8fe17494c6dd0ebee81
data/archive/legacy_results/deconvolution_results/tangram_experiment/atac/Heart_3_highly_variable/tangram_ct_pred.csv	230357	3da5fd1d2e96a56c62a61e25e19fc562a7a2893d97c658c2933e534174a3c328
data/archive/legacy_results/deconvolution_results/tangram_experiment/atac/Heart_4_highly_accessible/tangram_ct_pred.csv	196651	9093cf58dfe7c8c6fb2399413608720b9b7909baabef265492bda71c9dba46e7
data/archive/legacy_results/deconvolution_results/tangram_experiment/atac/Heart_4_highly_variable/tangram_ct_pred.csv	196058	12d4436ba2b5bd83057edc7078fd70302124c568c109b318832e341dfbd68e32
data/archive/legacy_results/deconvolution_results/tangram_experiment/cluster_mode/atac/Brain_1_highly_accessible/tangram_ct_pred.csv	279789	f75246b1b3b401bf89f1236b58ae8e203514a742d2bf8e3690d7e399479f6894
data/archive/legacy_results/deconvolution_results/tangram_experiment/cluster_mode/atac/Brain_1_highly_variable/tangram_ct_pred.csv	279697	fd5c717a3e6f1bf5ad5863cff3b1382f0841de11f52b57f600224e1262b072e7
data/archive/legacy_results/deconvolution_results/tangram_experiment/cluster_mode/atac/Brain_2_highly_accessible/tangram_ct_pred.csv	279613	8526794b3d1db4168be7e47b4991775cc95c107e376678869bf12edb02a93ef6
data/archive/legacy_results/deconvolution_results/tangram_experiment/cluster_mode/atac/Brain_2_highly_variable/tangram_ct_pred.csv	279155	542a7f7c2369498b54f98f3deaf3d066f6601e76dab6df6ca73ce66a46656e07
data/archive/legacy_results/deconvolution_results/tangram_experiment/cluster_mode/atac/Brain_3_highly_accessible/tangram_ct_pred.csv	280169	b4681a3e15b87c0f678c561676d27910d712852ebef9c621d0713c76533ec667
data/archive/legacy_results/deconvolution_results/tangram_experiment/cluster_mode/atac/Brain_3_highly_variable/tangram_ct_pred.csv	279747	f6073a08a28ca8b7e55847ec98dcd300812919a9edbe7ddc7e6b3ed1b44a3ca5
data/archive/legacy_results/deconvolution_results/tangram_experiment/cluster_mode/atac/Brain_4_highly_accessible/tangram_ct_pred.csv	280463	920562cec95e3d391fd2cc46abf97f08bc092776d9f207d35e5a47328f47e263
data/archive/legacy_results/deconvolution_results/tangram_experiment/cluster_mode/atac/Brain_4_highly_variable/tangram_ct_pred.csv	280171	1693c379afda5ba76d3c36b9bb4eb23dabaac45534d3f0e11365d9559387ee42
data/archive/legacy_results/deconvolution_results/tangram_experiment/cluster_mode/atac/Heart_1_highly_accessible/tangram_ct_pred.csv	259301	6c64ac75fbbd75050538b9b53ff7435e4a3467b13799371d6a9600706be673d8
data/archive/legacy_results/deconvolution_results/tangram_experiment/cluster_mode/atac/Heart_1_highly_variable/tangram_ct_pred.csv	258717	3a67d43385bca6b16bc2c04b964ca1e89db5eed05c8f4af82ec23d8fe9728521
data/archive/legacy_results/deconvolution_results/tangram_experiment/cluster_mode/atac/Heart_2_highly_accessible/tangram_ct_pred.csv	259169	4ae8363ca6f1b05702ff660603e92d0e067ba9bf90d3370cf0f3ed4dec598bc5
data/archive/legacy_results/deconvolution_results/tangram_experiment/cluster_mode/atac/Heart_2_highly_variable/tangram_ct_pred.csv	258642	f753e779ee7e62ebd229ffbcd151cddf08c6473737751d33000414edea7f383b
data/archive/legacy_results/deconvolution_results/tangram_experiment/cluster_mode/atac/Heart_3_highly_accessible/tangram_ct_pred.csv	259526	e0cd7aabfc1764734b1b475ced47fd88a7b19ec4ad417a077df0ba0f17aa5fe2
data/archive/legacy_results/deconvolution_results/tangram_experiment/cluster_mode/atac/Heart_3_highly_variable/tangram_ct_pred.csv	259055	401f92f2f0bddff9a94698a85f488c9ed8cddd0b6ad52e2ea5e9b180cb580f94
data/archive/legacy_results/deconvolution_results/tangram_experiment/cluster_mode/atac/Heart_4_highly_accessible/tangram_ct_pred.csv	259633	d1a803adb51fb6d2545d657af79f2b9ce15eb51dc02329188e2b6f82510933e3
data/archive/legacy_results/deconvolution_results/tangram_experiment/cluster_mode/atac/Heart_4_highly_variable/tangram_ct_pred.csv	259349	b77bcb63fe4bfffa593ddb83d801181dbee3314f0de725361b48af7286833b15
data/archive/legacy_results/deconvolution_results/tangram_experiment/cluster_mode/atac/russell_250_highly_accessible/tangram_ct_pred.csv	80653	bda866c64a74e4f646c20806dbf8124e2eda10ea23b44371c97df0cbf5d71a52
data/archive/legacy_results/deconvolution_results/tangram_experiment/cluster_mode/atac/russell_250_highly_variable/tangram_ct_pred.csv	80663	dc491f62822b063a10299fe04c09736fcb31f20749330e8d30de6d0f0599fd1a
data/archive/legacy_results/deconvolution_results/tangram_experiment/cluster_mode/rna/Brain_1_highly_variable/tangram_ct_pred.csv	278971	b7e7a18962141f25e80903de125c4252f4c4ca8ad2a4754925df976848289964
data/archive/legacy_results/deconvolution_results/tangram_experiment/cluster_mode/rna/Brain_2_highly_variable/tangram_ct_pred.csv	278574	0c260f7c04673ab321681eda01bd8a485848ae8e722d0a53f684af34fbda092f
data/archive/legacy_results/deconvolution_results/tangram_experiment/cluster_mode/rna/Brain_3_highly_variable/tangram_ct_pred.csv	279322	f35568094b8cc794b7b1a269df9b9da9220f57bf8527bdda8d94c16efbf69182
data/archive/legacy_results/deconvolution_results/tangram_experiment/cluster_mode/rna/Brain_4_highly_variable/tangram_ct_pred.csv	279834	b6d2ca7fe63839642534541f815c625ff3a2a7b538a4909761f310ac9824a670
data/archive/legacy_results/deconvolution_results/tangram_experiment/cluster_mode/rna/Heart_1_highly_variable/tangram_ct_pred.csv	257997	e43e1de905e5cd28c540039c9265cf4f7e139578fc9a4df0743d06e3ce2c4cc9
data/archive/legacy_results/deconvolution_results/tangram_experiment/cluster_mode/rna/Heart_2_highly_variable/tangram_ct_pred.csv	257689	de4921d0a0e739eb26e97c1080cba4fc6cc1e6ba661ce26933df3c2afb096a27
data/archive/legacy_results/deconvolution_results/tangram_experiment/cluster_mode/rna/Heart_3_highly_variable/tangram_ct_pred.csv	258324	b38bb0ff24142ad0577e91c4a199fe5f2e89962ca3344f874cf96542cc97ceb1
data/archive/legacy_results/deconvolution_results/tangram_experiment/cluster_mode/rna/Heart_4_highly_variable/tangram_ct_pred.csv	258765	fe48fb47dc69876d655f1f5217527cff5e296447fd7a8f6fbc1690069f8b9f87
data/archive/legacy_results/deconvolution_results/tangram_experiment/cluster_mode/rna/russell_250_highly_variable/tangram_ct_pred.csv	80511	43415d73b96016f55f92b05167569388c02b01b2d6371beec85238ce7a7bb851
data/archive/legacy_results/deconvolution_results/tangram_experiment/power0/atac/Heart_1_highly_accessible/tangram_ct_pred.csv	237602	3b634f3cec84e0da37adf07a1e28f8ae3b18cbf577197569eaac3cbccfdcfe68
data/archive/legacy_results/deconvolution_results/tangram_experiment/power0/atac/Heart_1_highly_variable/tangram_ct_pred.csv	236257	f1df9678ef045d328695e8cb1138221ddb7a5d8c80125dc34a36269d95a19b97
data/archive/legacy_results/deconvolution_results/tangram_experiment/power0/atac/Heart_2_highly_accessible/tangram_ct_pred.csv	226508	96d0c6a226fe2fab23647ba23446450c5530355a031dfc4849a840c9ed71ab28
data/archive/legacy_results/deconvolution_results/tangram_experiment/power0/atac/Heart_2_highly_variable/tangram_ct_pred.csv	226307	fbb63677cb6b9ca364905ce8e7279ca85c06ae3cd207eb298d5758884ccdb7bd
data/archive/legacy_results/deconvolution_results/tangram_experiment/power0/atac/Heart_3_highly_accessible/tangram_ct_pred.csv	229407	2a01e1699fa43d4f03f5591488e684691347939701739295058f341642196308
data/archive/legacy_results/deconvolution_results/tangram_experiment/power0/atac/Heart_3_highly_variable/tangram_ct_pred.csv	229326	320562a7a80a1944e0f02fea8d7cbdfafb475cc30b05190160cf715f68c75243
data/archive/legacy_results/deconvolution_results/tangram_experiment/power0/atac/Heart_4_highly_accessible/tangram_ct_pred.csv	234293	9d7cd9b06cc4a7df04813b3d4167fd4697e3f077882cac67cf19722dbca00f99
data/archive/legacy_results/deconvolution_results/tangram_experiment/power0/atac/Heart_4_highly_variable/tangram_ct_pred.csv	233544	1edbd30f5d92e7825482ab621c62c1e9ae31965c45f6c350afc822271498b666
data/archive/legacy_results/deconvolution_results/tangram_experiment/power0/rna/Heart_1_highly_variable/tangram_ct_pred.csv	235524	9dd4484393b8b477290ce90bc6713cc1073604f467536a8d077d0313dceaeb33
data/archive/legacy_results/deconvolution_results/tangram_experiment/power0/rna/Heart_2_highly_variable/tangram_ct_pred.csv	225458	9e68121c2705f4d7ba6bff9168618ddd98603312be8891c259ddab76cf765b65
data/archive/legacy_results/deconvolution_results/tangram_experiment/power0/rna/Heart_3_highly_variable/tangram_ct_pred.csv	228447	b49584345724650075d921ef6fb67d1de91eb27ea5c71a71a6bf2984831aa716
data/archive/legacy_results/deconvolution_results/tangram_experiment/power0/rna/Heart_4_highly_variable/tangram_ct_pred.csv	231929	c0127b1c842ea3da9c8e500e9e35bb456f805318485bf04007e97c78e8078937
data/archive/legacy_results/deconvolution_results/tangram_experiment/power1/atac/Heart_1_highly_accessible/tangram_ct_pred.csv	234802	3b43fcf3fb7e975fa85158648811235aeee47a314f2a6f7f394fb8a88bc4f278
data/archive/legacy_results/deconvolution_results/tangram_experiment/power1/atac/Heart_1_highly_variable/tangram_ct_pred.csv	233429	9c5d2ce1cfc04ae0d4cd24d89784fbb3726a69b1a287fe9b3df43fc447f2ce9f
data/archive/legacy_results/deconvolution_results/tangram_experiment/power1/atac/Heart_2_highly_accessible/tangram_ct_pred.csv	225587	4f277f5f4fcfa1baa9cf7246f83dbdb8d2c2096815e8701dbf1d4cc4d2d1fb86
data/archive/legacy_results/deconvolution_results/tangram_experiment/power1/atac/Heart_2_highly_variable/tangram_ct_pred.csv	225365	ca7c557cbe2aa3faa3fbd8e37f78cfebde54c4c3c26a4ad6975c2ba6932ed80b
data/archive/legacy_results/deconvolution_results/tangram_experiment/power1/atac/Heart_3_highly_accessible/tangram_ct_pred.csv	227750	94b432bd6e8fb8b1e2e051ba4c7e0911d4f19f06006fe05ee98dc55a8597f351
data/archive/legacy_results/deconvolution_results/tangram_experiment/power1/atac/Heart_3_highly_variable/tangram_ct_pred.csv	228382	6da6761f5780fce8d16bec34c3b2704482b4b7d2f02dfedd7954613c8bf258d9
data/archive/legacy_results/deconvolution_results/tangram_experiment/power1/atac/Heart_4_highly_accessible/tangram_ct_pred.csv	232013	948e2a46629040e7e9303134124cb1740b09711cf44c955e76ff18145645a17b
data/archive/legacy_results/deconvolution_results/tangram_experiment/power1/atac/Heart_4_highly_variable/tangram_ct_pred.csv	231841	a19b2eca8d450a80cecb3e4dd1547041042b2389499eeae12cf964fe013425b0
data/archive/legacy_results/deconvolution_results/tangram_experiment/power1/rna/Heart_1_highly_variable/tangram_ct_pred.csv	232705	d370602171aeb59530186bf935bf0760054a3e4896441a73f0d864424fd8c2d1
data/archive/legacy_results/deconvolution_results/tangram_experiment/power1/rna/Heart_2_highly_variable/tangram_ct_pred.csv	224661	0377b4ce8289f83ed57d6e543c8f3780bdae028ac32f1536ec32fe0a48928463
data/archive/legacy_results/deconvolution_results/tangram_experiment/power1/rna/Heart_3_highly_variable/tangram_ct_pred.csv	228032	4a62aefeb77e4df4d7c0bf36788fe4052d03fb3f94efc172b635dd1095453c09
data/archive/legacy_results/deconvolution_results/tangram_experiment/power1/rna/Heart_4_highly_variable/tangram_ct_pred.csv	231178	68bc90c985860a6734b43db143bac50460310ccc288dd1756cd234533685f40e
data/archive/legacy_results/deconvolution_results/tangram_experiment/power2/atac/Heart_1_highly_accessible/tangram_ct_pred.csv	232176	7aa5a564e1f6ec3ab6a2693963a41281be6f909ad81004f22a7e781263f71ae1
data/archive/legacy_results/deconvolution_results/tangram_experiment/power2/atac/Heart_1_highly_variable/tangram_ct_pred.csv	230789	215dd1140df3a33ab9f320b9031ce675035c25456176c746e44424db566d9304
data/archive/legacy_results/deconvolution_results/tangram_experiment/power2/atac/Heart_2_highly_accessible/tangram_ct_pred.csv	225320	136ef27e9c8845da33283afff317b2f2698efd2d572467134644aba5fa0c4b00
data/archive/legacy_results/deconvolution_results/tangram_experiment/power2/atac/Heart_2_highly_variable/tangram_ct_pred.csv	224793	6920541deb12fa00ef1dfe1a8b93937b23c15460d02e91999532425be94c6821
data/archive/legacy_results/deconvolution_results/tangram_experiment/power2/atac/Heart_3_highly_accessible/tangram_ct_pred.csv	227264	f1cb03c76b4f1eaaa12f0f4bc2c69429c58fdde55c0bb639304b8273c298b716
data/archive/legacy_results/deconvolution_results/tangram_experiment/power2/atac/Heart_3_highly_variable/tangram_ct_pred.csv	227479	7fc85b2aa82cc8ca7a7fab4023c915a166de494ab53188d910ff037f6fc1a8ae
data/archive/legacy_results/deconvolution_results/tangram_experiment/power2/atac/Heart_4_highly_accessible/tangram_ct_pred.csv	230323	7251d0430a7e27a44bd9bb48f909a50091d690ec9cdcf4ef9fd7f88d2b1f77f2
data/archive/legacy_results/deconvolution_results/tangram_experiment/power2/atac/Heart_4_highly_variable/tangram_ct_pred.csv	230002	9420c78759372de03f63601348115a99f016c2eb201f40e915a80df7c024a37c
data/archive/legacy_results/deconvolution_results/tangram_experiment/power2/rna/Heart_1_highly_variable/tangram_ct_pred.csv	231055	5d7532c4075ad65be2c00190ca4614d5c5f7a083be8bc65cfd0e5654b5582e96
data/archive/legacy_results/deconvolution_results/tangram_experiment/power2/rna/Heart_2_highly_variable/tangram_ct_pred.csv	224138	3abceede761525877a608a688308c49a3116b7aa9519c041aaea9a6d6fe3005d
data/archive/legacy_results/deconvolution_results/tangram_experiment/power2/rna/Heart_3_highly_variable/tangram_ct_pred.csv	227567	c2effdc6ee62d2c62e18cf9f5461af9721c4fc26dc7b9a33e0af8ad5572e0ece
data/archive/legacy_results/deconvolution_results/tangram_experiment/power2/rna/Heart_4_highly_variable/tangram_ct_pred.csv	230041	67791f2f9775620488ad45c5cf78523a19882152cf7c297a1caf2c63a079dcd0
data/archive/legacy_results/deconvolution_results/tangram_experiment/power3/atac/Heart_1_highly_accessible/tangram_ct_pred.csv	229134	43981d4620ba2df820fb68347b3a91aedd90cc9d359f08a7d8f821dcff682ad3
data/archive/legacy_results/deconvolution_results/tangram_experiment/power3/atac/Heart_1_highly_variable/tangram_ct_pred.csv	227796	058e38266a0f211d525058eac131f318bba963c1f8851acb89dceef574af83b8
data/archive/legacy_results/deconvolution_results/tangram_experiment/power3/atac/Heart_2_highly_accessible/tangram_ct_pred.csv	225746	c86500fa338a2c9ece90f0dc12b371a88d65d5ee048f914398f5171a1fe5c6ed
data/archive/legacy_results/deconvolution_results/tangram_experiment/power3/atac/Heart_2_highly_variable/tangram_ct_pred.csv	225349	b1ed7660baa73dc82a97c8f26e6d0257d79cc46600e64024ddb2ae918bc2f52b
data/archive/legacy_results/deconvolution_results/tangram_experiment/power3/atac/Heart_3_highly_accessible/tangram_ct_pred.csv	226587	a225560e298072635b9b92e90b57b609c3daf3d90a54243657a0d456b5c1afb1
data/archive/legacy_results/deconvolution_results/tangram_experiment/power3/atac/Heart_3_highly_variable/tangram_ct_pred.csv	227166	a068d53b057aa8a87deba30c727aed2e75609fa0b91b362f76b958644b3348f4
data/archive/legacy_results/deconvolution_results/tangram_experiment/power3/atac/Heart_4_highly_accessible/tangram_ct_pred.csv	229118	8c74b05e9900e7bd4908c8ce9fb42889fefcf09828e973d98cbe94c81c1dc3ef
data/archive/legacy_results/deconvolution_results/tangram_experiment/power3/atac/Heart_4_highly_variable/tangram_ct_pred.csv	229039	388cde3fae00505f31e4d6babf33fdfa6515c7f270183df2aeca8483faf0a17d
data/archive/legacy_results/deconvolution_results/tangram_experiment/power3/rna/Heart_1_highly_variable/tangram_ct_pred.csv	227885	c9a1dc2d49eb260b74e082477ff9beb87a4fd9ce1e6d3c3c78b2834130c543e9
data/archive/legacy_results/deconvolution_results/tangram_experiment/power3/rna/Heart_2_highly_variable/tangram_ct_pred.csv	224040	cd5a5f97f48203dd19a05edc7de21a2938f0d237bcf4ac44e3b7d151bd91c4d2
data/archive/legacy_results/deconvolution_results/tangram_experiment/power3/rna/Heart_3_highly_variable/tangram_ct_pred.csv	227438	0fd15ffdb6fe0721642c073eae99e7d0d4853d6ead0e605dcc84f270c863ffe9
data/archive/legacy_results/deconvolution_results/tangram_experiment/power3/rna/Heart_4_highly_variable/tangram_ct_pred.csv	229254	321e71cf75de960f3ebb4ec43e8a91982065570046acbe908e343e428c418e5d
data/archive/legacy_results/deconvolution_results/tangram_experiment/rna/Heart_1_highly_variable/tangram_ct_pred.csv	60282	b616b7996153391d04c0485382a2a60de762721aa198822e7582ba3328bd91e9
data/archive/legacy_results/deconvolution_results/tangram_experiment/rna/Heart_2_highly_variable/tangram_ct_pred.csv	189182	9e3ae1c8c4778cb1c31b949cdc18a351fa90cf6ee36aaa184653bb55264fe6a5
data/archive/legacy_results/deconvolution_results/tangram_experiment/rna/Heart_3_highly_variable/tangram_ct_pred.csv	229855	f87510319e6d0839b24a31706a88792d48fa57f33879fea54ee7f49de2daeafe
data/archive/legacy_results/deconvolution_results/tangram_experiment/rna/Heart_4_highly_variable/tangram_ct_pred.csv	195298	3e64b36138c198bfbe62fc1078e84bb366a0f6de2e07cb529a4854c2fadf91a1
data/archive/legacy_results/manifest.tsv	256	c356d35afd4025bdb56dc56b618e6cc3489eff44e9b8e4d0267e9bfb9ff02f05
data/archive/legacy_results/rctd_results/estimated_proportions.csv	233288	77be4ed08240f42fba8d71d0416b8fae575515e2896761958d302f352a791fe9
data/archive/legacy_results/rctd_results/ground_truth.png	450868	e31c38e91ee454de6d2c15651f3a200a3f803fb143b99add4e3c73ba4f78997e
data/archive/legacy_results/rctd_results/rctd_vs_ground_truth.png	423033	4ce9e281ad4022e27a5f78d8cc82df5fe3862ed05c231fa591e6e017ddcb44af
data/example_notebooks/.DS_Store	14340	3ae0c54f9ed00d51ad76e5e8c2f64e7996f7841f8aa55b1116dd0d8d54444f40
data/example_notebooks/cell2location/russel_ref_atac.h5ad	98604583	1e219a05fc03f9f8f1155e0b5cad28264eb1e09fe6f132e06110adb6b78814f2
data/example_notebooks/cell2location/russell_250_atac.h5ad	77143728	8050e4606f59a40121f97631baf4d1db99b5343a4aca31d4b1adef724b4c1fe8
data/example_notebooks/rctd/human_cardiac_niches_atac.h5ad	7252114288	e951f31c56885c10d21c759842595341b6e96a1f7f40f4afd676e54a0e4d2c51
data/example_notebooks/simulation/Heart_heterogeneous_4zones.h5mu	503875336	5d5c6a85f8bcea062f6a5dd880b775e80c3474a8905a8f206906c8b0d76e044c
data/example_notebooks/simulation/Heart_homogeneous_1zone.h5mu	319490984	b25385319cf9d7d5b7338a57550bfc967d8efa4e3e84acf80d9ca19a989de76b
data/processed/.DS_Store	6148	75ab252e4e50ddbbfd321eae88ff43c675eb2ae7ef19654e8931d417815d677b
data/processed/README.md	2126	267c3cd5558ecea0e729183f8c253eb487b7217f0c5ba62a7b397a24485f692d
data/processed/datasets/human_cardiac_niches_sim_1zone_10ct/atac/features/highly_accessible.txt	476868	3c2f180363889cc275bff4cca7349797507889fd0491d630faf14e7b06d9e4fe
data/processed/datasets/human_cardiac_niches_sim_1zone_10ct/atac/features/highly_variable.txt	476995	40ae6fbc3933e1f77a022a83a5ffab5f226c262bfe3f9c45fe54212512dfc7bc
data/processed/datasets/human_cardiac_niches_sim_1zone_10ct/atac/spatial.h5ad	1475135848	be4482d6431609862abc830b72b7cc2c5725950c9098386a6301e11ded778e24
data/processed/datasets/human_cardiac_niches_sim_1zone_10ct/dataset.yaml	1792	b8a61b5dc9ec80d3f95c652f719c675cc551240d212de7f06dac44d1fd56c28e
data/processed/datasets/human_cardiac_niches_sim_1zone_10ct/rna/features/highly_variable.txt	320000	515783d99d269745a55e199574c033e67fb6fea4bdf17cd8e2efc33f098a829c
data/processed/datasets/human_cardiac_niches_sim_1zone_10ct/rna/spatial.h5ad	169422264	0026892beb7fa7a44649d0ff3a3054fd07eb183b04bab533ed78323159590693
data/processed/datasets/human_cardiac_niches_sim_1zone_10ct/simulation/source_cells_by_spot.jsonl	1166842	f3438481fb44b7202ba29dba272284d2386fecf09458ac441a314c3b72501237
data/processed/datasets/human_cardiac_niches_sim_1zone_10ct/truth/proportions.csv	150538	89f105c02c868d2a8d58a3301f5bbe4c2d5a6b63ada841588585366666717fa9
data/processed/datasets/human_cardiac_niches_sim_1zone_3ct_low_density/atac/features/highly_accessible.txt	476868	3c2f180363889cc275bff4cca7349797507889fd0491d630faf14e7b06d9e4fe
data/processed/datasets/human_cardiac_niches_sim_1zone_3ct_low_density/atac/features/highly_variable.txt	476995	40ae6fbc3933e1f77a022a83a5ffab5f226c262bfe3f9c45fe54212512dfc7bc
data/processed/datasets/human_cardiac_niches_sim_1zone_3ct_low_density/atac/spatial.h5ad	685221352	35a0a8b0b26914c92cedbdf95ac61c88ea0cc749a695cd1cd99de5a2d453c392
data/processed/datasets/human_cardiac_niches_sim_1zone_3ct_low_density/dataset.yaml	1900	b167eae4c6b289023f3c7c72a603fdf90e4c7f7ce73f2d591f0233adfd046d9a
data/processed/datasets/human_cardiac_niches_sim_1zone_3ct_low_density/rna/features/highly_variable.txt	320000	515783d99d269745a55e199574c033e67fb6fea4bdf17cd8e2efc33f098a829c
data/processed/datasets/human_cardiac_niches_sim_1zone_3ct_low_density/rna/spatial.h5ad	97544376	e489c781d4f6bb8c75dee6a8f621773315d662b86bab6d79768fd2d628d2bda8
data/processed/datasets/human_cardiac_niches_sim_1zone_3ct_low_density/simulation/source_cells_by_spot.jsonl	389659	0fac8fa66b96f1f019ba4c1cf5a95561c7ebf2871754277a1b08118418b098e6
data/processed/datasets/human_cardiac_niches_sim_1zone_3ct_low_density/truth/proportions.csv	51388	0e46f1760faf58bcf0d005aabad57d5374a3cf1ebe9f03c8ab7f8a199f537e15
data/processed/datasets/human_cardiac_niches_sim_4zone_circles/atac/features/highly_accessible.txt	476868	3c2f180363889cc275bff4cca7349797507889fd0491d630faf14e7b06d9e4fe
data/processed/datasets/human_cardiac_niches_sim_4zone_circles/atac/features/highly_variable.txt	476995	40ae6fbc3933e1f77a022a83a5ffab5f226c262bfe3f9c45fe54212512dfc7bc
data/processed/datasets/human_cardiac_niches_sim_4zone_circles/atac/spatial.h5ad	1109049512	b7837e4dd9c1656054e1e97301d43e74d0027dac185fa48cb7050066ef3908b1
data/processed/datasets/human_cardiac_niches_sim_4zone_circles/dataset.yaml	1898	b5e1c6195c9a13394a686473d996731e55b2a38d32840b59b5d37cccf7310d05
data/processed/datasets/human_cardiac_niches_sim_4zone_circles/rna/features/highly_variable.txt	320000	515783d99d269745a55e199574c033e67fb6fea4bdf17cd8e2efc33f098a829c
data/processed/datasets/human_cardiac_niches_sim_4zone_circles/rna/spatial.h5ad	131781752	4a110a7ea0dbbcc97a8c2775aea33eacc4e7b4008de1f9f55af2fda42b0c5054
data/processed/datasets/human_cardiac_niches_sim_4zone_circles/simulation/source_cells_by_spot.jsonl	668919	2d0b6271638006dd5884f7102e49b4e66a997d946fc093d6c6060b24c39c86ce
data/processed/datasets/human_cardiac_niches_sim_4zone_circles/truth/proportions.csv	64731	5b766b1cb9fdde8118be57dd233b52b1ace52d60376e5a24a32f92145b5179ee
data/processed/datasets/human_cardiac_niches_sim_4zone_stripes/atac/features/highly_accessible.txt	476868	3c2f180363889cc275bff4cca7349797507889fd0491d630faf14e7b06d9e4fe
data/processed/datasets/human_cardiac_niches_sim_4zone_stripes/atac/features/highly_variable.txt	476995	40ae6fbc3933e1f77a022a83a5ffab5f226c262bfe3f9c45fe54212512dfc7bc
data/processed/datasets/human_cardiac_niches_sim_4zone_stripes/atac/spatial.h5ad	1393095016	4e867a76ae1ab8565c500c253f8fc52de7f5db707cc6f178a63197fc939b8e6e
data/processed/datasets/human_cardiac_niches_sim_4zone_stripes/dataset.yaml	1900	06ac2a2a82f6e2644942aa277e151679ef5bb307e63c5ae6e1254ee8df6d4a5b
data/processed/datasets/human_cardiac_niches_sim_4zone_stripes/rna/features/highly_variable.txt	320000	515783d99d269745a55e199574c033e67fb6fea4bdf17cd8e2efc33f098a829c
data/processed/datasets/human_cardiac_niches_sim_4zone_stripes/rna/spatial.h5ad	157645496	9361c373362cb82960e2e9c2130b2643f7ed2f632a9203f0103abb4338b4174b
data/processed/datasets/human_cardiac_niches_sim_4zone_stripes/simulation/source_cells_by_spot.jsonl	899011	b7d3804cacffff1c4c5d0bbb0db18bed2a3062c7efcf4fc517936fa3af0b0866
data/processed/datasets/human_cardiac_niches_sim_4zone_stripes/truth/proportions.csv	111480	b930704cc084d9fbb48571f16e4684eea9ec99e2aac990d915dc44281827cd64
data/processed/datasets/pbmc_granulocyte_sorted_10k_shapemix_equal_celltype_split_000_mix_000_smoke/atac/features/highly_variable.txt	4795	6d1c38754612a3f9e3a529550b9f28f6c4c6e371a5a2cf5877d0294048be160f
data/processed/datasets/pbmc_granulocyte_sorted_10k_shapemix_equal_celltype_split_000_mix_000_smoke/atac/reference_cells.h5ad	1259091	eb3323a260ecb6344939aeda712e807f776f5eee4055fe4f9a74106d6a43f116
data/processed/datasets/pbmc_granulocyte_sorted_10k_shapemix_equal_celltype_split_000_mix_000_smoke/atac/spatial.h5ad	177106	c6fe53ef160d33cc4b262640b54b18ae0d9162abc4a1d1945bec3506cfba07ae
data/processed/datasets/pbmc_granulocyte_sorted_10k_shapemix_equal_celltype_split_000_mix_000_smoke/dataset.yaml	2242	eeb4af01c5913499181f601c022fe78ddd1ab6e9a3dfc83a34597e51538f6ea6
data/processed/datasets/pbmc_granulocyte_sorted_10k_shapemix_equal_celltype_split_000_mix_000_smoke/simulation/manifest.yaml	6790	c1fbfb5494800238c48ed769dd43780b8395137cac8ef21d33e643b4697b35ba
data/processed/datasets/pbmc_granulocyte_sorted_10k_shapemix_equal_celltype_split_000_mix_000_smoke/simulation/source_cells_by_spot.jsonl	13980	20b588845f1b5394289b1fa0c5df748c9af059c3ad6d9f6a7da2c597804185a7
data/processed/datasets/pbmc_granulocyte_sorted_10k_shapemix_equal_celltype_split_000_mix_000_smoke/truth/proportions.csv	1733	978a842d4d65d057040c911af1fcae27c9eb3571ea54599105a2e7d460ac0647
data/processed/datasets/pbmc_granulocyte_sorted_10k_shapemix_equal_celltype_split_1103_mix_101/atac/features/highly_variable.txt	119299	b4a7c480a7b0e18bb46f975a2f8d62d3fcc2fc8646fe62ad78b975ea1cc8bf04
data/processed/datasets/pbmc_granulocyte_sorted_10k_shapemix_equal_celltype_split_1103_mix_101/atac/spatial.h5ad	27511203	c835aa7716338f088288ed54cb8429e78bfc82560da2aa40ccb4fabd087badfb
data/processed/datasets/pbmc_granulocyte_sorted_10k_shapemix_equal_celltype_split_1103_mix_101/dataset.yaml	2367	8b81747b67cc311525fe22a2c139eac8b1457993ae735af0305d71d8c45601a7
data/processed/datasets/pbmc_granulocyte_sorted_10k_shapemix_equal_celltype_split_1103_mix_101/simulation/manifest.yaml	6923	e052a453da8f960693f4d5c73294d80f622e213ef849d0d0349abb128110400a
data/processed/datasets/pbmc_granulocyte_sorted_10k_shapemix_equal_celltype_split_1103_mix_101/simulation/source_cells_by_spot.jsonl	386109	0fc79ba0cf9aa61148f84c660787f72f8708bba04c99dfcef53b1478988024c1
data/processed/datasets/pbmc_granulocyte_sorted_10k_shapemix_equal_celltype_split_1103_mix_101/truth/proportions.csv	164382	cde277d4d233cd661a73b7d1381aac74419a9704302b37398963e0f6bbd1c8b9
data/processed/datasets/pbmc_granulocyte_sorted_10k_shapemix_equal_celltype_split_1103_mix_211/atac/features/highly_variable.txt	119299	b4a7c480a7b0e18bb46f975a2f8d62d3fcc2fc8646fe62ad78b975ea1cc8bf04
data/processed/datasets/pbmc_granulocyte_sorted_10k_shapemix_equal_celltype_split_1103_mix_211/atac/spatial.h5ad	27473453	5875e45d1516f65dfe4e49634c4225c952e7ff0ff5a0742f8d52e4205e04378c
data/processed/datasets/pbmc_granulocyte_sorted_10k_shapemix_equal_celltype_split_1103_mix_211/dataset.yaml	2367	d76fd53b07e66304f9c66dea860c3c45bd8d79f99b8b3f1134fa7f6ab7423cfc
data/processed/datasets/pbmc_granulocyte_sorted_10k_shapemix_equal_celltype_split_1103_mix_211/simulation/manifest.yaml	6923	45f1d667cf367d8db864ccab2a6a7415b408fcb5f3957a9a65dde37e501c4a5c
data/processed/datasets/pbmc_granulocyte_sorted_10k_shapemix_equal_celltype_split_1103_mix_211/simulation/source_cells_by_spot.jsonl	386057	9677e2958a6fa60960aa716b4af8553fa14a3ac9a2e75afe2a336e7f96a194c8
data/processed/datasets/pbmc_granulocyte_sorted_10k_shapemix_equal_celltype_split_1103_mix_211/truth/proportions.csv	162756	94a687d7949c7ff9e2a691e0376ee33aba393cd4d8e2252bda26a2d200c45aea
data/processed/datasets/pbmc_granulocyte_sorted_10k_shapemix_equal_celltype_split_2203_mix_101/atac/features/highly_variable.txt	119300	91ae70c1cced52e9823a8f105008f4a6f90411fe073d4d95276b2723478c4617
data/processed/datasets/pbmc_granulocyte_sorted_10k_shapemix_equal_celltype_split_2203_mix_101/atac/spatial.h5ad	27561657	b3c954cc0b00e194d3a46bfaa272b6fdb1ed30a6acd364e330cebb26cfa3e495
data/processed/datasets/pbmc_granulocyte_sorted_10k_shapemix_equal_celltype_split_2203_mix_101/dataset.yaml	2367	709aa2668088a2c6576d383982f0be8310637dc3d872cefa76a8ec10b809cd0d
data/processed/datasets/pbmc_granulocyte_sorted_10k_shapemix_equal_celltype_split_2203_mix_101/simulation/manifest.yaml	6923	0ae101a05e1282eedb403ef52f150a25146d2a3e652287abba1e0f4afd314740
data/processed/datasets/pbmc_granulocyte_sorted_10k_shapemix_equal_celltype_split_2203_mix_101/simulation/source_cells_by_spot.jsonl	389462	400d29725adffb60dd4540d4bda57727d327f0bfdc6ce96be6211daffb188f68
data/processed/datasets/pbmc_granulocyte_sorted_10k_shapemix_equal_celltype_split_2203_mix_101/truth/proportions.csv	161904	3a71721c9e6e92c499cdbb199649cdc2d6fabace8ce8c5885ba328f152287c9c
data/processed/datasets/pbmc_granulocyte_sorted_10k_shapemix_equal_celltype_split_2203_mix_211/atac/features/highly_variable.txt	119300	91ae70c1cced52e9823a8f105008f4a6f90411fe073d4d95276b2723478c4617
data/processed/datasets/pbmc_granulocyte_sorted_10k_shapemix_equal_celltype_split_2203_mix_211/atac/spatial.h5ad	27137057	54bff10157b63d08d76da795175d532820e3b07afc21f5fe7ee1b2b50f0411d3
data/processed/datasets/pbmc_granulocyte_sorted_10k_shapemix_equal_celltype_split_2203_mix_211/dataset.yaml	2367	d95462bb2b4e195de25819ab371286dfac2674c5d743764e20df7f91231def86
data/processed/datasets/pbmc_granulocyte_sorted_10k_shapemix_equal_celltype_split_2203_mix_211/simulation/manifest.yaml	6923	e068058da3640bcb5e5e172e2f6850845cba4f8d7c520dc04a0e4a9271e96ebb
data/processed/datasets/pbmc_granulocyte_sorted_10k_shapemix_equal_celltype_split_2203_mix_211/simulation/source_cells_by_spot.jsonl	378707	f78e49cbd3676f1bb0c335e0da919abcb2337d0def1ac266f93bdf67d9950741
data/processed/datasets/pbmc_granulocyte_sorted_10k_shapemix_equal_celltype_split_2203_mix_211/truth/proportions.csv	162106	1b728b0c5cd4458a6a2fe02b0bd8f9d407c52976200a38a5dde12fca5f1106b8
data/processed/datasets/pbmc_granulocyte_sorted_10k_shapemix_equal_celltype_split_3301_mix_101/atac/features/highly_variable.txt	119312	e940e63ab275feed381cd3e446bd6539d3f6612ad6d515d6e051f3694186501d
data/processed/datasets/pbmc_granulocyte_sorted_10k_shapemix_equal_celltype_split_3301_mix_101/atac/spatial.h5ad	27430165	5208480891ef5dd97e776620910661966f0eb1cca61240e8a9334674c2c75722
data/processed/datasets/pbmc_granulocyte_sorted_10k_shapemix_equal_celltype_split_3301_mix_101/dataset.yaml	2367	c9631bead15fddc9494074140ff7b1aa15377538f3da2bedcfde2594c3f20fa2
data/processed/datasets/pbmc_granulocyte_sorted_10k_shapemix_equal_celltype_split_3301_mix_101/simulation/manifest.yaml	6923	467bc59f787c171deb0e20c7bd036a0a4cac14f97b5d89f50f24c92f202d1a55
data/processed/datasets/pbmc_granulocyte_sorted_10k_shapemix_equal_celltype_split_3301_mix_101/simulation/source_cells_by_spot.jsonl	386807	f556d2f0789acc08233d3506c239d0a8276afc49053edf1c5497aa324523e34e
data/processed/datasets/pbmc_granulocyte_sorted_10k_shapemix_equal_celltype_split_3301_mix_101/truth/proportions.csv	164696	3e56d37e009d6d969fa9236b3c794f8f6838905f57fa9ebc902e484cc0f54146
data/processed/datasets/pbmc_granulocyte_sorted_10k_shapemix_equal_celltype_split_3301_mix_211/atac/features/highly_variable.txt	119312	e940e63ab275feed381cd3e446bd6539d3f6612ad6d515d6e051f3694186501d
data/processed/datasets/pbmc_granulocyte_sorted_10k_shapemix_equal_celltype_split_3301_mix_211/atac/spatial.h5ad	27368765	77cb7eb1bacea934e15c974524f5cb393faff23866444f6bd9ed23041f6eb03e
data/processed/datasets/pbmc_granulocyte_sorted_10k_shapemix_equal_celltype_split_3301_mix_211/dataset.yaml	2367	c66f3cf8c0b875ca4d49637e325a420ab629ec77aeae2ab1376c57549faaf2df
data/processed/datasets/pbmc_granulocyte_sorted_10k_shapemix_equal_celltype_split_3301_mix_211/simulation/manifest.yaml	6923	69f8fde48f4fe5736d932f1fb3f5bc4d3c2cba6c006ac7ab4267b91482b29b7a
data/processed/datasets/pbmc_granulocyte_sorted_10k_shapemix_equal_celltype_split_3301_mix_211/simulation/source_cells_by_spot.jsonl	381969	4b06719deaaf61dae7f5662ff99e1788e4ba774b31c210314256ee3af7e5110a
data/processed/datasets/pbmc_granulocyte_sorted_10k_shapemix_equal_celltype_split_3301_mix_211/truth/proportions.csv	160103	26fc0c8e767ee0ef048fb32551633f44413f9784a0c2244aceba0261c56a0d34
data/processed/datasets/pbmc_granulocyte_sorted_10k_shapemix_equal_celltype_split_4409_mix_101/atac/features/highly_variable.txt	119302	fc47ea1fa1ce94b9feade71791fc0f66112a89a01d471cad6ca3debd120f6900
data/processed/datasets/pbmc_granulocyte_sorted_10k_shapemix_equal_celltype_split_4409_mix_101/atac/spatial.h5ad	27465724	f888ca191d3280f561837c13b3672759e250beb70d4166e70ca9d903281148d1
data/processed/datasets/pbmc_granulocyte_sorted_10k_shapemix_equal_celltype_split_4409_mix_101/dataset.yaml	2367	c89ef2d93515390d57c1ebe98cf8a55b2bceca6e628962db5a1b8a7aa9c721af
data/processed/datasets/pbmc_granulocyte_sorted_10k_shapemix_equal_celltype_split_4409_mix_101/simulation/manifest.yaml	6923	66f31abe70d0b1c6b5e7844035404a60dd3395d75bdcc45c7484cbf9d0138267
data/processed/datasets/pbmc_granulocyte_sorted_10k_shapemix_equal_celltype_split_4409_mix_101/simulation/source_cells_by_spot.jsonl	388460	25e486e79cf0f494e103049f216a59a393e9b761b0410618ef5f2ff0b54b7b1c
data/processed/datasets/pbmc_granulocyte_sorted_10k_shapemix_equal_celltype_split_4409_mix_101/truth/proportions.csv	161878	35aeb021832efc6fdb995187450e4c31fb3ce11bf9b10cf16ea8a18492e8224c
data/processed/datasets/pbmc_granulocyte_sorted_10k_shapemix_equal_celltype_split_4409_mix_211/atac/features/highly_variable.txt	119302	fc47ea1fa1ce94b9feade71791fc0f66112a89a01d471cad6ca3debd120f6900
data/processed/datasets/pbmc_granulocyte_sorted_10k_shapemix_equal_celltype_split_4409_mix_211/atac/spatial.h5ad	27407334	aed76f68d2422ceafe276e920a4e72e30cff4ccbe6896cbdec00e6c5ed797b08
data/processed/datasets/pbmc_granulocyte_sorted_10k_shapemix_equal_celltype_split_4409_mix_211/dataset.yaml	2367	bfbab7dc31a7ab2fc9c64e28250ba906f06e9a0f2bee7b1d2847ce4b8b8e4675
data/processed/datasets/pbmc_granulocyte_sorted_10k_shapemix_equal_celltype_split_4409_mix_211/simulation/manifest.yaml	6923	3fa301e6637967488275bba6f904090e81de1a6e5af19db85392ee6bdde7cb32
data/processed/datasets/pbmc_granulocyte_sorted_10k_shapemix_equal_celltype_split_4409_mix_211/simulation/source_cells_by_spot.jsonl	384547	feea89d7a79ef1605d52157e86b444e1e7c4061459f121ca69a89bb6801effbb
data/processed/datasets/pbmc_granulocyte_sorted_10k_shapemix_equal_celltype_split_4409_mix_211/truth/proportions.csv	160571	df042dd684789f6b96ff3f382ede76f50ba5657750c9cde3a4c98524e563e5fe
data/processed/datasets/pbmc_granulocyte_sorted_10k_shapemix_equal_celltype_split_5501_mix_101/atac/features/highly_variable.txt	119333	05b50036723f249f4486639bb8b9cc6c69e66dccd927b6f56a874b4b94712092
data/processed/datasets/pbmc_granulocyte_sorted_10k_shapemix_equal_celltype_split_5501_mix_101/atac/spatial.h5ad	27200243	d1aae07636f6c05613a94b14cf49ea52d319fb0184b93836f504fedf0609c69b
data/processed/datasets/pbmc_granulocyte_sorted_10k_shapemix_equal_celltype_split_5501_mix_101/dataset.yaml	2367	4558d72a4638a53fd3a9918d5725871b747324c3a99dccfb46fdfb774f392920
data/processed/datasets/pbmc_granulocyte_sorted_10k_shapemix_equal_celltype_split_5501_mix_101/simulation/manifest.yaml	6923	eddd429bbd91fbf662c2bb1bf9c9a182e7abfeb1cdd7c2aaa9553152ff7b98c5
data/processed/datasets/pbmc_granulocyte_sorted_10k_shapemix_equal_celltype_split_5501_mix_101/simulation/source_cells_by_spot.jsonl	382037	3f75cd27e3efbc2bcaea4cf8a92fc3fbe23ebb07c7d8baa22469cf1219cc7a65
data/processed/datasets/pbmc_granulocyte_sorted_10k_shapemix_equal_celltype_split_5501_mix_101/truth/proportions.csv	162366	70526e24f711a4a00ca9bebe27e6f2b2968559997e19e79931ef4dde4b7c22f0
data/processed/datasets/pbmc_granulocyte_sorted_10k_shapemix_equal_celltype_split_5501_mix_211/atac/features/highly_variable.txt	119333	05b50036723f249f4486639bb8b9cc6c69e66dccd927b6f56a874b4b94712092
data/processed/datasets/pbmc_granulocyte_sorted_10k_shapemix_equal_celltype_split_5501_mix_211/atac/spatial.h5ad	27268109	55e0e244fac46436efbc3e30f221efdb3c77f27575910a8f49c620b408026a71
data/processed/datasets/pbmc_granulocyte_sorted_10k_shapemix_equal_celltype_split_5501_mix_211/dataset.yaml	2367	3d600fe26bedbe4f92ab048014b94cc387829ec0adabdeee58008f614083a627
data/processed/datasets/pbmc_granulocyte_sorted_10k_shapemix_equal_celltype_split_5501_mix_211/simulation/manifest.yaml	6923	76e498bd27b3498fcb5e16ec33ec9be60e253a004cfd19ed1a8c7c61432ed9f8
data/processed/datasets/pbmc_granulocyte_sorted_10k_shapemix_equal_celltype_split_5501_mix_211/simulation/source_cells_by_spot.jsonl	383625	2353d325706bd9427402f15e69121b4fad53be141991bf15052b9cf5b8df5e5a
data/processed/datasets/pbmc_granulocyte_sorted_10k_shapemix_equal_celltype_split_5501_mix_211/truth/proportions.csv	164158	78a3806f7f3c14a8a06e419d494cfb6cca1da48780d6ada7b485b3358b775c10
data/processed/datasets/pbmc_granulocyte_sorted_10k_shapemix_observed_abundance_split_1103_mix_101/atac/features/highly_variable.txt	119299	b4a7c480a7b0e18bb46f975a2f8d62d3fcc2fc8646fe62ad78b975ea1cc8bf04
data/processed/datasets/pbmc_granulocyte_sorted_10k_shapemix_observed_abundance_split_1103_mix_101/atac/spatial.h5ad	26820590	f72ea7ca5f215f9eb640d1eea02da8f8023036a2f0152447744667c0b288504e
data/processed/datasets/pbmc_granulocyte_sorted_10k_shapemix_observed_abundance_split_1103_mix_101/dataset.yaml	2395	f6bddaf8ed73d4ddf71158cf4cfaa11dbe089130a44897948f775040ab47bc2c
data/processed/datasets/pbmc_granulocyte_sorted_10k_shapemix_observed_abundance_split_1103_mix_101/simulation/manifest.yaml	7163	4259ee8ece821b7256317115f1df2152120ba17f3e236e33314e3d821ce245e0
data/processed/datasets/pbmc_granulocyte_sorted_10k_shapemix_observed_abundance_split_1103_mix_101/simulation/source_cells_by_spot.jsonl	395989	978133949d44a4ce29883e4a491ddc438cb77d3627607c1c55f9f7c3c7a6fc59
data/processed/datasets/pbmc_granulocyte_sorted_10k_shapemix_observed_abundance_split_1103_mix_101/truth/proportions.csv	144355	d4e54a08b82b2b43d8729b38b41afffde169fea34a314a3084179bbc5b798768
data/processed/datasets/pbmc_granulocyte_sorted_10k_shapemix_observed_abundance_split_1103_mix_211/atac/features/highly_variable.txt	119299	b4a7c480a7b0e18bb46f975a2f8d62d3fcc2fc8646fe62ad78b975ea1cc8bf04
data/processed/datasets/pbmc_granulocyte_sorted_10k_shapemix_observed_abundance_split_1103_mix_211/atac/spatial.h5ad	26761744	ce118fd06307e6f8f1981aa4a4457eba73fe34ccb9d288e8ba81d35405d6b108
data/processed/datasets/pbmc_granulocyte_sorted_10k_shapemix_observed_abundance_split_1103_mix_211/dataset.yaml	2395	f466aa06da295f51d9916c7bc66eb3d567557f5a66dc2784842f87b0285b2b0d
data/processed/datasets/pbmc_granulocyte_sorted_10k_shapemix_observed_abundance_split_1103_mix_211/simulation/manifest.yaml	7163	c2bb44a030cd35b781ddab840cb51aa495f494ba75acef05e47ebb7cc6d5b803
data/processed/datasets/pbmc_granulocyte_sorted_10k_shapemix_observed_abundance_split_1103_mix_211/simulation/source_cells_by_spot.jsonl	395109	04d7f6c53b5d353e5c4c261f1f036878cd7784bc5800eb0f265fc6bcc0a639dd
data/processed/datasets/pbmc_granulocyte_sorted_10k_shapemix_observed_abundance_split_1103_mix_211/truth/proportions.csv	140752	763da011b610f8d1ffb08c77296c23b8dc4b90ee9934bfccc5d2e4bb8d11da9a
data/processed/datasets/pbmc_granulocyte_sorted_10k_shapemix_observed_abundance_split_2203_mix_101/atac/features/highly_variable.txt	119300	91ae70c1cced52e9823a8f105008f4a6f90411fe073d4d95276b2723478c4617
data/processed/datasets/pbmc_granulocyte_sorted_10k_shapemix_observed_abundance_split_2203_mix_101/atac/spatial.h5ad	26785974	606921c92a5a44195874898964ad72b1169cb338bae098789ff46b5892bf9819
data/processed/datasets/pbmc_granulocyte_sorted_10k_shapemix_observed_abundance_split_2203_mix_101/dataset.yaml	2395	4ab08eb25737188386a8262f6c448940bc3a8dbac273e737e730f3326ea79243
data/processed/datasets/pbmc_granulocyte_sorted_10k_shapemix_observed_abundance_split_2203_mix_101/simulation/manifest.yaml	7163	fc8d70dae7cc63e1d26ec81674180cb2933a278ce04c0f660cd6b431fe5ce7c2
data/processed/datasets/pbmc_granulocyte_sorted_10k_shapemix_observed_abundance_split_2203_mix_101/simulation/source_cells_by_spot.jsonl	397281	72582a75760c81275a56aafd17c6ed7a3facc5e335e714f9dcc2fc2930caec89
data/processed/datasets/pbmc_granulocyte_sorted_10k_shapemix_observed_abundance_split_2203_mix_101/truth/proportions.csv	145575	f831ece9e1833a228d6552541ffa2386d92590a52e39fc65f79c64653e3eb01d
data/processed/datasets/pbmc_granulocyte_sorted_10k_shapemix_observed_abundance_split_2203_mix_211/atac/features/highly_variable.txt	119300	91ae70c1cced52e9823a8f105008f4a6f90411fe073d4d95276b2723478c4617
data/processed/datasets/pbmc_granulocyte_sorted_10k_shapemix_observed_abundance_split_2203_mix_211/atac/spatial.h5ad	26555959	fc8a3a91dd040c8770211766b6a33db72ac4e3450a7b5e364216eb5d4c925ec6
data/processed/datasets/pbmc_granulocyte_sorted_10k_shapemix_observed_abundance_split_2203_mix_211/dataset.yaml	2395	beb1ca3213aae1282bd0b13799ca0a9390140b0704a13b0cd509f6a5abb163b0
data/processed/datasets/pbmc_granulocyte_sorted_10k_shapemix_observed_abundance_split_2203_mix_211/simulation/manifest.yaml	7163	fe0928f8053b52df4629761a8ac75358482cf431aa9161f75453c96d03d46c4e
data/processed/datasets/pbmc_granulocyte_sorted_10k_shapemix_observed_abundance_split_2203_mix_211/simulation/source_cells_by_spot.jsonl	395672	e8ab2c926515b03aecfc3fe609e13e567c4045eb2bdcfb5b355a608636208b50
data/processed/datasets/pbmc_granulocyte_sorted_10k_shapemix_observed_abundance_split_2203_mix_211/truth/proportions.csv	141965	dbd5616174fb363d3c38e51bd493454d99fa53c1102f728ca1b04e917a5c1d30
data/processed/datasets/pbmc_granulocyte_sorted_10k_shapemix_observed_abundance_split_3301_mix_101/atac/features/highly_variable.txt	119312	e940e63ab275feed381cd3e446bd6539d3f6612ad6d515d6e051f3694186501d
data/processed/datasets/pbmc_granulocyte_sorted_10k_shapemix_observed_abundance_split_3301_mix_101/atac/spatial.h5ad	26648453	93fe68bc4e5518640f9f717db1397dd3ee56943337cf10c474d6267c259a34ff
data/processed/datasets/pbmc_granulocyte_sorted_10k_shapemix_observed_abundance_split_3301_mix_101/dataset.yaml	2395	05b2bd4a802ea3f8adb04cd6650e493b0607bf3eb3547112c7a2a2a17fc2c34f
data/processed/datasets/pbmc_granulocyte_sorted_10k_shapemix_observed_abundance_split_3301_mix_101/simulation/manifest.yaml	7163	99c54d63f71bfd13cdbf8c09d9c716d8323b166338a786473c426360ae1c51b1
data/processed/datasets/pbmc_granulocyte_sorted_10k_shapemix_observed_abundance_split_3301_mix_101/simulation/source_cells_by_spot.jsonl	390985	a6c1c07ba99fa7b3dc64ada356f1837392ca227e0c300c89fb7e5ef26fede96a
data/processed/datasets/pbmc_granulocyte_sorted_10k_shapemix_observed_abundance_split_3301_mix_101/truth/proportions.csv	141105	79156c972ab1a1403379585353918d5ec6cfd66e07f14ab13d37ec4d38dc1ca5
data/processed/datasets/pbmc_granulocyte_sorted_10k_shapemix_observed_abundance_split_3301_mix_211/atac/features/highly_variable.txt	119312	e940e63ab275feed381cd3e446bd6539d3f6612ad6d515d6e051f3694186501d
data/processed/datasets/pbmc_granulocyte_sorted_10k_shapemix_observed_abundance_split_3301_mix_211/atac/spatial.h5ad	26813294	00f23d373c522f98938f69fa94d96ef16b2c15c620d62c9f02b4deaf4550ef1f
data/processed/datasets/pbmc_granulocyte_sorted_10k_shapemix_observed_abundance_split_3301_mix_211/dataset.yaml	2395	9c71820595e6dff2d56234bd17029bb23a667f898c6d2c98b44ae74b7efeaa9d
data/processed/datasets/pbmc_granulocyte_sorted_10k_shapemix_observed_abundance_split_3301_mix_211/simulation/manifest.yaml	7163	f9364b8987eb2de674378955d843c05f425114f1526c5807f579d8f3ba717612
data/processed/datasets/pbmc_granulocyte_sorted_10k_shapemix_observed_abundance_split_3301_mix_211/simulation/source_cells_by_spot.jsonl	396056	e0daf67cef34b7f791fa345a20df6946f3c8b9adb6df863c83f3c5c3da6d63b5
data/processed/datasets/pbmc_granulocyte_sorted_10k_shapemix_observed_abundance_split_3301_mix_211/truth/proportions.csv	141377	d156df40b8f434ae3591414b53a92d5fbcd9aa04824dbc9f5d09890b87f01da2
data/processed/datasets/pbmc_granulocyte_sorted_10k_shapemix_observed_abundance_split_4409_mix_101/atac/features/highly_variable.txt	119302	fc47ea1fa1ce94b9feade71791fc0f66112a89a01d471cad6ca3debd120f6900
data/processed/datasets/pbmc_granulocyte_sorted_10k_shapemix_observed_abundance_split_4409_mix_101/atac/spatial.h5ad	26614040	05c8352e4b9435cd0b59d4abe7aebd019833ec3c1d7acc18d6022694460862fa
data/processed/datasets/pbmc_granulocyte_sorted_10k_shapemix_observed_abundance_split_4409_mix_101/dataset.yaml	2395	4b355e95463c38fb6040092c3f555d0f2aea05420befc5290540e3ec21324af7
data/processed/datasets/pbmc_granulocyte_sorted_10k_shapemix_observed_abundance_split_4409_mix_101/simulation/manifest.yaml	7163	c8815a132fd4d64cd327224bb07ccd9dfe00157c21ac056ccc1c000bc527e31b
data/processed/datasets/pbmc_granulocyte_sorted_10k_shapemix_observed_abundance_split_4409_mix_101/simulation/source_cells_by_spot.jsonl	393541	2c0346d831cc45f3372308281b76d041fffffa67d39776edbd3442f8221f1d8d
data/processed/datasets/pbmc_granulocyte_sorted_10k_shapemix_observed_abundance_split_4409_mix_101/truth/proportions.csv	144418	289ce18c292e2f94ec5c4ce202e648d6c941d717c926be219a8b853e93e21bd7
data/processed/datasets/pbmc_granulocyte_sorted_10k_shapemix_observed_abundance_split_4409_mix_211/atac/features/highly_variable.txt	119302	fc47ea1fa1ce94b9feade71791fc0f66112a89a01d471cad6ca3debd120f6900
data/processed/datasets/pbmc_granulocyte_sorted_10k_shapemix_observed_abundance_split_4409_mix_211/atac/spatial.h5ad	26777109	fbc0a617ab49f32df9275b1874417ac2366080976426a23a53677b9df4bf5cdc
data/processed/datasets/pbmc_granulocyte_sorted_10k_shapemix_observed_abundance_split_4409_mix_211/dataset.yaml	2395	6f466620046cd3c1b7f4504ddac7eb0abae32c1a24ab9e33e4a55c1aa2421efd
data/processed/datasets/pbmc_granulocyte_sorted_10k_shapemix_observed_abundance_split_4409_mix_211/simulation/manifest.yaml	7163	3e10f95305a93c77735605654e87631fb6ba57ee32560c3dc42156044888169e
data/processed/datasets/pbmc_granulocyte_sorted_10k_shapemix_observed_abundance_split_4409_mix_211/simulation/source_cells_by_spot.jsonl	394386	cf3d353d29c13cdd54cc5ff4e6ee1ca8c60d684177a7223bb6796f17f1e0d96c
data/processed/datasets/pbmc_granulocyte_sorted_10k_shapemix_observed_abundance_split_4409_mix_211/truth/proportions.csv	142762	915b4f1f7ae5182d692eb3880966d11ff24c60f6b2ca72f493fc22439c52f3ed
data/processed/datasets/pbmc_granulocyte_sorted_10k_shapemix_observed_abundance_split_5501_mix_101/atac/features/highly_variable.txt	119333	05b50036723f249f4486639bb8b9cc6c69e66dccd927b6f56a874b4b94712092
data/processed/datasets/pbmc_granulocyte_sorted_10k_shapemix_observed_abundance_split_5501_mix_101/atac/spatial.h5ad	26629822	54b48f96cbb946f5b57ea7b162c495ca8f5502c7bed30a294a1d7a895bcc9444
data/processed/datasets/pbmc_granulocyte_sorted_10k_shapemix_observed_abundance_split_5501_mix_101/dataset.yaml	2395	c4066406a2bb5b932139081e06c7d420fa551f152e011e9d7eab44953328c141
data/processed/datasets/pbmc_granulocyte_sorted_10k_shapemix_observed_abundance_split_5501_mix_101/simulation/manifest.yaml	7163	8e7cd58c4c96016e98c553a2ae239629001d1d5b7b1c371de81dd5e3755311c4
data/processed/datasets/pbmc_granulocyte_sorted_10k_shapemix_observed_abundance_split_5501_mix_101/simulation/source_cells_by_spot.jsonl	393714	09e5b987791c07c9726f1a267dcadcd1b4020d989aa8089930e57b50e510fd6c
data/processed/datasets/pbmc_granulocyte_sorted_10k_shapemix_observed_abundance_split_5501_mix_101/truth/proportions.csv	141323	c90a45ad04ed9924c40f98338799c8a42efbe6dccf9715bbc635ea7358e80fcf
data/processed/datasets/pbmc_granulocyte_sorted_10k_shapemix_observed_abundance_split_5501_mix_211/atac/features/highly_variable.txt	119333	05b50036723f249f4486639bb8b9cc6c69e66dccd927b6f56a874b4b94712092
data/processed/datasets/pbmc_granulocyte_sorted_10k_shapemix_observed_abundance_split_5501_mix_211/atac/spatial.h5ad	26811957	a0cf9166942140f9a64a8bc59a66a950f830df7cf4664635cf876cb5adfd822d
data/processed/datasets/pbmc_granulocyte_sorted_10k_shapemix_observed_abundance_split_5501_mix_211/dataset.yaml	2395	d1bf0b5310ff8beae78c1b87464e5f34da775086d9a0fa04f3dca653b9d6b2e5
data/processed/datasets/pbmc_granulocyte_sorted_10k_shapemix_observed_abundance_split_5501_mix_211/simulation/manifest.yaml	7163	a362e1e97889d9ad2fb6cccbd498a35fea9a0e9093c3437f5a55cce6e02871d7
data/processed/datasets/pbmc_granulocyte_sorted_10k_shapemix_observed_abundance_split_5501_mix_211/simulation/source_cells_by_spot.jsonl	399830	9241c62f7b0fbbfb4ff442afe9cbf1ec3ae061657fdc7211585b24f5b13cff5f
data/processed/datasets/pbmc_granulocyte_sorted_10k_shapemix_observed_abundance_split_5501_mix_211/truth/proportions.csv	144186	1ebc3efb21858d93a9eb1316a5e31b2f7f735e87838b93c6c9a8a24430a6ea01
data/processed/datasets/pbmc_granulocyte_sorted_10k_sim_equal_celltype/atac/features/highly_accessible.txt	476761	4326e51269e8dbe8239e91ffc26dcd8a8acc22c8e26bca7f3c725ef828973298
data/processed/datasets/pbmc_granulocyte_sorted_10k_sim_equal_celltype/atac/features/highly_variable.txt	476974	b8cfa5e206f3984b0e4eaa8539c7200cd65020d496bb710f3cda837eb72e901c
data/processed/datasets/pbmc_granulocyte_sorted_10k_sim_equal_celltype/atac/spatial.h5ad	107835430	20f2e5c460834fbaeda9b3c0b0f2e240084d5b30e566360ef35ea90ef72828df
data/processed/datasets/pbmc_granulocyte_sorted_10k_sim_equal_celltype/dataset.yaml	3241	245a07f979ac4ceb086c843343a2f9e9a13461b7c243810558fb0555306a866b
data/processed/datasets/pbmc_granulocyte_sorted_10k_sim_equal_celltype/rna/features/highly_variable.txt	151269	c6cea5c8c86a0218ce368d84eba8bbd028f3625beb5bceb9b4fc34725dca47e8
data/processed/datasets/pbmc_granulocyte_sorted_10k_sim_equal_celltype/rna/spatial.h5ad	22836215	a7e12d01ab44cde17c3696ce4aea330922df53b88e07f1571df8fb9c403c20c2
data/processed/datasets/pbmc_granulocyte_sorted_10k_sim_equal_celltype/simulation/source_cells_by_spot.jsonl	436770	e90f22ed192b8ea7b01f5dca9e3de3b2efbd1d40a2d6706b7912c5f64d88ec67
data/processed/datasets/pbmc_granulocyte_sorted_10k_sim_equal_celltype/truth/proportions.csv	174342	9b4e5e01867c4d4929a9ed1d974b11e490d58a7e0c0d8bfca9f445dbb0352b76
data/processed/datasets/pbmc_granulocyte_sorted_10k_sim_observed_abundance/atac/features/highly_accessible.txt	476761	4326e51269e8dbe8239e91ffc26dcd8a8acc22c8e26bca7f3c725ef828973298
data/processed/datasets/pbmc_granulocyte_sorted_10k_sim_observed_abundance/atac/features/highly_variable.txt	476974	b8cfa5e206f3984b0e4eaa8539c7200cd65020d496bb710f3cda837eb72e901c
data/processed/datasets/pbmc_granulocyte_sorted_10k_sim_observed_abundance/atac/spatial.h5ad	109541537	225789d25c55391a8a825c8044561c082d1813f5d1ddc97cf91842b34c7499c7
data/processed/datasets/pbmc_granulocyte_sorted_10k_sim_observed_abundance/dataset.yaml	3503	83a00a1204cf2a09fcfda57553d8233b5a7dcace256ee210d027562d480dd597
data/processed/datasets/pbmc_granulocyte_sorted_10k_sim_observed_abundance/rna/features/highly_variable.txt	151269	c6cea5c8c86a0218ce368d84eba8bbd028f3625beb5bceb9b4fc34725dca47e8
data/processed/datasets/pbmc_granulocyte_sorted_10k_sim_observed_abundance/rna/spatial.h5ad	22674843	db9e5d9c6c2acdef0cd1931fa73b8e2eca19875723919e391ecd4deb9f83dccc
data/processed/datasets/pbmc_granulocyte_sorted_10k_sim_observed_abundance/simulation/source_cells_by_spot.jsonl	446573	a64c2f26096625573982423c3422257ce504949ad58ecdd6a3361d1d1b34749e
data/processed/datasets/pbmc_granulocyte_sorted_10k_sim_observed_abundance/truth/proportions.csv	154278	68c34666b019ea8f0c9346f0bebfed2ba18f6929050fd7c276c84d495c9be018
data/processed/datasets/russell_250/atac/spatial.h5ad	77251318	b964aa8d1390d5823612a7174dfaa39c92ea0a10262acf3ba2810e9bd71fc38b
data/processed/datasets/russell_250/dataset.yaml	664	6c2415c3a3ca650d8635c03eb0bdba9a93befd01347c7191a2d39e6704c1eecb
data/processed/datasets/russell_250/truth/proportions.csv	25118	4e1542605eddd4cf7f3ff62e0e78116f7b3830bfc990b26222b183fff05259f5
data/processed/shapemix/pbmc_granulocyte_sorted_10k/full_universe_shape_cache.h5ad	66713473	7c696a43e50e8ca05edf8af53ef8abf208a50a4f711b59096ad23a1252773c54
data/processed/shapemix/pbmc_granulocyte_sorted_10k/smoke/split_000/heldout_test_cells.h5ad	631027	c0a9fbe90ebb0f8389eac2186003452b5185714aabab71fc05448a11c5d1bc48
data/processed/shapemix/pbmc_granulocyte_sorted_10k/smoke/split_000/manifest.yaml	7061	5096f1a06187cfc426b47f3ca5ed2acb183b3eeb06594de1c7659c454f030af4
data/processed/shapemix/pbmc_granulocyte_sorted_10k/smoke/split_000/peak_selection.csv	12733	52d3f54d09828f75f43938bdfb1d1bd5d562c951216c3ff7c5919c70599635c3
data/processed/shapemix/pbmc_granulocyte_sorted_10k/smoke/split_000/reference_cells.h5ad	1259171	d5a4e3d0ad64b94684fd45d0a1e9388081953639c96b50e3e4bcb3a9e971d61e
data/processed/shapemix/pbmc_granulocyte_sorted_10k/smoke/split_000/selected_peaks.txt	4795	6d1c38754612a3f9e3a529550b9f28f6c4c6e371a5a2cf5877d0294048be160f
data/processed/shapemix/pbmc_granulocyte_sorted_10k/smoke/split_000/signal_audit.csv	29712	f609e4229afb58cc361e5a913ffc01a82dc0d2e98a8fca692588254ba551873c
data/processed/shapemix/pbmc_granulocyte_sorted_10k/smoke/split_000/signal_audit_summary.yaml	2510	2493f800f18eeb6d7d57617afc0ad0ac3da8c8e0dce14a746f2af80990ca0e9e
data/processed/shapemix/pbmc_granulocyte_sorted_10k/smoke/split_000/split.csv	203003	092a0bf258698d469689c1a26ffd2dd349af5aeaad17c252613a7d77c51a8890
data/processed/shapemix/pbmc_granulocyte_sorted_10k/split_1103/heldout_test_cells.h5ad	17454489	f6ab3aa0cda31ac1c2c164b04750ea6d4dcdc52694c2565d11aaf1ab3f5eec60
data/processed/shapemix/pbmc_granulocyte_sorted_10k/split_1103/manifest.yaml	7895	1f06f0972fd4138d087c2e1a6aa1cf38a506f142a0734375d33620f302af592d
data/processed/shapemix/pbmc_granulocyte_sorted_10k/split_1103/peak_selection.csv	324098	6030eb34f6bbbd9a6820511c9842a7fed17ca79334776b095ea3ff4c7d587f61
data/processed/shapemix/pbmc_granulocyte_sorted_10k/split_1103/reference_cells.h5ad	39452246	fe7dbc0a2bc1fea482aa1cc91cc31895d2f8e8d05fd515e810f16e69ea6a5faa
data/processed/shapemix/pbmc_granulocyte_sorted_10k/split_1103/selected_peaks.txt	119299	b4a7c480a7b0e18bb46f975a2f8d62d3fcc2fc8646fe62ad78b975ea1cc8bf04
data/processed/shapemix/pbmc_granulocyte_sorted_10k/split_1103/signal_audit.csv	733531	28ef223bbd5f8fe141be2dd79dc6a333455de7ca4e59904bfece3375c9ab7886
data/processed/shapemix/pbmc_granulocyte_sorted_10k/split_1103/signal_audit_summary.yaml	5816	f951c6ca9d8f9d64e087537894da295c7013a10022c7e2c0530289fc5ec71dd8
data/processed/shapemix/pbmc_granulocyte_sorted_10k/split_1103/split.csv	356771	6f9c122d96e106c17114df722df74fdd4c59cf418570c38450d5316d65133a46
data/processed/shapemix/pbmc_granulocyte_sorted_10k/split_2203/heldout_test_cells.h5ad	17209506	e3fd4322289a4ae4efd655ff4b3e63eb0660407afc950131c2328e4ec8fb5a1a
data/processed/shapemix/pbmc_granulocyte_sorted_10k/split_2203/manifest.yaml	7895	cf2ff024978c64369b1335550b471a37700ff80a5b9fe32f880947bb44f6ec0b
data/processed/shapemix/pbmc_granulocyte_sorted_10k/split_2203/peak_selection.csv	324036	e1773bdb4d70e575803ccd8e5576e76f7765b147460db27c6e61329b6357bf9a
data/processed/shapemix/pbmc_granulocyte_sorted_10k/split_2203/reference_cells.h5ad	39243093	fe1297339d16d463f992add15c3ffff0d18327cac0023c2fa938c68fc3f3d0e6
data/processed/shapemix/pbmc_granulocyte_sorted_10k/split_2203/selected_peaks.txt	119300	91ae70c1cced52e9823a8f105008f4a6f90411fe073d4d95276b2723478c4617
data/processed/shapemix/pbmc_granulocyte_sorted_10k/split_2203/signal_audit.csv	733164	94c4a38cd5ae6073ea24696e843676ed60a2fa7434649d96d7a7722803adf67b
data/processed/shapemix/pbmc_granulocyte_sorted_10k/split_2203/signal_audit_summary.yaml	5813	f7fc5463ec261b3d458f8f14f3a296273f695f96fc66917d18f2b50562945a59
data/processed/shapemix/pbmc_granulocyte_sorted_10k/split_2203/split.csv	356771	c56326bf3bc14133d5c65ee01e76e4b2d036b59567783b84fac7f323f8e6b12d
data/processed/shapemix/pbmc_granulocyte_sorted_10k/split_3301/heldout_test_cells.h5ad	17484663	01824eb508339dd59982954abf58337fd3e2db57ecc983649bde577f7bf42f8d
data/processed/shapemix/pbmc_granulocyte_sorted_10k/split_3301/manifest.yaml	7895	cdc77cd068230174e87084df80f73ce3d7ce9d34a48deb08619d3e70fcb6f25b
data/processed/shapemix/pbmc_granulocyte_sorted_10k/split_3301/peak_selection.csv	324096	79c82c0417acfb6a7e293b13a64dd9a41327be7ebc6a207644e345c458cda035
data/processed/shapemix/pbmc_granulocyte_sorted_10k/split_3301/reference_cells.h5ad	39571793	071060d4c7fe716313fa0c025f69251fe3136dd1aa2080b0b5835dd42112c695
data/processed/shapemix/pbmc_granulocyte_sorted_10k/split_3301/selected_peaks.txt	119312	e940e63ab275feed381cd3e446bd6539d3f6612ad6d515d6e051f3694186501d
data/processed/shapemix/pbmc_granulocyte_sorted_10k/split_3301/signal_audit.csv	733240	691acfd5738024fd7479dc43b1eb79e0d6e270508b17019f28f2868687e50d4f
data/processed/shapemix/pbmc_granulocyte_sorted_10k/split_3301/signal_audit_summary.yaml	5822	5ce4088c4bd860a6af3216e803b16aab3d00365548a13dea7233b34a00cbc7ed
data/processed/shapemix/pbmc_granulocyte_sorted_10k/split_3301/split.csv	356771	3e5336a36835396b6041b8afbbde650a09ec0476a2a611d9312ca941ba61e5fe
data/processed/shapemix/pbmc_granulocyte_sorted_10k/split_4409/heldout_test_cells.h5ad	17388293	a6ec7d03ef29a8f941c2cc887f7d3de76ca712952779c4203418d84122a6f5f0
data/processed/shapemix/pbmc_granulocyte_sorted_10k/split_4409/manifest.yaml	7895	4faa712985d1becfe6450ec47d301874efeb937e754e5d9e7254c2109ecfd58e
data/processed/shapemix/pbmc_granulocyte_sorted_10k/split_4409/peak_selection.csv	324060	4c966176375a1365f70558232a3695dc75c457191fdfe3c1756aaf300fd56416
data/processed/shapemix/pbmc_granulocyte_sorted_10k/split_4409/reference_cells.h5ad	39559066	1fa2393285fb7089913507811cf6cfecee51e9df31ea90e3dafe9da177cda1d8
data/processed/shapemix/pbmc_granulocyte_sorted_10k/split_4409/selected_peaks.txt	119302	fc47ea1fa1ce94b9feade71791fc0f66112a89a01d471cad6ca3debd120f6900
data/processed/shapemix/pbmc_granulocyte_sorted_10k/split_4409/signal_audit.csv	733452	d608ed7f2ea604c53695dba77213723a82511e2d89715e2989eb6e51f5f8e598
data/processed/shapemix/pbmc_granulocyte_sorted_10k/split_4409/signal_audit_summary.yaml	5816	921f5e12747a5695c84d897bca220cfbc11bb1368ee61da5f1f319ba6911156b
data/processed/shapemix/pbmc_granulocyte_sorted_10k/split_4409/split.csv	356771	164f9b00fe1d2c79b41712ea347a9680936735358ace771fe17dddf9be1e3b5b
data/processed/shapemix/pbmc_granulocyte_sorted_10k/split_5501/heldout_test_cells.h5ad	17394513	befbb471ab834ca826456c8def029c3fa8e0d6400ecb7a656f01c5395f62c7a6
data/processed/shapemix/pbmc_granulocyte_sorted_10k/split_5501/manifest.yaml	7895	c0e4e328f8712264c2fdaa5d35d2c3ddbb61ae7ca41c3e436b8e95346128b133
data/processed/shapemix/pbmc_granulocyte_sorted_10k/split_5501/peak_selection.csv	324139	fe2f99dd71a49e961220fcbbc1adc7ddfc40ec47b97e1b190d399dd891cecc79
data/processed/shapemix/pbmc_granulocyte_sorted_10k/split_5501/reference_cells.h5ad	39859396	5432bdaa15a3d52d60a2688f77c37cc6343eea2c0a0f8457b212675dae8deab3
data/processed/shapemix/pbmc_granulocyte_sorted_10k/split_5501/selected_peaks.txt	119333	05b50036723f249f4486639bb8b9cc6c69e66dccd927b6f56a874b4b94712092
data/processed/shapemix/pbmc_granulocyte_sorted_10k/split_5501/signal_audit.csv	733325	3a0eb4a5c7d0f7f0c87524464a00c4edb2506f9eecfe9fcbea8de67f197cb5ab
data/processed/shapemix/pbmc_granulocyte_sorted_10k/split_5501/signal_audit_summary.yaml	5821	d3941a7e27defa7b30f34f0ca566bee2ac5abf7b49fd8c6a0ba5ca1d95afde9c
data/processed/shapemix/pbmc_granulocyte_sorted_10k/split_5501/split.csv	356771	9616f2abf83199c8f01537d7d6d497841554329a60680941767b041c036c7626
data/raw/.DS_Store	6148	d68fac898d8d3f02737863daaa874f6964cbec1bf5dbf7999df522a5139030cd
data/raw/README.md	1213	6ed9b9ec5bb516506bef181eca1d4d3e367f57354f05e42e1c16938642b02328
data/raw/references/human_cardiac_niches/atac/reference.h5ad	7252088744	f5fd7c42cdc89ac19879f852b0635a8c6a59b4bb75bf1e9c2d5bc354041cd442
data/raw/references/human_cardiac_niches/reference.yaml	402	c9206ef722adfa6dc11aaa3efe204d604c0f47811ec3d0aa8e83f120cd364f09
data/raw/references/human_cardiac_niches/rna/reference.h5ad	9125578296	2280a34361a67ac6b24a787ddc037d0f7f78d7db91f5dcfb8ee822d7e80c7ed2
data/raw/references/pbmc_granulocyte_sorted_10k_multiome/atac/reference.h5ad	720924465	cdaefffbfd5dd3cb36318f68158d4bec0df1d2b2bf63562b14065f1055cf6ee6
data/raw/references/pbmc_granulocyte_sorted_10k_multiome/reference.yaml	1003	0b1b1c7b769b65e3db521b89d5e9b0e4d8db81131a18fcbba31e043f5663e82a
data/raw/references/pbmc_granulocyte_sorted_10k_multiome/rna/reference.h5ad	156284068	c78cae2f49fcf31a84af8fc2c75a397c1467c7eb097f08073c8375bba3fd9458
data/raw/references/russell_250/atac/reference.h5ad	98712149	34094c568e0267b3f16a98401059439679934458f7ee35c43bcda7914d578bf8
data/raw/references/russell_250/reference.yaml	365	ca1bdf5fd2eb93617d375f255befd68fa5895989d02cfb09a3e9a41025696c59
data/raw/sources/10x_genomics/pbmc_granulocyte_sorted_10k/cellranger_arc_2.0.0/manifest.yaml	3985	183a7b21ffeb01db1a8744f0618ccc52342cc0b5383efa70341f6abbfd1c37d7
data/raw/sources/10x_genomics/pbmc_granulocyte_sorted_10k/cellranger_arc_2.0.0/pbmc_granulocyte_sorted_10k_atac_fragments.tsv.gz	2403785496	5075e32a0e9c6dded35b060bf90d6144375b150e131ffb0be121a93e3b5e1e38
data/raw/sources/10x_genomics/pbmc_granulocyte_sorted_10k/cellranger_arc_2.0.0/pbmc_granulocyte_sorted_10k_atac_fragments.tsv.gz.tbi	1089534	3a516291d0e6e5ddf9f651f470b6312b83eeb26f153ea12cfa9d082760a5e7f5
data/raw/sources/10x_genomics/pbmc_granulocyte_sorted_10k/cellranger_arc_2.0.0/pbmc_granulocyte_sorted_10k_atac_peaks.bed	3439145	3975a4057f9caa3fb69ddaecc6ae9e530e77551717a1464c2d93ac9d73cb60ab
data/raw/sources/10x_genomics/pbmc_granulocyte_sorted_10k/cellranger_arc_2.0.0/pbmc_granulocyte_sorted_10k_filtered_feature_bc_matrix.h5	192125528	f6824171378787baab244f559b8b438f79db2eb39f78d17b2196f7ecd2c03549
data/raw/sources/10x_genomics/pbmc_granulocyte_sorted_10k/cellranger_arc_2.0.0/pbmc_granulocyte_sorted_10k_per_barcode_metrics.csv	88822764	fd3e069b83e152145af234667b419c982968aca0df322a92adb71284d0d902cd
data/raw/sources/10x_genomics/pbmc_granulocyte_sorted_10k/cellranger_arc_2.0.0/pbmc_granulocyte_sorted_10k_web_summary.html	6227259	4f443bc6908c3345326cac73e11d7b16e0adc279f8023de2867e3f5d85f86ec5
data/raw/sources/celltypist/pbmc_granulocyte_sorted_10k/cell_type_mapping.csv	1730746	9e6f79da13efba281b213834a466b3fdcc37b6d48ace9c41a00653ad7cf86a4e
data/raw/sources/celltypist/pbmc_granulocyte_sorted_10k/cell_type_summary.csv	4226	44d0265701ce68ba2b29bb412914ff3a9c0b7355fa15b3c8e7488581efa5e527
data/raw/sources/celltypist/pbmc_granulocyte_sorted_10k/data/models/Immune_All_High.pkl	1070426	a715fec36c2c421f7c4e31cf4cb4bea883eedab7fd7b20a4b76f091c22660448
data/raw/sources/celltypist/pbmc_granulocyte_sorted_10k/data/models/Immune_All_Low.pkl	2824990	290874d35dac039d4c9218c343fde4aac1077709b72a331ce7266f6828c36502
data/raw/sources/celltypist/pbmc_granulocyte_sorted_10k/data/models/models.json	25568	f617fcd7863b08e6ba2dca1db959d60d6f82f06a0833897e8968c9164a18b132
data/raw/sources/celltypist/pbmc_granulocyte_sorted_10k/manifest.yaml	1200	6b4cc25c2536d018c3b5f7e9008760642abd49620976f49891b055039ce9c895
data/raw/sources/snapatac2/pbmc10k_multiome/cell_type_mapping.csv	694349	3aa94d5f636c01c0159324984930cb14e775e49611102cb4dd02a491b63bf298
data/raw/sources/snapatac2/pbmc10k_multiome/cell_type_summary.csv	240	809a3b285d996024daed95e0c2a8a17299ba93d1e5f0e884988dac9362150f4d
data/raw/sources/snapatac2/pbmc10k_multiome/manifest.yaml	1741	efb6d77c121df2dfdfc0dbbd26d7d9aee496b856d76032752acb7abd262b6970
data/raw/sources/snapatac2/pbmc10k_multiome/rna.h5ad	23147214	72505189d3c03cdebc299e31e80aafed29af538dcef34a6708f76b7998ed6dcb
data/registry/README.md	363	a63a31fa860814e4ef17e01546883da9930234cfd6b52d7c50bcb8bc3419cb29
data/registry/datasets.yaml	4958	1b903b374293d99872e16404f7194b1a65e42993dfed013b4962154c26be7932
