source_run_group,run_id,dataset_id,outer_split_seed,inner_mixture_seed,condition,method_run_id,status,experiment_config_path,experiment_config_source_sha256,experiment_config_resolved_sha256,benchmark_protocol_path,benchmark_protocol_sha256,registry_path,registry_source_sha256,dataset_config_sha256,git_commit,git_worktree_dirty,code_manifest_sha256,output_manifest_path,output_manifest_sha256,output_manifest_file_count,wall_runtime_seconds,peak_rss_bytes,peak_rss_mb,rss_measurement,performance_scope,execution_action,shard_index,shard_count
/Users/rzhuang/Documents/VscodeProjects/deconvATAC/results/primary/shapemix_primary_ablation_protocol_v1__shard_00_of_05,pbmc_granulocyte_sorted_10k_shapemix_equal_celltype_split_1103_mix_101__atac__highly_variable__shapemix_count_only,pbmc_granulocyte_sorted_10k_shapemix_equal_celltype_split_1103_mix_101,1103,101,equal_celltype,shapemix_count_only,success,configs/experiments/shapemix_primary_ablation.yaml,0604074d476b125df006565e59a909fe6d5f0983ae6773455889acf8ab16b09b,1ac65d9b0fc1c43345a4e594aa1a40a5beeb8f77f74aa5ccd6858d071a53d434,docs/ShapeMix/benchmark_protocol.md,1c540b1f195af1d398b2ac55a80c06236f4d01aebd2e4daaeb3a97028f8667b6,data/registry/datasets.yaml,1b903b374293d99872e16404f7194b1a65e42993dfed013b4962154c26be7932,812f35a4ae1089686898c27e5555f711289d95165368ee3ba684e681fd6da262,31128334f6f8d64aa3b7db767a1324c298dab457,True,68896dbdb4f575e2b315f896c95bde1fb8a2231c500fe900d57e8d3e9bdc7c40,output_sha256.yaml,46d94297cc981c372a308408fac4e4646262a3003f87bf7d95fa849a7150be0a,11,1940.5765384580009,1643479040,1567.34375,"{""platform"":""darwin"",""ru_maxrss"":{""bytes"":1708572672,""platform"":""darwin"",""raw_value"":1708572672,""semantics"":""process_lifetime_high_water_mark"",""units"":""bytes""},""sample_interval_seconds"":0.02,""semantics"":""maximum sampled sum of driver and recursive child RSS"",""source"":""psutil_sampled_process_tree""}",load_signature_fit_diagnostics_standard_write_and_evaluation,executed,0,5
/Users/rzhuang/Documents/VscodeProjects/deconvATAC/results/primary/shapemix_primary_ablation_protocol_v1__shard_00_of_05,pbmc_granulocyte_sorted_10k_shapemix_equal_celltype_split_1103_mix_101__atac__highly_variable__shapemix_length,pbmc_granulocyte_sorted_10k_shapemix_equal_celltype_split_1103_mix_101,1103,101,equal_celltype,shapemix_length,success,configs/experiments/shapemix_primary_ablation.yaml,0604074d476b125df006565e59a909fe6d5f0983ae6773455889acf8ab16b09b,1ac65d9b0fc1c43345a4e594aa1a40a5beeb8f77f74aa5ccd6858d071a53d434,docs/ShapeMix/benchmark_protocol.md,1c540b1f195af1d398b2ac55a80c06236f4d01aebd2e4daaeb3a97028f8667b6,data/registry/datasets.yaml,1b903b374293d99872e16404f7194b1a65e42993dfed013b4962154c26be7932,812f35a4ae1089686898c27e5555f711289d95165368ee3ba684e681fd6da262,31128334f6f8d64aa3b7db767a1324c298dab457,True,68896dbdb4f575e2b315f896c95bde1fb8a2231c500fe900d57e8d3e9bdc7c40,output_sha256.yaml,20a7415272ac703220c5f05dbd7747a585b8045a2b530efd9576ea0890126a2b,11,3694.7245774581097,1708572672,1629.421875,"{""platform"":""darwin"",""ru_maxrss"":{""bytes"":1708572672,""platform"":""darwin"",""raw_value"":1708572672,""semantics"":""process_lifetime_high_water_mark"",""units"":""bytes""},""sample_interval_seconds"":0.02,""semantics"":""maximum sampled sum of driver and recursive child RSS"",""source"":""psutil_sampled_process_tree""}",load_signature_fit_diagnostics_standard_write_and_evaluation,executed,0,5
/Users/rzhuang/Documents/VscodeProjects/deconvATAC/results/primary/shapemix_primary_ablation_protocol_v1__shard_01_of_05,pbmc_granulocyte_sorted_10k_shapemix_equal_celltype_split_1103_mix_211__atac__highly_variable__shapemix_count_only,pbmc_granulocyte_sorted_10k_shapemix_equal_celltype_split_1103_mix_211,1103,211,equal_celltype,shapemix_count_only,success,configs/experiments/shapemix_primary_ablation.yaml,0604074d476b125df006565e59a909fe6d5f0983ae6773455889acf8ab16b09b,1ac65d9b0fc1c43345a4e594aa1a40a5beeb8f77f74aa5ccd6858d071a53d434,docs/ShapeMix/benchmark_protocol.md,1c540b1f195af1d398b2ac55a80c06236f4d01aebd2e4daaeb3a97028f8667b6,data/registry/datasets.yaml,1b903b374293d99872e16404f7194b1a65e42993dfed013b4962154c26be7932,72e2e9af7937eecef945672e369da5a1ae463e63bc2b16144d15137f4143b231,31128334f6f8d64aa3b7db767a1324c298dab457,True,68896dbdb4f575e2b315f896c95bde1fb8a2231c500fe900d57e8d3e9bdc7c40,output_sha256.yaml,e9d7420e82f33f32bf90c6d819f82168022dcb016b04414ef351731390d0d9cd,11,1999.2495522499084,1637908480,1562.03125,"{""platform"":""darwin"",""ru_maxrss"":{""bytes"":1705410560,""platform"":""darwin"",""raw_value"":1705410560,""semantics"":""process_lifetime_high_water_mark"",""units"":""bytes""},""sample_interval_seconds"":0.02,""semantics"":""maximum sampled sum of driver and recursive child RSS"",""source"":""psutil_sampled_process_tree""}",load_signature_fit_diagnostics_standard_write_and_evaluation,executed,1,5
/Users/rzhuang/Documents/VscodeProjects/deconvATAC/results/primary/shapemix_primary_ablation_protocol_v1__shard_01_of_05,pbmc_granulocyte_sorted_10k_shapemix_equal_celltype_split_1103_mix_211__atac__highly_variable__shapemix_length,pbmc_granulocyte_sorted_10k_shapemix_equal_celltype_split_1103_mix_211,1103,211,equal_celltype,shapemix_length,success,configs/experiments/shapemix_primary_ablation.yaml,0604074d476b125df006565e59a909fe6d5f0983ae6773455889acf8ab16b09b,1ac65d9b0fc1c43345a4e594aa1a40a5beeb8f77f74aa5ccd6858d071a53d434,docs/ShapeMix/benchmark_protocol.md,1c540b1f195af1d398b2ac55a80c06236f4d01aebd2e4daaeb3a97028f8667b6,data/registry/datasets.yaml,1b903b374293d99872e16404f7194b1a65e42993dfed013b4962154c26be7932,72e2e9af7937eecef945672e369da5a1ae463e63bc2b16144d15137f4143b231,31128334f6f8d64aa3b7db767a1324c298dab457,True,68896dbdb4f575e2b315f896c95bde1fb8a2231c500fe900d57e8d3e9bdc7c40,output_sha256.yaml,12c85227274e8d0bfa82f2584b31003b4e63ee81cbe125d73ecef53b99e3b6c5,11,3680.6862302091904,1621377024,1546.265625,"{""platform"":""darwin"",""ru_maxrss"":{""bytes"":1705410560,""platform"":""darwin"",""raw_value"":1705410560,""semantics"":""process_lifetime_high_water_mark"",""units"":""bytes""},""sample_interval_seconds"":0.02,""semantics"":""maximum sampled sum of driver and recursive child RSS"",""source"":""psutil_sampled_process_tree""}",load_signature_fit_diagnostics_standard_write_and_evaluation,executed,1,5
/Users/rzhuang/Documents/VscodeProjects/deconvATAC/results/primary/shapemix_primary_ablation_protocol_v1__shard_02_of_05,pbmc_granulocyte_sorted_10k_shapemix_equal_celltype_split_2203_mix_101__atac__highly_variable__shapemix_count_only,pbmc_granulocyte_sorted_10k_shapemix_equal_celltype_split_2203_mix_101,2203,101,equal_celltype,shapemix_count_only,success,configs/experiments/shapemix_primary_ablation.yaml,0604074d476b125df006565e59a909fe6d5f0983ae6773455889acf8ab16b09b,1ac65d9b0fc1c43345a4e594aa1a40a5beeb8f77f74aa5ccd6858d071a53d434,docs/ShapeMix/benchmark_protocol.md,1c540b1f195af1d398b2ac55a80c06236f4d01aebd2e4daaeb3a97028f8667b6,data/registry/datasets.yaml,1b903b374293d99872e16404f7194b1a65e42993dfed013b4962154c26be7932,9c6b74f7a7574cb1b91c109604eea1267baff7aaab30a22516eb2f54e94cb8d1,31128334f6f8d64aa3b7db767a1324c298dab457,True,68896dbdb4f575e2b315f896c95bde1fb8a2231c500fe900d57e8d3e9bdc7c40,output_sha256.yaml,89787d71692f6815ac92bfafab328e31f20a1a1a1d66ee9caf9eed3540b85b2a,11,1946.8944675000384,1691582464,1613.21875,"{""platform"":""darwin"",""ru_maxrss"":{""bytes"":1697513472,""platform"":""darwin"",""raw_value"":1697513472,""semantics"":""process_lifetime_high_water_mark"",""units"":""bytes""},""sample_interval_seconds"":0.02,""semantics"":""maximum sampled sum of driver and recursive child RSS"",""source"":""psutil_sampled_process_tree""}",load_signature_fit_diagnostics_standard_write_and_evaluation,executed,2,5
/Users/rzhuang/Documents/VscodeProjects/deconvATAC/results/primary/shapemix_primary_ablation_protocol_v1__shard_02_of_05,pbmc_granulocyte_sorted_10k_shapemix_equal_celltype_split_2203_mix_101__atac__highly_variable__shapemix_length,pbmc_granulocyte_sorted_10k_shapemix_equal_celltype_split_2203_mix_101,2203,101,equal_celltype,shapemix_length,success,configs/experiments/shapemix_primary_ablation.yaml,0604074d476b125df006565e59a909fe6d5f0983ae6773455889acf8ab16b09b,1ac65d9b0fc1c43345a4e594aa1a40a5beeb8f77f74aa5ccd6858d071a53d434,docs/ShapeMix/benchmark_protocol.md,1c540b1f195af1d398b2ac55a80c06236f4d01aebd2e4daaeb3a97028f8667b6,data/registry/datasets.yaml,1b903b374293d99872e16404f7194b1a65e42993dfed013b4962154c26be7932,9c6b74f7a7574cb1b91c109604eea1267baff7aaab30a22516eb2f54e94cb8d1,31128334f6f8d64aa3b7db767a1324c298dab457,True,68896dbdb4f575e2b315f896c95bde1fb8a2231c500fe900d57e8d3e9bdc7c40,output_sha256.yaml,e55aed1102406feae556d242004445e420cb8a290ee4f8755fc5089bac6a0f18,11,3658.21238225,1697087488,1618.46875,"{""platform"":""darwin"",""ru_maxrss"":{""bytes"":1697513472,""platform"":""darwin"",""raw_value"":1697513472,""semantics"":""process_lifetime_high_water_mark"",""units"":""bytes""},""sample_interval_seconds"":0.02,""semantics"":""maximum sampled sum of driver and recursive child RSS"",""source"":""psutil_sampled_process_tree""}",load_signature_fit_diagnostics_standard_write_and_evaluation,executed,2,5
/Users/rzhuang/Documents/VscodeProjects/deconvATAC/results/primary/shapemix_primary_ablation_protocol_v1__shard_03_of_05,pbmc_granulocyte_sorted_10k_shapemix_equal_celltype_split_2203_mix_211__atac__highly_variable__shapemix_count_only,pbmc_granulocyte_sorted_10k_shapemix_equal_celltype_split_2203_mix_211,2203,211,equal_celltype,shapemix_count_only,success,configs/experiments/shapemix_primary_ablation.yaml,0604074d476b125df006565e59a909fe6d5f0983ae6773455889acf8ab16b09b,1ac65d9b0fc1c43345a4e594aa1a40a5beeb8f77f74aa5ccd6858d071a53d434,docs/ShapeMix/benchmark_protocol.md,1c540b1f195af1d398b2ac55a80c06236f4d01aebd2e4daaeb3a97028f8667b6,data/registry/datasets.yaml,1b903b374293d99872e16404f7194b1a65e42993dfed013b4962154c26be7932,d5d57a79003388e9d915b0451a82e4bf00f45514e2ff8f08f39ec92f0aabe40f,31128334f6f8d64aa3b7db767a1324c298dab457,True,68896dbdb4f575e2b315f896c95bde1fb8a2231c500fe900d57e8d3e9bdc7c40,output_sha256.yaml,5389ea575b12f2f6e988799c3b8625fddcae6f43c4b0e1aab8ad64492e607aa7,11,1999.534439667128,1609154560,1534.609375,"{""platform"":""darwin"",""ru_maxrss"":{""bytes"":1763639296,""platform"":""darwin"",""raw_value"":1763639296,""semantics"":""process_lifetime_high_water_mark"",""units"":""bytes""},""sample_interval_seconds"":0.02,""semantics"":""maximum sampled sum of driver and recursive child RSS"",""source"":""psutil_sampled_process_tree""}",load_signature_fit_diagnostics_standard_write_and_evaluation,executed,3,5
/Users/rzhuang/Documents/VscodeProjects/deconvATAC/results/primary/shapemix_primary_ablation_protocol_v1__shard_03_of_05,pbmc_granulocyte_sorted_10k_shapemix_equal_celltype_split_2203_mix_211__atac__highly_variable__shapemix_length,pbmc_granulocyte_sorted_10k_shapemix_equal_celltype_split_2203_mix_211,2203,211,equal_celltype,shapemix_length,success,configs/experiments/shapemix_primary_ablation.yaml,0604074d476b125df006565e59a909fe6d5f0983ae6773455889acf8ab16b09b,1ac65d9b0fc1c43345a4e594aa1a40a5beeb8f77f74aa5ccd6858d071a53d434,docs/ShapeMix/benchmark_protocol.md,1c540b1f195af1d398b2ac55a80c06236f4d01aebd2e4daaeb3a97028f8667b6,data/registry/datasets.yaml,1b903b374293d99872e16404f7194b1a65e42993dfed013b4962154c26be7932,d5d57a79003388e9d915b0451a82e4bf00f45514e2ff8f08f39ec92f0aabe40f,31128334f6f8d64aa3b7db767a1324c298dab457,True,68896dbdb4f575e2b315f896c95bde1fb8a2231c500fe900d57e8d3e9bdc7c40,output_sha256.yaml,a9cd7dc0b9c9b768fc48a4f285bfad3fa785afafda10e16c0c3b3ef90963b624,11,3746.191602624953,1702592512,1623.71875,"{""platform"":""darwin"",""ru_maxrss"":{""bytes"":1763639296,""platform"":""darwin"",""raw_value"":1763639296,""semantics"":""process_lifetime_high_water_mark"",""units"":""bytes""},""sample_interval_seconds"":0.02,""semantics"":""maximum sampled sum of driver and recursive child RSS"",""source"":""psutil_sampled_process_tree""}",load_signature_fit_diagnostics_standard_write_and_evaluation,executed,3,5
/Users/rzhuang/Documents/VscodeProjects/deconvATAC/results/primary/shapemix_primary_ablation_protocol_v1__shard_04_of_05,pbmc_granulocyte_sorted_10k_shapemix_equal_celltype_split_3301_mix_101__atac__highly_variable__shapemix_count_only,pbmc_granulocyte_sorted_10k_shapemix_equal_celltype_split_3301_mix_101,3301,101,equal_celltype,shapemix_count_only,success,configs/experiments/shapemix_primary_ablation.yaml,0604074d476b125df006565e59a909fe6d5f0983ae6773455889acf8ab16b09b,1ac65d9b0fc1c43345a4e594aa1a40a5beeb8f77f74aa5ccd6858d071a53d434,docs/ShapeMix/benchmark_protocol.md,1c540b1f195af1d398b2ac55a80c06236f4d01aebd2e4daaeb3a97028f8667b6,data/registry/datasets.yaml,1b903b374293d99872e16404f7194b1a65e42993dfed013b4962154c26be7932,6d1e8d5c39260d06b21515bf601c04212a7eccb116d66b70363d29c62193536e,31128334f6f8d64aa3b7db767a1324c298dab457,True,68896dbdb4f575e2b315f896c95bde1fb8a2231c500fe900d57e8d3e9bdc7c40,output_sha256.yaml,93bfa7ba9d2937a7980dd0316af6bebc57568155002bc44f3367ffab07fab632,11,1906.4400037922896,1555496960,1483.4375,"{""platform"":""darwin"",""ru_maxrss"":{""bytes"":1718173696,""platform"":""darwin"",""raw_value"":1718173696,""semantics"":""process_lifetime_high_water_mark"",""units"":""bytes""},""sample_interval_seconds"":0.02,""semantics"":""maximum sampled sum of driver and recursive child RSS"",""source"":""psutil_sampled_process_tree""}",load_signature_fit_diagnostics_standard_write_and_evaluation,executed,4,5
/Users/rzhuang/Documents/VscodeProjects/deconvATAC/results/primary/shapemix_primary_ablation_protocol_v1__shard_04_of_05,pbmc_granulocyte_sorted_10k_shapemix_equal_celltype_split_3301_mix_101__atac__highly_variable__shapemix_length,pbmc_granulocyte_sorted_10k_shapemix_equal_celltype_split_3301_mix_101,3301,101,equal_celltype,shapemix_length,success,configs/experiments/shapemix_primary_ablation.yaml,0604074d476b125df006565e59a909fe6d5f0983ae6773455889acf8ab16b09b,1ac65d9b0fc1c43345a4e594aa1a40a5beeb8f77f74aa5ccd6858d071a53d434,docs/ShapeMix/benchmark_protocol.md,1c540b1f195af1d398b2ac55a80c06236f4d01aebd2e4daaeb3a97028f8667b6,data/registry/datasets.yaml,1b903b374293d99872e16404f7194b1a65e42993dfed013b4962154c26be7932,6d1e8d5c39260d06b21515bf601c04212a7eccb116d66b70363d29c62193536e,31128334f6f8d64aa3b7db767a1324c298dab457,True,68896dbdb4f575e2b315f896c95bde1fb8a2231c500fe900d57e8d3e9bdc7c40,output_sha256.yaml,c78b3e119563d88b5210be23423b94a2e20fe43312be6e1c6d52546521963086,11,3732.001870583743,1702215680,1623.359375,"{""platform"":""darwin"",""ru_maxrss"":{""bytes"":1718173696,""platform"":""darwin"",""raw_value"":1718173696,""semantics"":""process_lifetime_high_water_mark"",""units"":""bytes""},""sample_interval_seconds"":0.02,""semantics"":""maximum sampled sum of driver and recursive child RSS"",""source"":""psutil_sampled_process_tree""}",load_signature_fit_diagnostics_standard_write_and_evaluation,executed,4,5
/Users/rzhuang/Documents/VscodeProjects/deconvATAC/results/primary/shapemix_primary_ablation_protocol_v1__shard_00_of_05,pbmc_granulocyte_sorted_10k_shapemix_equal_celltype_split_3301_mix_211__atac__highly_variable__shapemix_count_only,pbmc_granulocyte_sorted_10k_shapemix_equal_celltype_split_3301_mix_211,3301,211,equal_celltype,shapemix_count_only,success,configs/experiments/shapemix_primary_ablation.yaml,0604074d476b125df006565e59a909fe6d5f0983ae6773455889acf8ab16b09b,1ac65d9b0fc1c43345a4e594aa1a40a5beeb8f77f74aa5ccd6858d071a53d434,docs/ShapeMix/benchmark_protocol.md,1c540b1f195af1d398b2ac55a80c06236f4d01aebd2e4daaeb3a97028f8667b6,data/registry/datasets.yaml,1b903b374293d99872e16404f7194b1a65e42993dfed013b4962154c26be7932,761b180b95e01bec273174c1bee8ff2be3a9dc99471964d83a15f2a61d81400c,31128334f6f8d64aa3b7db767a1324c298dab457,True,68896dbdb4f575e2b315f896c95bde1fb8a2231c500fe900d57e8d3e9bdc7c40,output_sha256.yaml,8d1da185421dfb5d7df2588f15a01abb81bc098302ef59fb0cb8603e1e373c5c,11,1906.6291827089153,1666957312,1589.734375,"{""platform"":""darwin"",""ru_maxrss"":{""bytes"":1708572672,""platform"":""darwin"",""raw_value"":1708572672,""semantics"":""process_lifetime_high_water_mark"",""units"":""bytes""},""sample_interval_seconds"":0.02,""semantics"":""maximum sampled sum of driver and recursive child RSS"",""source"":""psutil_sampled_process_tree""}",load_signature_fit_diagnostics_standard_write_and_evaluation,executed,0,5
/Users/rzhuang/Documents/VscodeProjects/deconvATAC/results/primary/shapemix_primary_ablation_protocol_v1__shard_00_of_05,pbmc_granulocyte_sorted_10k_shapemix_equal_celltype_split_3301_mix_211__atac__highly_variable__shapemix_length,pbmc_granulocyte_sorted_10k_shapemix_equal_celltype_split_3301_mix_211,3301,211,equal_celltype,shapemix_length,success,configs/experiments/shapemix_primary_ablation.yaml,0604074d476b125df006565e59a909fe6d5f0983ae6773455889acf8ab16b09b,1ac65d9b0fc1c43345a4e594aa1a40a5beeb8f77f74aa5ccd6858d071a53d434,docs/ShapeMix/benchmark_protocol.md,1c540b1f195af1d398b2ac55a80c06236f4d01aebd2e4daaeb3a97028f8667b6,data/registry/datasets.yaml,1b903b374293d99872e16404f7194b1a65e42993dfed013b4962154c26be7932,761b180b95e01bec273174c1bee8ff2be3a9dc99471964d83a15f2a61d81400c,31128334f6f8d64aa3b7db767a1324c298dab457,True,68896dbdb4f575e2b315f896c95bde1fb8a2231c500fe900d57e8d3e9bdc7c40,output_sha256.yaml,b035515671ae573c537b83422ff8ee41115a5abe0c9dce24d6230a4d0a032ee6,11,3464.9296589172445,1608171520,1533.671875,"{""platform"":""darwin"",""ru_maxrss"":{""bytes"":1708572672,""platform"":""darwin"",""raw_value"":1708572672,""semantics"":""process_lifetime_high_water_mark"",""units"":""bytes""},""sample_interval_seconds"":0.02,""semantics"":""maximum sampled sum of driver and recursive child RSS"",""source"":""psutil_sampled_process_tree""}",load_signature_fit_diagnostics_standard_write_and_evaluation,executed,0,5
/Users/rzhuang/Documents/VscodeProjects/deconvATAC/results/primary/shapemix_primary_ablation_protocol_v1__shard_01_of_05,pbmc_granulocyte_sorted_10k_shapemix_equal_celltype_split_4409_mix_101__atac__highly_variable__shapemix_count_only,pbmc_granulocyte_sorted_10k_shapemix_equal_celltype_split_4409_mix_101,4409,101,equal_celltype,shapemix_count_only,success,configs/experiments/shapemix_primary_ablation.yaml,0604074d476b125df006565e59a909fe6d5f0983ae6773455889acf8ab16b09b,1ac65d9b0fc1c43345a4e594aa1a40a5beeb8f77f74aa5ccd6858d071a53d434,docs/ShapeMix/benchmark_protocol.md,1c540b1f195af1d398b2ac55a80c06236f4d01aebd2e4daaeb3a97028f8667b6,data/registry/datasets.yaml,1b903b374293d99872e16404f7194b1a65e42993dfed013b4962154c26be7932,97d98f033171c710bf6fab4e23566182434546f10fa6fbbc649d0f2e094441aa,31128334f6f8d64aa3b7db767a1324c298dab457,True,68896dbdb4f575e2b315f896c95bde1fb8a2231c500fe900d57e8d3e9bdc7c40,output_sha256.yaml,429e4fcd5c39b40e9dc7c2b32936e9e30a0d7563acced8d2a48c2b89bedc9a27,11,1909.1110244169831,1690714112,1612.390625,"{""platform"":""darwin"",""ru_maxrss"":{""bytes"":1734639616,""platform"":""darwin"",""raw_value"":1734639616,""semantics"":""process_lifetime_high_water_mark"",""units"":""bytes""},""sample_interval_seconds"":0.02,""semantics"":""maximum sampled sum of driver and recursive child RSS"",""source"":""psutil_sampled_process_tree""}",load_signature_fit_diagnostics_standard_write_and_evaluation,executed,1,5
/Users/rzhuang/Documents/VscodeProjects/deconvATAC/results/primary/shapemix_primary_ablation_protocol_v1__shard_01_of_05,pbmc_granulocyte_sorted_10k_shapemix_equal_celltype_split_4409_mix_101__atac__highly_variable__shapemix_length,pbmc_granulocyte_sorted_10k_shapemix_equal_celltype_split_4409_mix_101,4409,101,equal_celltype,shapemix_length,success,configs/experiments/shapemix_primary_ablation.yaml,0604074d476b125df006565e59a909fe6d5f0983ae6773455889acf8ab16b09b,1ac65d9b0fc1c43345a4e594aa1a40a5beeb8f77f74aa5ccd6858d071a53d434,docs/ShapeMix/benchmark_protocol.md,1c540b1f195af1d398b2ac55a80c06236f4d01aebd2e4daaeb3a97028f8667b6,data/registry/datasets.yaml,1b903b374293d99872e16404f7194b1a65e42993dfed013b4962154c26be7932,97d98f033171c710bf6fab4e23566182434546f10fa6fbbc649d0f2e094441aa,31128334f6f8d64aa3b7db767a1324c298dab457,True,68896dbdb4f575e2b315f896c95bde1fb8a2231c500fe900d57e8d3e9bdc7c40,output_sha256.yaml,efbcc7e4986239d6f708a5f9fa0e74a8ea5c3f722a40b557a65e4403d9ea0bca,11,3484.270822207909,1722105856,1642.328125,"{""platform"":""darwin"",""ru_maxrss"":{""bytes"":1734639616,""platform"":""darwin"",""raw_value"":1734639616,""semantics"":""process_lifetime_high_water_mark"",""units"":""bytes""},""sample_interval_seconds"":0.02,""semantics"":""maximum sampled sum of driver and recursive child RSS"",""source"":""psutil_sampled_process_tree""}",load_signature_fit_diagnostics_standard_write_and_evaluation,executed,1,5
/Users/rzhuang/Documents/VscodeProjects/deconvATAC/results/primary/shapemix_primary_ablation_protocol_v1__shard_02_of_05,pbmc_granulocyte_sorted_10k_shapemix_equal_celltype_split_4409_mix_211__atac__highly_variable__shapemix_count_only,pbmc_granulocyte_sorted_10k_shapemix_equal_celltype_split_4409_mix_211,4409,211,equal_celltype,shapemix_count_only,success,configs/experiments/shapemix_primary_ablation.yaml,0604074d476b125df006565e59a909fe6d5f0983ae6773455889acf8ab16b09b,1ac65d9b0fc1c43345a4e594aa1a40a5beeb8f77f74aa5ccd6858d071a53d434,docs/ShapeMix/benchmark_protocol.md,1c540b1f195af1d398b2ac55a80c06236f4d01aebd2e4daaeb3a97028f8667b6,data/registry/datasets.yaml,1b903b374293d99872e16404f7194b1a65e42993dfed013b4962154c26be7932,fe849d7be4aa0c228d38b8cee19b861a4dfc60e2acf28e21f7236fe2f729f1b4,31128334f6f8d64aa3b7db767a1324c298dab457,True,68896dbdb4f575e2b315f896c95bde1fb8a2231c500fe900d57e8d3e9bdc7c40,output_sha256.yaml,d711771cae308a772028af67a8c39c13779c20992c5093e85daf630745a873f5,11,1808.8774056667462,1735901184,1655.484375,"{""platform"":""darwin"",""ru_maxrss"":{""bytes"":1750401024,""platform"":""darwin"",""raw_value"":1750401024,""semantics"":""process_lifetime_high_water_mark"",""units"":""bytes""},""sample_interval_seconds"":0.02,""semantics"":""maximum sampled sum of driver and recursive child RSS"",""source"":""psutil_sampled_process_tree""}",load_signature_fit_diagnostics_standard_write_and_evaluation,executed,2,5
/Users/rzhuang/Documents/VscodeProjects/deconvATAC/results/primary/shapemix_primary_ablation_protocol_v1__shard_02_of_05,pbmc_granulocyte_sorted_10k_shapemix_equal_celltype_split_4409_mix_211__atac__highly_variable__shapemix_length,pbmc_granulocyte_sorted_10k_shapemix_equal_celltype_split_4409_mix_211,4409,211,equal_celltype,shapemix_length,success,configs/experiments/shapemix_primary_ablation.yaml,0604074d476b125df006565e59a909fe6d5f0983ae6773455889acf8ab16b09b,1ac65d9b0fc1c43345a4e594aa1a40a5beeb8f77f74aa5ccd6858d071a53d434,docs/ShapeMix/benchmark_protocol.md,1c540b1f195af1d398b2ac55a80c06236f4d01aebd2e4daaeb3a97028f8667b6,data/registry/datasets.yaml,1b903b374293d99872e16404f7194b1a65e42993dfed013b4962154c26be7932,fe849d7be4aa0c228d38b8cee19b861a4dfc60e2acf28e21f7236fe2f729f1b4,31128334f6f8d64aa3b7db767a1324c298dab457,True,68896dbdb4f575e2b315f896c95bde1fb8a2231c500fe900d57e8d3e9bdc7c40,output_sha256.yaml,5771ae9f2b6fd4c3db49dbb26aeb2a7257a16d7a56bba3ef3230b578066dcfd4,11,3209.122930791229,1750302720,1669.21875,"{""platform"":""darwin"",""ru_maxrss"":{""bytes"":1750401024,""platform"":""darwin"",""raw_value"":1750401024,""semantics"":""process_lifetime_high_water_mark"",""units"":""bytes""},""sample_interval_seconds"":0.02,""semantics"":""maximum sampled sum of driver and recursive child RSS"",""source"":""psutil_sampled_process_tree""}",load_signature_fit_diagnostics_standard_write_and_evaluation,executed,2,5
/Users/rzhuang/Documents/VscodeProjects/deconvATAC/results/primary/shapemix_primary_ablation_protocol_v1__shard_03_of_05,pbmc_granulocyte_sorted_10k_shapemix_equal_celltype_split_5501_mix_101__atac__highly_variable__shapemix_count_only,pbmc_granulocyte_sorted_10k_shapemix_equal_celltype_split_5501_mix_101,5501,101,equal_celltype,shapemix_count_only,success,configs/experiments/shapemix_primary_ablation.yaml,0604074d476b125df006565e59a909fe6d5f0983ae6773455889acf8ab16b09b,1ac65d9b0fc1c43345a4e594aa1a40a5beeb8f77f74aa5ccd6858d071a53d434,docs/ShapeMix/benchmark_protocol.md,1c540b1f195af1d398b2ac55a80c06236f4d01aebd2e4daaeb3a97028f8667b6,data/registry/datasets.yaml,1b903b374293d99872e16404f7194b1a65e42993dfed013b4962154c26be7932,b9877bd41ac213c28c93c3b6dc9539cdbdd49bf31fe72310ff5ecd618c21cb4a,31128334f6f8d64aa3b7db767a1324c298dab457,True,68896dbdb4f575e2b315f896c95bde1fb8a2231c500fe900d57e8d3e9bdc7c40,output_sha256.yaml,0d0a183bc3ff246878f7fbe4d5e2e9ee74af782f735307ebf67af56626d71e22,11,1928.5430316673592,1705771008,1626.75,"{""platform"":""darwin"",""ru_maxrss"":{""bytes"":1763639296,""platform"":""darwin"",""raw_value"":1763639296,""semantics"":""process_lifetime_high_water_mark"",""units"":""bytes""},""sample_interval_seconds"":0.02,""semantics"":""maximum sampled sum of driver and recursive child RSS"",""source"":""psutil_sampled_process_tree""}",load_signature_fit_diagnostics_standard_write_and_evaluation,executed,3,5
/Users/rzhuang/Documents/VscodeProjects/deconvATAC/results/primary/shapemix_primary_ablation_protocol_v1__shard_03_of_05,pbmc_granulocyte_sorted_10k_shapemix_equal_celltype_split_5501_mix_101__atac__highly_variable__shapemix_length,pbmc_granulocyte_sorted_10k_shapemix_equal_celltype_split_5501_mix_101,5501,101,equal_celltype,shapemix_length,success,configs/experiments/shapemix_primary_ablation.yaml,0604074d476b125df006565e59a909fe6d5f0983ae6773455889acf8ab16b09b,1ac65d9b0fc1c43345a4e594aa1a40a5beeb8f77f74aa5ccd6858d071a53d434,docs/ShapeMix/benchmark_protocol.md,1c540b1f195af1d398b2ac55a80c06236f4d01aebd2e4daaeb3a97028f8667b6,data/registry/datasets.yaml,1b903b374293d99872e16404f7194b1a65e42993dfed013b4962154c26be7932,b9877bd41ac213c28c93c3b6dc9539cdbdd49bf31fe72310ff5ecd618c21cb4a,31128334f6f8d64aa3b7db767a1324c298dab457,True,68896dbdb4f575e2b315f896c95bde1fb8a2231c500fe900d57e8d3e9bdc7c40,output_sha256.yaml,c1600e08c74dd7559ca34432e91e12fb398c8449c6ac8daa70a80aacbec64031,11,3732.3642801670358,1672462336,1594.984375,"{""platform"":""darwin"",""ru_maxrss"":{""bytes"":1763639296,""platform"":""darwin"",""raw_value"":1763639296,""semantics"":""process_lifetime_high_water_mark"",""units"":""bytes""},""sample_interval_seconds"":0.02,""semantics"":""maximum sampled sum of driver and recursive child RSS"",""source"":""psutil_sampled_process_tree""}",load_signature_fit_diagnostics_standard_write_and_evaluation,executed,3,5
/Users/rzhuang/Documents/VscodeProjects/deconvATAC/results/primary/shapemix_primary_ablation_protocol_v1__shard_04_of_05,pbmc_granulocyte_sorted_10k_shapemix_equal_celltype_split_5501_mix_211__atac__highly_variable__shapemix_count_only,pbmc_granulocyte_sorted_10k_shapemix_equal_celltype_split_5501_mix_211,5501,211,equal_celltype,shapemix_count_only,success,configs/experiments/shapemix_primary_ablation.yaml,0604074d476b125df006565e59a909fe6d5f0983ae6773455889acf8ab16b09b,1ac65d9b0fc1c43345a4e594aa1a40a5beeb8f77f74aa5ccd6858d071a53d434,docs/ShapeMix/benchmark_protocol.md,1c540b1f195af1d398b2ac55a80c06236f4d01aebd2e4daaeb3a97028f8667b6,data/registry/datasets.yaml,1b903b374293d99872e16404f7194b1a65e42993dfed013b4962154c26be7932,ee6f6641bd91d9f3358bd995ca16c9aacf5e2b7ff597e9c1531e08e2dd58f8dc,31128334f6f8d64aa3b7db767a1324c298dab457,True,68896dbdb4f575e2b315f896c95bde1fb8a2231c500fe900d57e8d3e9bdc7c40,output_sha256.yaml,ac6ebef42d4abc3ce10492c47b80457f5c0be11a7d7e297c24385320d348f5e4,11,1973.2927131662145,1666924544,1589.703125,"{""platform"":""darwin"",""ru_maxrss"":{""bytes"":1718173696,""platform"":""darwin"",""raw_value"":1718173696,""semantics"":""process_lifetime_high_water_mark"",""units"":""bytes""},""sample_interval_seconds"":0.02,""semantics"":""maximum sampled sum of driver and recursive child RSS"",""source"":""psutil_sampled_process_tree""}",load_signature_fit_diagnostics_standard_write_and_evaluation,executed,4,5
/Users/rzhuang/Documents/VscodeProjects/deconvATAC/results/primary/shapemix_primary_ablation_protocol_v1__shard_04_of_05,pbmc_granulocyte_sorted_10k_shapemix_equal_celltype_split_5501_mix_211__atac__highly_variable__shapemix_length,pbmc_granulocyte_sorted_10k_shapemix_equal_celltype_split_5501_mix_211,5501,211,equal_celltype,shapemix_length,success,configs/experiments/shapemix_primary_ablation.yaml,0604074d476b125df006565e59a909fe6d5f0983ae6773455889acf8ab16b09b,1ac65d9b0fc1c43345a4e594aa1a40a5beeb8f77f74aa5ccd6858d071a53d434,docs/ShapeMix/benchmark_protocol.md,1c540b1f195af1d398b2ac55a80c06236f4d01aebd2e4daaeb3a97028f8667b6,data/registry/datasets.yaml,1b903b374293d99872e16404f7194b1a65e42993dfed013b4962154c26be7932,ee6f6641bd91d9f3358bd995ca16c9aacf5e2b7ff597e9c1531e08e2dd58f8dc,31128334f6f8d64aa3b7db767a1324c298dab457,True,68896dbdb4f575e2b315f896c95bde1fb8a2231c500fe900d57e8d3e9bdc7c40,output_sha256.yaml,d92358c9cdba2b0c18a0a08bdd358c97510710283d064bc38fd3f70cd914ec6e,11,3446.210090540815,1711308800,1632.03125,"{""platform"":""darwin"",""ru_maxrss"":{""bytes"":1718173696,""platform"":""darwin"",""raw_value"":1718173696,""semantics"":""process_lifetime_high_water_mark"",""units"":""bytes""},""sample_interval_seconds"":0.02,""semantics"":""maximum sampled sum of driver and recursive child RSS"",""source"":""psutil_sampled_process_tree""}",load_signature_fit_diagnostics_standard_write_and_evaluation,executed,4,5
/Users/rzhuang/Documents/VscodeProjects/deconvATAC/results/primary/shapemix_primary_ablation_protocol_v1__shard_00_of_05,pbmc_granulocyte_sorted_10k_shapemix_observed_abundance_split_1103_mix_101__atac__highly_variable__shapemix_count_only,pbmc_granulocyte_sorted_10k_shapemix_observed_abundance_split_1103_mix_101,1103,101,observed_abundance,shapemix_count_only,success,configs/experiments/shapemix_primary_ablation.yaml,0604074d476b125df006565e59a909fe6d5f0983ae6773455889acf8ab16b09b,1ac65d9b0fc1c43345a4e594aa1a40a5beeb8f77f74aa5ccd6858d071a53d434,docs/ShapeMix/benchmark_protocol.md,1c540b1f195af1d398b2ac55a80c06236f4d01aebd2e4daaeb3a97028f8667b6,data/registry/datasets.yaml,1b903b374293d99872e16404f7194b1a65e42993dfed013b4962154c26be7932,a7473960fdc446e5906d744f2c0cb1b7eeeba87a2d9aba3a842aa996c71e3519,31128334f6f8d64aa3b7db767a1324c298dab457,True,68896dbdb4f575e2b315f896c95bde1fb8a2231c500fe900d57e8d3e9bdc7c40,output_sha256.yaml,57764beb9b055e806148ea53a02c081c216a8fda326af55e621fc213848b65e7,11,2036.8559147496708,1625735168,1550.421875,"{""platform"":""darwin"",""ru_maxrss"":{""bytes"":1625866240,""platform"":""darwin"",""raw_value"":1625866240,""semantics"":""process_lifetime_high_water_mark"",""units"":""bytes""},""sample_interval_seconds"":0.02,""semantics"":""maximum sampled sum of driver and recursive child RSS"",""source"":""psutil_sampled_process_tree""}",load_signature_fit_diagnostics_standard_write_and_evaluation,executed,0,5
/Users/rzhuang/Documents/VscodeProjects/deconvATAC/results/primary/shapemix_primary_ablation_protocol_v1__shard_00_of_05,pbmc_granulocyte_sorted_10k_shapemix_observed_abundance_split_1103_mix_101__atac__highly_variable__shapemix_length,pbmc_granulocyte_sorted_10k_shapemix_observed_abundance_split_1103_mix_101,1103,101,observed_abundance,shapemix_length,success,configs/experiments/shapemix_primary_ablation.yaml,0604074d476b125df006565e59a909fe6d5f0983ae6773455889acf8ab16b09b,1ac65d9b0fc1c43345a4e594aa1a40a5beeb8f77f74aa5ccd6858d071a53d434,docs/ShapeMix/benchmark_protocol.md,1c540b1f195af1d398b2ac55a80c06236f4d01aebd2e4daaeb3a97028f8667b6,data/registry/datasets.yaml,1b903b374293d99872e16404f7194b1a65e42993dfed013b4962154c26be7932,a7473960fdc446e5906d744f2c0cb1b7eeeba87a2d9aba3a842aa996c71e3519,31128334f6f8d64aa3b7db767a1324c298dab457,True,68896dbdb4f575e2b315f896c95bde1fb8a2231c500fe900d57e8d3e9bdc7c40,output_sha256.yaml,325ed4d63c27e22857063084ec6b8fb5937eb74d9e9cb66eafd00566206aa7bc,11,2848.698123791255,1375125504,1311.421875,"{""platform"":""darwin"",""ru_maxrss"":{""bytes"":1388773376,""platform"":""darwin"",""raw_value"":1388773376,""semantics"":""process_lifetime_high_water_mark"",""units"":""bytes""},""sample_interval_seconds"":0.02,""semantics"":""maximum sampled sum of driver and recursive child RSS"",""source"":""psutil_sampled_process_tree""}",load_signature_fit_diagnostics_standard_write_and_evaluation,executed,0,5
/Users/rzhuang/Documents/VscodeProjects/deconvATAC/results/primary/shapemix_primary_ablation_protocol_v1__shard_01_of_05,pbmc_granulocyte_sorted_10k_shapemix_observed_abundance_split_1103_mix_211__atac__highly_variable__shapemix_count_only,pbmc_granulocyte_sorted_10k_shapemix_observed_abundance_split_1103_mix_211,1103,211,observed_abundance,shapemix_count_only,success,configs/experiments/shapemix_primary_ablation.yaml,0604074d476b125df006565e59a909fe6d5f0983ae6773455889acf8ab16b09b,1ac65d9b0fc1c43345a4e594aa1a40a5beeb8f77f74aa5ccd6858d071a53d434,docs/ShapeMix/benchmark_protocol.md,1c540b1f195af1d398b2ac55a80c06236f4d01aebd2e4daaeb3a97028f8667b6,data/registry/datasets.yaml,1b903b374293d99872e16404f7194b1a65e42993dfed013b4962154c26be7932,9609ebfcaab0221f1017ca452b7a252c4810413997bad6cb46b9fa5ce4211866,31128334f6f8d64aa3b7db767a1324c298dab457,True,68896dbdb4f575e2b315f896c95bde1fb8a2231c500fe900d57e8d3e9bdc7c40,output_sha256.yaml,a93bb1ffe6641594de7fc8eb0ef89d60814745f4271c43e62618fb984e5a7ff7,11,1912.7425505830906,1705394176,1626.390625,"{""platform"":""darwin"",""ru_maxrss"":{""bytes"":1705410560,""platform"":""darwin"",""raw_value"":1705410560,""semantics"":""process_lifetime_high_water_mark"",""units"":""bytes""},""sample_interval_seconds"":0.02,""semantics"":""maximum sampled sum of driver and recursive child RSS"",""source"":""psutil_sampled_process_tree""}",load_signature_fit_diagnostics_standard_write_and_evaluation,executed,1,5
/Users/rzhuang/Documents/VscodeProjects/deconvATAC/results/primary/shapemix_primary_ablation_protocol_v1__shard_01_of_05,pbmc_granulocyte_sorted_10k_shapemix_observed_abundance_split_1103_mix_211__atac__highly_variable__shapemix_length,pbmc_granulocyte_sorted_10k_shapemix_observed_abundance_split_1103_mix_211,1103,211,observed_abundance,shapemix_length,success,configs/experiments/shapemix_primary_ablation.yaml,0604074d476b125df006565e59a909fe6d5f0983ae6773455889acf8ab16b09b,1ac65d9b0fc1c43345a4e594aa1a40a5beeb8f77f74aa5ccd6858d071a53d434,docs/ShapeMix/benchmark_protocol.md,1c540b1f195af1d398b2ac55a80c06236f4d01aebd2e4daaeb3a97028f8667b6,data/registry/datasets.yaml,1b903b374293d99872e16404f7194b1a65e42993dfed013b4962154c26be7932,9609ebfcaab0221f1017ca452b7a252c4810413997bad6cb46b9fa5ce4211866,31128334f6f8d64aa3b7db767a1324c298dab457,True,68896dbdb4f575e2b315f896c95bde1fb8a2231c500fe900d57e8d3e9bdc7c40,output_sha256.yaml,e33d7de6a4a185dc9b268640e347541fcb23a104cb4a2d50091cfad89aa74c78,11,2695.0305714169517,1391542272,1327.078125,"{""platform"":""darwin"",""ru_maxrss"":{""bytes"":1403781120,""platform"":""darwin"",""raw_value"":1403781120,""semantics"":""process_lifetime_high_water_mark"",""units"":""bytes""},""sample_interval_seconds"":0.02,""semantics"":""maximum sampled sum of driver and recursive child RSS"",""source"":""psutil_sampled_process_tree""}",load_signature_fit_diagnostics_standard_write_and_evaluation,executed,1,5
/Users/rzhuang/Documents/VscodeProjects/deconvATAC/results/primary/shapemix_primary_ablation_protocol_v1__shard_02_of_05,pbmc_granulocyte_sorted_10k_shapemix_observed_abundance_split_2203_mix_101__atac__highly_variable__shapemix_count_only,pbmc_granulocyte_sorted_10k_shapemix_observed_abundance_split_2203_mix_101,2203,101,observed_abundance,shapemix_count_only,success,configs/experiments/shapemix_primary_ablation.yaml,0604074d476b125df006565e59a909fe6d5f0983ae6773455889acf8ab16b09b,1ac65d9b0fc1c43345a4e594aa1a40a5beeb8f77f74aa5ccd6858d071a53d434,docs/ShapeMix/benchmark_protocol.md,1c540b1f195af1d398b2ac55a80c06236f4d01aebd2e4daaeb3a97028f8667b6,data/registry/datasets.yaml,1b903b374293d99872e16404f7194b1a65e42993dfed013b4962154c26be7932,3fccef707aaabd4bfec1309714096f6c214ab39f946cc863d03ab7e817c35657,31128334f6f8d64aa3b7db767a1324c298dab457,True,68896dbdb4f575e2b315f896c95bde1fb8a2231c500fe900d57e8d3e9bdc7c40,output_sha256.yaml,3948287a9c3b8917496cf8767758b6306737fd58cba5e4e24186411263963b20,11,1874.7556270421483,1692532736,1614.125,"{""platform"":""darwin"",""ru_maxrss"":{""bytes"":1692532736,""platform"":""darwin"",""raw_value"":1692532736,""semantics"":""process_lifetime_high_water_mark"",""units"":""bytes""},""sample_interval_seconds"":0.02,""semantics"":""maximum sampled sum of driver and recursive child RSS"",""source"":""psutil_sampled_process_tree""}",load_signature_fit_diagnostics_standard_write_and_evaluation,executed,2,5
/Users/rzhuang/Documents/VscodeProjects/deconvATAC/results/primary/shapemix_primary_ablation_protocol_v1__shard_02_of_05,pbmc_granulocyte_sorted_10k_shapemix_observed_abundance_split_2203_mix_101__atac__highly_variable__shapemix_length,pbmc_granulocyte_sorted_10k_shapemix_observed_abundance_split_2203_mix_101,2203,101,observed_abundance,shapemix_length,success,configs/experiments/shapemix_primary_ablation.yaml,0604074d476b125df006565e59a909fe6d5f0983ae6773455889acf8ab16b09b,1ac65d9b0fc1c43345a4e594aa1a40a5beeb8f77f74aa5ccd6858d071a53d434,docs/ShapeMix/benchmark_protocol.md,1c540b1f195af1d398b2ac55a80c06236f4d01aebd2e4daaeb3a97028f8667b6,data/registry/datasets.yaml,1b903b374293d99872e16404f7194b1a65e42993dfed013b4962154c26be7932,3fccef707aaabd4bfec1309714096f6c214ab39f946cc863d03ab7e817c35657,31128334f6f8d64aa3b7db767a1324c298dab457,True,68896dbdb4f575e2b315f896c95bde1fb8a2231c500fe900d57e8d3e9bdc7c40,output_sha256.yaml,04a337195409c3f1c0fe3c586b681090874cb674254015c0f5b82f721aa32d91,11,2706.656668874901,1350926336,1288.34375,"{""platform"":""darwin"",""ru_maxrss"":{""bytes"":1353269248,""platform"":""darwin"",""raw_value"":1353269248,""semantics"":""process_lifetime_high_water_mark"",""units"":""bytes""},""sample_interval_seconds"":0.02,""semantics"":""maximum sampled sum of driver and recursive child RSS"",""source"":""psutil_sampled_process_tree""}",load_signature_fit_diagnostics_standard_write_and_evaluation,executed,2,5
/Users/rzhuang/Documents/VscodeProjects/deconvATAC/results/primary/shapemix_primary_ablation_protocol_v1__shard_03_of_05,pbmc_granulocyte_sorted_10k_shapemix_observed_abundance_split_2203_mix_211__atac__highly_variable__shapemix_count_only,pbmc_granulocyte_sorted_10k_shapemix_observed_abundance_split_2203_mix_211,2203,211,observed_abundance,shapemix_count_only,success,configs/experiments/shapemix_primary_ablation.yaml,0604074d476b125df006565e59a909fe6d5f0983ae6773455889acf8ab16b09b,1ac65d9b0fc1c43345a4e594aa1a40a5beeb8f77f74aa5ccd6858d071a53d434,docs/ShapeMix/benchmark_protocol.md,1c540b1f195af1d398b2ac55a80c06236f4d01aebd2e4daaeb3a97028f8667b6,data/registry/datasets.yaml,1b903b374293d99872e16404f7194b1a65e42993dfed013b4962154c26be7932,296a9739537b225c65e3f2495b59443a08ce03415def52b3cbbd7921e2541bce,31128334f6f8d64aa3b7db767a1324c298dab457,True,68896dbdb4f575e2b315f896c95bde1fb8a2231c500fe900d57e8d3e9bdc7c40,output_sha256.yaml,1ef7db6c4336b35e350b126fa45ab50355fe3aa82c0bcbfb45cdc70080fa63f9,11,1914.322006041184,1763639296,1681.9375,"{""platform"":""darwin"",""ru_maxrss"":{""bytes"":1763639296,""platform"":""darwin"",""raw_value"":1763639296,""semantics"":""process_lifetime_high_water_mark"",""units"":""bytes""},""sample_interval_seconds"":0.02,""semantics"":""maximum sampled sum of driver and recursive child RSS"",""source"":""psutil_sampled_process_tree""}",load_signature_fit_diagnostics_standard_write_and_evaluation,executed,3,5
/Users/rzhuang/Documents/VscodeProjects/deconvATAC/results/primary/shapemix_primary_ablation_protocol_v1__shard_03_of_05,pbmc_granulocyte_sorted_10k_shapemix_observed_abundance_split_2203_mix_211__atac__highly_variable__shapemix_length,pbmc_granulocyte_sorted_10k_shapemix_observed_abundance_split_2203_mix_211,2203,211,observed_abundance,shapemix_length,success,configs/experiments/shapemix_primary_ablation.yaml,0604074d476b125df006565e59a909fe6d5f0983ae6773455889acf8ab16b09b,1ac65d9b0fc1c43345a4e594aa1a40a5beeb8f77f74aa5ccd6858d071a53d434,docs/ShapeMix/benchmark_protocol.md,1c540b1f195af1d398b2ac55a80c06236f4d01aebd2e4daaeb3a97028f8667b6,data/registry/datasets.yaml,1b903b374293d99872e16404f7194b1a65e42993dfed013b4962154c26be7932,296a9739537b225c65e3f2495b59443a08ce03415def52b3cbbd7921e2541bce,31128334f6f8d64aa3b7db767a1324c298dab457,True,68896dbdb4f575e2b315f896c95bde1fb8a2231c500fe900d57e8d3e9bdc7c40,output_sha256.yaml,1ff831e8a1d038fdcb1aa94b090fd8a8633dbd6b5fe39d2246ea83e900e61757,11,2668.2971548750065,1348583424,1286.109375,"{""platform"":""darwin"",""ru_maxrss"":{""bytes"":1352368128,""platform"":""darwin"",""raw_value"":1352368128,""semantics"":""process_lifetime_high_water_mark"",""units"":""bytes""},""sample_interval_seconds"":0.02,""semantics"":""maximum sampled sum of driver and recursive child RSS"",""source"":""psutil_sampled_process_tree""}",load_signature_fit_diagnostics_standard_write_and_evaluation,executed,3,5
/Users/rzhuang/Documents/VscodeProjects/deconvATAC/results/primary/shapemix_primary_ablation_protocol_v1__shard_04_of_05,pbmc_granulocyte_sorted_10k_shapemix_observed_abundance_split_3301_mix_101__atac__highly_variable__shapemix_count_only,pbmc_granulocyte_sorted_10k_shapemix_observed_abundance_split_3301_mix_101,3301,101,observed_abundance,shapemix_count_only,success,configs/experiments/shapemix_primary_ablation.yaml,0604074d476b125df006565e59a909fe6d5f0983ae6773455889acf8ab16b09b,1ac65d9b0fc1c43345a4e594aa1a40a5beeb8f77f74aa5ccd6858d071a53d434,docs/ShapeMix/benchmark_protocol.md,1c540b1f195af1d398b2ac55a80c06236f4d01aebd2e4daaeb3a97028f8667b6,data/registry/datasets.yaml,1b903b374293d99872e16404f7194b1a65e42993dfed013b4962154c26be7932,ef601cc18b2ee11f6ad34dc8b31618aba5b426b04c4b259c26d5f7e892cc6363,31128334f6f8d64aa3b7db767a1324c298dab457,True,68896dbdb4f575e2b315f896c95bde1fb8a2231c500fe900d57e8d3e9bdc7c40,output_sha256.yaml,5fd4b7e8cdb7d31622221e70db3cc37b5f0aa84e8e175f151a6617ae5dee876a,11,1827.008770875167,1718173696,1638.578125,"{""platform"":""darwin"",""ru_maxrss"":{""bytes"":1718173696,""platform"":""darwin"",""raw_value"":1718173696,""semantics"":""process_lifetime_high_water_mark"",""units"":""bytes""},""sample_interval_seconds"":0.02,""semantics"":""maximum sampled sum of driver and recursive child RSS"",""source"":""psutil_sampled_process_tree""}",load_signature_fit_diagnostics_standard_write_and_evaluation,executed,4,5
/Users/rzhuang/Documents/VscodeProjects/deconvATAC/results/primary/shapemix_primary_ablation_protocol_v1__shard_04_of_05,pbmc_granulocyte_sorted_10k_shapemix_observed_abundance_split_3301_mix_101__atac__highly_variable__shapemix_length,pbmc_granulocyte_sorted_10k_shapemix_observed_abundance_split_3301_mix_101,3301,101,observed_abundance,shapemix_length,success,configs/experiments/shapemix_primary_ablation.yaml,0604074d476b125df006565e59a909fe6d5f0983ae6773455889acf8ab16b09b,1ac65d9b0fc1c43345a4e594aa1a40a5beeb8f77f74aa5ccd6858d071a53d434,docs/ShapeMix/benchmark_protocol.md,1c540b1f195af1d398b2ac55a80c06236f4d01aebd2e4daaeb3a97028f8667b6,data/registry/datasets.yaml,1b903b374293d99872e16404f7194b1a65e42993dfed013b4962154c26be7932,ef601cc18b2ee11f6ad34dc8b31618aba5b426b04c4b259c26d5f7e892cc6363,31128334f6f8d64aa3b7db767a1324c298dab457,True,68896dbdb4f575e2b315f896c95bde1fb8a2231c500fe900d57e8d3e9bdc7c40,output_sha256.yaml,9bb94873ad510b23cc947786d723f70726cbe142ec4fb2cd21a82a03cbe0db91,11,2594.029683083296,1407811584,1342.59375,"{""platform"":""darwin"",""ru_maxrss"":{""bytes"":1408221184,""platform"":""darwin"",""raw_value"":1408221184,""semantics"":""process_lifetime_high_water_mark"",""units"":""bytes""},""sample_interval_seconds"":0.02,""semantics"":""maximum sampled sum of driver and recursive child RSS"",""source"":""psutil_sampled_process_tree""}",load_signature_fit_diagnostics_standard_write_and_evaluation,executed,4,5
/Users/rzhuang/Documents/VscodeProjects/deconvATAC/results/primary/shapemix_primary_ablation_protocol_v1__shard_00_of_05,pbmc_granulocyte_sorted_10k_shapemix_observed_abundance_split_3301_mix_211__atac__highly_variable__shapemix_count_only,pbmc_granulocyte_sorted_10k_shapemix_observed_abundance_split_3301_mix_211,3301,211,observed_abundance,shapemix_count_only,success,configs/experiments/shapemix_primary_ablation.yaml,0604074d476b125df006565e59a909fe6d5f0983ae6773455889acf8ab16b09b,1ac65d9b0fc1c43345a4e594aa1a40a5beeb8f77f74aa5ccd6858d071a53d434,docs/ShapeMix/benchmark_protocol.md,1c540b1f195af1d398b2ac55a80c06236f4d01aebd2e4daaeb3a97028f8667b6,data/registry/datasets.yaml,1b903b374293d99872e16404f7194b1a65e42993dfed013b4962154c26be7932,34a0c8d55ad13c0c31f65b2d3f2be8a71bde636fd884053eab4f716200ead004,31128334f6f8d64aa3b7db767a1324c298dab457,True,68896dbdb4f575e2b315f896c95bde1fb8a2231c500fe900d57e8d3e9bdc7c40,output_sha256.yaml,89b6deb4c0cf09802978b810b4ab0f3b0c5ce979635d9ac46ac5e566394895e2,11,2075.840376915876,1682669568,1604.71875,"{""platform"":""darwin"",""ru_maxrss"":{""bytes"":1708572672,""platform"":""darwin"",""raw_value"":1708572672,""semantics"":""process_lifetime_high_water_mark"",""units"":""bytes""},""sample_interval_seconds"":0.02,""semantics"":""maximum sampled sum of driver and recursive child RSS"",""source"":""psutil_sampled_process_tree""}",load_signature_fit_diagnostics_standard_write_and_evaluation,executed,0,5
/Users/rzhuang/Documents/VscodeProjects/deconvATAC/results/primary/shapemix_primary_ablation_protocol_v1__shard_00_of_05,pbmc_granulocyte_sorted_10k_shapemix_observed_abundance_split_3301_mix_211__atac__highly_variable__shapemix_length,pbmc_granulocyte_sorted_10k_shapemix_observed_abundance_split_3301_mix_211,3301,211,observed_abundance,shapemix_length,success,configs/experiments/shapemix_primary_ablation.yaml,0604074d476b125df006565e59a909fe6d5f0983ae6773455889acf8ab16b09b,1ac65d9b0fc1c43345a4e594aa1a40a5beeb8f77f74aa5ccd6858d071a53d434,docs/ShapeMix/benchmark_protocol.md,1c540b1f195af1d398b2ac55a80c06236f4d01aebd2e4daaeb3a97028f8667b6,data/registry/datasets.yaml,1b903b374293d99872e16404f7194b1a65e42993dfed013b4962154c26be7932,34a0c8d55ad13c0c31f65b2d3f2be8a71bde636fd884053eab4f716200ead004,31128334f6f8d64aa3b7db767a1324c298dab457,True,68896dbdb4f575e2b315f896c95bde1fb8a2231c500fe900d57e8d3e9bdc7c40,output_sha256.yaml,d1962fcfa39f0c2302d6318fbf7761cf1b9c7accc6dc01d49a86bd25a916ac67,11,4030.8730693329126,1691254784,1612.90625,"{""platform"":""darwin"",""ru_maxrss"":{""bytes"":1708572672,""platform"":""darwin"",""raw_value"":1708572672,""semantics"":""process_lifetime_high_water_mark"",""units"":""bytes""},""sample_interval_seconds"":0.02,""semantics"":""maximum sampled sum of driver and recursive child RSS"",""source"":""psutil_sampled_process_tree""}",load_signature_fit_diagnostics_standard_write_and_evaluation,executed,0,5
/Users/rzhuang/Documents/VscodeProjects/deconvATAC/results/primary/shapemix_primary_ablation_protocol_v1__shard_01_of_05,pbmc_granulocyte_sorted_10k_shapemix_observed_abundance_split_4409_mix_101__atac__highly_variable__shapemix_count_only,pbmc_granulocyte_sorted_10k_shapemix_observed_abundance_split_4409_mix_101,4409,101,observed_abundance,shapemix_count_only,success,configs/experiments/shapemix_primary_ablation.yaml,0604074d476b125df006565e59a909fe6d5f0983ae6773455889acf8ab16b09b,1ac65d9b0fc1c43345a4e594aa1a40a5beeb8f77f74aa5ccd6858d071a53d434,docs/ShapeMix/benchmark_protocol.md,1c540b1f195af1d398b2ac55a80c06236f4d01aebd2e4daaeb3a97028f8667b6,data/registry/datasets.yaml,1b903b374293d99872e16404f7194b1a65e42993dfed013b4962154c26be7932,83dfa2895d41e5b4098a0857446c99fe63fb3365cb41028f27a74b038e1cf5f7,31128334f6f8d64aa3b7db767a1324c298dab457,True,68896dbdb4f575e2b315f896c95bde1fb8a2231c500fe900d57e8d3e9bdc7c40,output_sha256.yaml,081050193dd97cf9302dc4b2fc08a97f491b443aa58f98d024cb883aa8b32716,11,2139.3404884580523,1734639616,1654.28125,"{""platform"":""darwin"",""ru_maxrss"":{""bytes"":1734639616,""platform"":""darwin"",""raw_value"":1734639616,""semantics"":""process_lifetime_high_water_mark"",""units"":""bytes""},""sample_interval_seconds"":0.02,""semantics"":""maximum sampled sum of driver and recursive child RSS"",""source"":""psutil_sampled_process_tree""}",load_signature_fit_diagnostics_standard_write_and_evaluation,executed,1,5
/Users/rzhuang/Documents/VscodeProjects/deconvATAC/results/primary/shapemix_primary_ablation_protocol_v1__shard_01_of_05,pbmc_granulocyte_sorted_10k_shapemix_observed_abundance_split_4409_mix_101__atac__highly_variable__shapemix_length,pbmc_granulocyte_sorted_10k_shapemix_observed_abundance_split_4409_mix_101,4409,101,observed_abundance,shapemix_length,success,configs/experiments/shapemix_primary_ablation.yaml,0604074d476b125df006565e59a909fe6d5f0983ae6773455889acf8ab16b09b,1ac65d9b0fc1c43345a4e594aa1a40a5beeb8f77f74aa5ccd6858d071a53d434,docs/ShapeMix/benchmark_protocol.md,1c540b1f195af1d398b2ac55a80c06236f4d01aebd2e4daaeb3a97028f8667b6,data/registry/datasets.yaml,1b903b374293d99872e16404f7194b1a65e42993dfed013b4962154c26be7932,83dfa2895d41e5b4098a0857446c99fe63fb3365cb41028f27a74b038e1cf5f7,31128334f6f8d64aa3b7db767a1324c298dab457,True,68896dbdb4f575e2b315f896c95bde1fb8a2231c500fe900d57e8d3e9bdc7c40,output_sha256.yaml,9a29a674ccceb5490a87636cacf9668da2edc4afdacd7562cc7b377e5796d56b,11,3779.161854750011,1729118208,1649.015625,"{""platform"":""darwin"",""ru_maxrss"":{""bytes"":1729462272,""platform"":""darwin"",""raw_value"":1729462272,""semantics"":""process_lifetime_high_water_mark"",""units"":""bytes""},""sample_interval_seconds"":0.02,""semantics"":""maximum sampled sum of driver and recursive child RSS"",""source"":""psutil_sampled_process_tree""}",load_signature_fit_diagnostics_standard_write_and_evaluation,executed,1,5
/Users/rzhuang/Documents/VscodeProjects/deconvATAC/results/primary/shapemix_primary_ablation_protocol_v1__shard_02_of_05,pbmc_granulocyte_sorted_10k_shapemix_observed_abundance_split_4409_mix_211__atac__highly_variable__shapemix_count_only,pbmc_granulocyte_sorted_10k_shapemix_observed_abundance_split_4409_mix_211,4409,211,observed_abundance,shapemix_count_only,success,configs/experiments/shapemix_primary_ablation.yaml,0604074d476b125df006565e59a909fe6d5f0983ae6773455889acf8ab16b09b,1ac65d9b0fc1c43345a4e594aa1a40a5beeb8f77f74aa5ccd6858d071a53d434,docs/ShapeMix/benchmark_protocol.md,1c540b1f195af1d398b2ac55a80c06236f4d01aebd2e4daaeb3a97028f8667b6,data/registry/datasets.yaml,1b903b374293d99872e16404f7194b1a65e42993dfed013b4962154c26be7932,a4041ca72e8494c84091e7146ccf6a43a125b5531f5d034e9a4e89852107892d,31128334f6f8d64aa3b7db767a1324c298dab457,True,68896dbdb4f575e2b315f896c95bde1fb8a2231c500fe900d57e8d3e9bdc7c40,output_sha256.yaml,ac9abc37e5fa6ae547d975e771f39279de87e813a772d8ec1f18750241bbcfde,11,2258.8222917919047,1733525504,1653.21875,"{""platform"":""darwin"",""ru_maxrss"":{""bytes"":1734148096,""platform"":""darwin"",""raw_value"":1734148096,""semantics"":""process_lifetime_high_water_mark"",""units"":""bytes""},""sample_interval_seconds"":0.02,""semantics"":""maximum sampled sum of driver and recursive child RSS"",""source"":""psutil_sampled_process_tree""}",load_signature_fit_diagnostics_standard_write_and_evaluation,executed,2,5
/Users/rzhuang/Documents/VscodeProjects/deconvATAC/results/primary/shapemix_primary_ablation_protocol_v1__shard_02_of_05,pbmc_granulocyte_sorted_10k_shapemix_observed_abundance_split_4409_mix_211__atac__highly_variable__shapemix_length,pbmc_granulocyte_sorted_10k_shapemix_observed_abundance_split_4409_mix_211,4409,211,observed_abundance,shapemix_length,success,configs/experiments/shapemix_primary_ablation.yaml,0604074d476b125df006565e59a909fe6d5f0983ae6773455889acf8ab16b09b,1ac65d9b0fc1c43345a4e594aa1a40a5beeb8f77f74aa5ccd6858d071a53d434,docs/ShapeMix/benchmark_protocol.md,1c540b1f195af1d398b2ac55a80c06236f4d01aebd2e4daaeb3a97028f8667b6,data/registry/datasets.yaml,1b903b374293d99872e16404f7194b1a65e42993dfed013b4962154c26be7932,a4041ca72e8494c84091e7146ccf6a43a125b5531f5d034e9a4e89852107892d,31128334f6f8d64aa3b7db767a1324c298dab457,True,68896dbdb4f575e2b315f896c95bde1fb8a2231c500fe900d57e8d3e9bdc7c40,output_sha256.yaml,df61ea9413868941338466977de8eebec82b4de369de50ddd8661295ced42d26,11,4179.217929624952,1734148096,1653.8125,"{""platform"":""darwin"",""ru_maxrss"":{""bytes"":1734148096,""platform"":""darwin"",""raw_value"":1734148096,""semantics"":""process_lifetime_high_water_mark"",""units"":""bytes""},""sample_interval_seconds"":0.02,""semantics"":""maximum sampled sum of driver and recursive child RSS"",""source"":""psutil_sampled_process_tree""}",load_signature_fit_diagnostics_standard_write_and_evaluation,executed,2,5
/Users/rzhuang/Documents/VscodeProjects/deconvATAC/results/primary/shapemix_primary_ablation_protocol_v1__shard_03_of_05,pbmc_granulocyte_sorted_10k_shapemix_observed_abundance_split_5501_mix_101__atac__highly_variable__shapemix_count_only,pbmc_granulocyte_sorted_10k_shapemix_observed_abundance_split_5501_mix_101,5501,101,observed_abundance,shapemix_count_only,success,configs/experiments/shapemix_primary_ablation.yaml,0604074d476b125df006565e59a909fe6d5f0983ae6773455889acf8ab16b09b,1ac65d9b0fc1c43345a4e594aa1a40a5beeb8f77f74aa5ccd6858d071a53d434,docs/ShapeMix/benchmark_protocol.md,1c540b1f195af1d398b2ac55a80c06236f4d01aebd2e4daaeb3a97028f8667b6,data/registry/datasets.yaml,1b903b374293d99872e16404f7194b1a65e42993dfed013b4962154c26be7932,0c26daab787a9d267920ab242cdc902906f364047b52486677eaa9629807f817,31128334f6f8d64aa3b7db767a1324c298dab457,True,68896dbdb4f575e2b315f896c95bde1fb8a2231c500fe900d57e8d3e9bdc7c40,output_sha256.yaml,1eda966c03ecd096cacd2c313638e24746f72a3b7a8672794313ab6f13a314d9,11,2176.889897499699,1645363200,1569.140625,"{""platform"":""darwin"",""ru_maxrss"":{""bytes"":1763639296,""platform"":""darwin"",""raw_value"":1763639296,""semantics"":""process_lifetime_high_water_mark"",""units"":""bytes""},""sample_interval_seconds"":0.02,""semantics"":""maximum sampled sum of driver and recursive child RSS"",""source"":""psutil_sampled_process_tree""}",load_signature_fit_diagnostics_standard_write_and_evaluation,executed,3,5
/Users/rzhuang/Documents/VscodeProjects/deconvATAC/results/primary/shapemix_primary_ablation_protocol_v1__shard_03_of_05,pbmc_granulocyte_sorted_10k_shapemix_observed_abundance_split_5501_mix_101__atac__highly_variable__shapemix_length,pbmc_granulocyte_sorted_10k_shapemix_observed_abundance_split_5501_mix_101,5501,101,observed_abundance,shapemix_length,success,configs/experiments/shapemix_primary_ablation.yaml,0604074d476b125df006565e59a909fe6d5f0983ae6773455889acf8ab16b09b,1ac65d9b0fc1c43345a4e594aa1a40a5beeb8f77f74aa5ccd6858d071a53d434,docs/ShapeMix/benchmark_protocol.md,1c540b1f195af1d398b2ac55a80c06236f4d01aebd2e4daaeb3a97028f8667b6,data/registry/datasets.yaml,1b903b374293d99872e16404f7194b1a65e42993dfed013b4962154c26be7932,0c26daab787a9d267920ab242cdc902906f364047b52486677eaa9629807f817,31128334f6f8d64aa3b7db767a1324c298dab457,True,68896dbdb4f575e2b315f896c95bde1fb8a2231c500fe900d57e8d3e9bdc7c40,output_sha256.yaml,5e3d6889738fb59eeb76cc7b4c6f2989e871c07325aadb80756d52aaf415b9c6,11,3949.161082333885,1657716736,1580.921875,"{""platform"":""darwin"",""ru_maxrss"":{""bytes"":1763639296,""platform"":""darwin"",""raw_value"":1763639296,""semantics"":""process_lifetime_high_water_mark"",""units"":""bytes""},""sample_interval_seconds"":0.02,""semantics"":""maximum sampled sum of driver and recursive child RSS"",""source"":""psutil_sampled_process_tree""}",load_signature_fit_diagnostics_standard_write_and_evaluation,executed,3,5
/Users/rzhuang/Documents/VscodeProjects/deconvATAC/results/primary/shapemix_primary_ablation_protocol_v1__shard_04_of_05,pbmc_granulocyte_sorted_10k_shapemix_observed_abundance_split_5501_mix_211__atac__highly_variable__shapemix_count_only,pbmc_granulocyte_sorted_10k_shapemix_observed_abundance_split_5501_mix_211,5501,211,observed_abundance,shapemix_count_only,success,configs/experiments/shapemix_primary_ablation.yaml,0604074d476b125df006565e59a909fe6d5f0983ae6773455889acf8ab16b09b,1ac65d9b0fc1c43345a4e594aa1a40a5beeb8f77f74aa5ccd6858d071a53d434,docs/ShapeMix/benchmark_protocol.md,1c540b1f195af1d398b2ac55a80c06236f4d01aebd2e4daaeb3a97028f8667b6,data/registry/datasets.yaml,1b903b374293d99872e16404f7194b1a65e42993dfed013b4962154c26be7932,cd485a00dcdd11de632bd80e8dcc83bf45e27ceeedc06effa568fb16832922ef,31128334f6f8d64aa3b7db767a1324c298dab457,True,68896dbdb4f575e2b315f896c95bde1fb8a2231c500fe900d57e8d3e9bdc7c40,output_sha256.yaml,2573c4b120c63349bb6d6a5594776ce79cc34e286ce2037d1481b60ebea5a3b0,11,2171.346664042212,1685176320,1607.109375,"{""platform"":""darwin"",""ru_maxrss"":{""bytes"":1718173696,""platform"":""darwin"",""raw_value"":1718173696,""semantics"":""process_lifetime_high_water_mark"",""units"":""bytes""},""sample_interval_seconds"":0.02,""semantics"":""maximum sampled sum of driver and recursive child RSS"",""source"":""psutil_sampled_process_tree""}",load_signature_fit_diagnostics_standard_write_and_evaluation,executed,4,5
/Users/rzhuang/Documents/VscodeProjects/deconvATAC/results/primary/shapemix_primary_ablation_protocol_v1__shard_04_of_05,pbmc_granulocyte_sorted_10k_shapemix_observed_abundance_split_5501_mix_211__atac__highly_variable__shapemix_length,pbmc_granulocyte_sorted_10k_shapemix_observed_abundance_split_5501_mix_211,5501,211,observed_abundance,shapemix_length,success,configs/experiments/shapemix_primary_ablation.yaml,0604074d476b125df006565e59a909fe6d5f0983ae6773455889acf8ab16b09b,1ac65d9b0fc1c43345a4e594aa1a40a5beeb8f77f74aa5ccd6858d071a53d434,docs/ShapeMix/benchmark_protocol.md,1c540b1f195af1d398b2ac55a80c06236f4d01aebd2e4daaeb3a97028f8667b6,data/registry/datasets.yaml,1b903b374293d99872e16404f7194b1a65e42993dfed013b4962154c26be7932,cd485a00dcdd11de632bd80e8dcc83bf45e27ceeedc06effa568fb16832922ef,31128334f6f8d64aa3b7db767a1324c298dab457,True,68896dbdb4f575e2b315f896c95bde1fb8a2231c500fe900d57e8d3e9bdc7c40,output_sha256.yaml,eed9a1a2cfb7ebbe72753545ab6766ded0414679387bd8f8a74edb77aaccb568,11,4070.8164431252517,1689436160,1611.171875,"{""platform"":""darwin"",""ru_maxrss"":{""bytes"":1718173696,""platform"":""darwin"",""raw_value"":1718173696,""semantics"":""process_lifetime_high_water_mark"",""units"":""bytes""},""sample_interval_seconds"":0.02,""semantics"":""maximum sampled sum of driver and recursive child RSS"",""source"":""psutil_sampled_process_tree""}",load_signature_fit_diagnostics_standard_write_and_evaluation,executed,4,5
