source_run_group,run_id,dataset_id,outer_split_seed,inner_mixture_seed,condition,method_run_id,component,bin_name,layer_name,entries,observed_nonzero_entries,expected_positive_entries,observed_total,expected_total,residual_total,absolute_error_sum,squared_error_sum,mean_absolute_error,root_mean_squared_error
/Users/rzhuang/Documents/VscodeProjects/deconvATAC/results/primary/shapemix_primary_ablation_protocol_v1__shard_00_of_05,pbmc_granulocyte_sorted_10k_shapemix_equal_celltype_split_1103_mix_101__atac__highly_variable__shapemix_count_only,pbmc_granulocyte_sorted_10k_shapemix_equal_celltype_split_1103_mix_101,1103,101,equal_celltype,shapemix_count_only,total_count,,,5120000,4126668.0,5120000.0,36661410.0,36158340.30610581,503069.6938941926,14543834.440901555,81732246.5072814,2.840592664238585,3.9954135450480464
/Users/rzhuang/Documents/VscodeProjects/deconvATAC/results/primary/shapemix_primary_ablation_protocol_v1__shard_00_of_05,pbmc_granulocyte_sorted_10k_shapemix_equal_celltype_split_1103_mix_101__atac__highly_variable__shapemix_count_only,pbmc_granulocyte_sorted_10k_shapemix_equal_celltype_split_1103_mix_101,1103,101,equal_celltype,shapemix_count_only,shape_bin,short,fragment_length_lt_100,5120000,,,20055621.0,19775938.75081991,279682.24918008596,10573433.865425885,44454897.54480361,2.0651238018409925,2.946624709174797
/Users/rzhuang/Documents/VscodeProjects/deconvATAC/results/primary/shapemix_primary_ablation_protocol_v1__shard_00_of_05,pbmc_granulocyte_sorted_10k_shapemix_equal_celltype_split_1103_mix_101__atac__highly_variable__shapemix_count_only,pbmc_granulocyte_sorted_10k_shapemix_equal_celltype_split_1103_mix_101,1103,101,equal_celltype,shapemix_count_only,shape_bin,mono,fragment_length_100_249,5120000,,,11946142.0,11776865.248898434,169276.75110156648,7995407.129617242,24276936.82264519,1.5616029550033677,2.177519052309965
/Users/rzhuang/Documents/VscodeProjects/deconvATAC/results/primary/shapemix_primary_ablation_protocol_v1__shard_00_of_05,pbmc_granulocyte_sorted_10k_shapemix_equal_celltype_split_1103_mix_101__atac__highly_variable__shapemix_count_only,pbmc_granulocyte_sorted_10k_shapemix_equal_celltype_split_1103_mix_101,1103,101,equal_celltype,shapemix_count_only,shape_bin,long,fragment_length_ge_250,5120000,,,4659647.0,4605536.306387469,54110.69361253083,4402448.628619528,7958649.366026429,0.8598532477772516,1.2467652963978573
/Users/rzhuang/Documents/VscodeProjects/deconvATAC/results/primary/shapemix_primary_ablation_protocol_v1__shard_00_of_05,pbmc_granulocyte_sorted_10k_shapemix_equal_celltype_split_1103_mix_101__atac__highly_variable__shapemix_length,pbmc_granulocyte_sorted_10k_shapemix_equal_celltype_split_1103_mix_101,1103,101,equal_celltype,shapemix_length,total_count,,,5120000,4126668.0,5120000.0,36661410.0,36158043.38524938,503366.6147506237,14552441.172004804,81782802.85827649,2.842273666407188,3.9966490568046034
/Users/rzhuang/Documents/VscodeProjects/deconvATAC/results/primary/shapemix_primary_ablation_protocol_v1__shard_00_of_05,pbmc_granulocyte_sorted_10k_shapemix_equal_celltype_split_1103_mix_101__atac__highly_variable__shapemix_length,pbmc_granulocyte_sorted_10k_shapemix_equal_celltype_split_1103_mix_101,1103,101,equal_celltype,shapemix_length,shape_bin,short,fragment_length_lt_100,5120000,,,20055621.0,19758121.76537664,297499.2346233614,10572034.314880984,44433733.81688566,2.064850452125192,2.945923223050879
/Users/rzhuang/Documents/VscodeProjects/deconvATAC/results/primary/shapemix_primary_ablation_protocol_v1__shard_00_of_05,pbmc_granulocyte_sorted_10k_shapemix_equal_celltype_split_1103_mix_101__atac__highly_variable__shapemix_length,pbmc_granulocyte_sorted_10k_shapemix_equal_celltype_split_1103_mix_101,1103,101,equal_celltype,shapemix_length,shape_bin,mono,fragment_length_100_249,5120000,,,11946142.0,11787366.118671846,158775.88132815436,7995479.604955447,24253725.799455687,1.5616171103428609,2.176477847396152
/Users/rzhuang/Documents/VscodeProjects/deconvATAC/results/primary/shapemix_primary_ablation_protocol_v1__shard_00_of_05,pbmc_granulocyte_sorted_10k_shapemix_equal_celltype_split_1103_mix_101__atac__highly_variable__shapemix_length,pbmc_granulocyte_sorted_10k_shapemix_equal_celltype_split_1103_mix_101,1103,101,equal_celltype,shapemix_length,shape_bin,long,fragment_length_ge_250,5120000,,,4659647.0,4612555.501200905,47091.49879909493,4402640.8403305225,7947109.744212464,0.8598907891270552,1.2458610965579175
/Users/rzhuang/Documents/VscodeProjects/deconvATAC/results/primary/shapemix_primary_ablation_protocol_v1__shard_01_of_05,pbmc_granulocyte_sorted_10k_shapemix_equal_celltype_split_1103_mix_211__atac__highly_variable__shapemix_count_only,pbmc_granulocyte_sorted_10k_shapemix_equal_celltype_split_1103_mix_211,1103,211,equal_celltype,shapemix_count_only,total_count,,,5120000,4112536.0,5120000.0,36705590.0,36211349.63935852,494240.3606414795,14522484.961787095,81543956.89676763,2.8364228440990424,3.990808700175934
/Users/rzhuang/Documents/VscodeProjects/deconvATAC/results/primary/shapemix_primary_ablation_protocol_v1__shard_01_of_05,pbmc_granulocyte_sorted_10k_shapemix_equal_celltype_split_1103_mix_211__atac__highly_variable__shapemix_count_only,pbmc_granulocyte_sorted_10k_shapemix_equal_celltype_split_1103_mix_211,1103,211,equal_celltype,shapemix_count_only,shape_bin,short,fragment_length_lt_100,5120000,,,20073412.0,19811479.591459807,261932.408540193,10561716.6053935,44445153.619881034,2.0628352744909177,2.9463017609170676
/Users/rzhuang/Documents/VscodeProjects/deconvATAC/results/primary/shapemix_primary_ablation_protocol_v1__shard_01_of_05,pbmc_granulocyte_sorted_10k_shapemix_equal_celltype_split_1103_mix_211__atac__highly_variable__shapemix_count_only,pbmc_granulocyte_sorted_10k_shapemix_equal_celltype_split_1103_mix_211,1103,211,equal_celltype,shapemix_count_only,shape_bin,mono,fragment_length_100_249,5120000,,,11968445.0,11790707.888525266,177737.1114747338,7982759.732205801,24288066.76977206,1.5591327601964455,2.178018145234586
/Users/rzhuang/Documents/VscodeProjects/deconvATAC/results/primary/shapemix_primary_ablation_protocol_v1__shard_01_of_05,pbmc_granulocyte_sorted_10k_shapemix_equal_celltype_split_1103_mix_211__atac__highly_variable__shapemix_count_only,pbmc_granulocyte_sorted_10k_shapemix_equal_celltype_split_1103_mix_211,1103,211,equal_celltype,shapemix_count_only,shape_bin,long,fragment_length_ge_250,5120000,,,4663733.0,4609162.159373464,54570.84062653594,4393645.522008001,7956276.655773532,0.8581338910171876,1.2465794336225702
/Users/rzhuang/Documents/VscodeProjects/deconvATAC/results/primary/shapemix_primary_ablation_protocol_v1__shard_01_of_05,pbmc_granulocyte_sorted_10k_shapemix_equal_celltype_split_1103_mix_211__atac__highly_variable__shapemix_length,pbmc_granulocyte_sorted_10k_shapemix_equal_celltype_split_1103_mix_211,1103,211,equal_celltype,shapemix_length,total_count,,,5120000,4112536.0,5120000.0,36705590.0,36210407.71373441,495182.2862655893,14531052.916852085,81601495.58495858,2.8380962728226726,3.9922164403295097
/Users/rzhuang/Documents/VscodeProjects/deconvATAC/results/primary/shapemix_primary_ablation_protocol_v1__shard_01_of_05,pbmc_granulocyte_sorted_10k_shapemix_equal_celltype_split_1103_mix_211__atac__highly_variable__shapemix_length,pbmc_granulocyte_sorted_10k_shapemix_equal_celltype_split_1103_mix_211,1103,211,equal_celltype,shapemix_length,shape_bin,short,fragment_length_lt_100,5120000,,,20073412.0,19793208.609661024,280203.39033897594,10560670.044495896,44427131.59823311,2.0626308680656047,2.945704353848143
/Users/rzhuang/Documents/VscodeProjects/deconvATAC/results/primary/shapemix_primary_ablation_protocol_v1__shard_01_of_05,pbmc_granulocyte_sorted_10k_shapemix_equal_celltype_split_1103_mix_211__atac__highly_variable__shapemix_length,pbmc_granulocyte_sorted_10k_shapemix_equal_celltype_split_1103_mix_211,1103,211,equal_celltype,shapemix_length,shape_bin,mono,fragment_length_100_249,5120000,,,11968445.0,11800981.030819615,167463.9691803828,7982822.564941641,24266480.94361899,1.5591450322151643,2.177050081945885
/Users/rzhuang/Documents/VscodeProjects/deconvATAC/results/primary/shapemix_primary_ablation_protocol_v1__shard_01_of_05,pbmc_granulocyte_sorted_10k_shapemix_equal_celltype_split_1103_mix_211__atac__highly_variable__shapemix_length,pbmc_granulocyte_sorted_10k_shapemix_equal_celltype_split_1103_mix_211,1103,211,equal_celltype,shapemix_length,shape_bin,long,fragment_length_ge_250,5120000,,,4663733.0,4616218.07325375,47514.92674625013,4393892.404241922,7945077.139115931,0.8581821102035004,1.2457017615519297
/Users/rzhuang/Documents/VscodeProjects/deconvATAC/results/primary/shapemix_primary_ablation_protocol_v1__shard_02_of_05,pbmc_granulocyte_sorted_10k_shapemix_equal_celltype_split_2203_mix_101__atac__highly_variable__shapemix_count_only,pbmc_granulocyte_sorted_10k_shapemix_equal_celltype_split_2203_mix_101,2203,101,equal_celltype,shapemix_count_only,total_count,,,5120000,4134899.0,5120000.0,36752089.0,36255396.82215995,496692.1778400466,14565393.338825194,81551719.21371447,2.844803386489296,3.9909986418099175
/Users/rzhuang/Documents/VscodeProjects/deconvATAC/results/primary/shapemix_primary_ablation_protocol_v1__shard_02_of_05,pbmc_granulocyte_sorted_10k_shapemix_equal_celltype_split_2203_mix_101__atac__highly_variable__shapemix_count_only,pbmc_granulocyte_sorted_10k_shapemix_equal_celltype_split_2203_mix_101,2203,101,equal_celltype,shapemix_count_only,shape_bin,short,fragment_length_lt_100,5120000,,,20057509.0,19814795.80151945,242713.1984805502,10580157.582604742,44299264.209286325,2.0664370278524884,2.941462228361302
/Users/rzhuang/Documents/VscodeProjects/deconvATAC/results/primary/shapemix_primary_ablation_protocol_v1__shard_02_of_05,pbmc_granulocyte_sorted_10k_shapemix_equal_celltype_split_2203_mix_101__atac__highly_variable__shapemix_count_only,pbmc_granulocyte_sorted_10k_shapemix_equal_celltype_split_2203_mix_101,2203,101,equal_celltype,shapemix_count_only,shape_bin,mono,fragment_length_100_249,5120000,,,12012789.0,11836451.119235272,176337.88076472655,8016372.850654219,24363910.332169764,1.5656978223934022,2.1814161081169057
/Users/rzhuang/Documents/VscodeProjects/deconvATAC/results/primary/shapemix_primary_ablation_protocol_v1__shard_02_of_05,pbmc_granulocyte_sorted_10k_shapemix_equal_celltype_split_2203_mix_101__atac__highly_variable__shapemix_count_only,pbmc_granulocyte_sorted_10k_shapemix_equal_celltype_split_2203_mix_101,2203,101,equal_celltype,shapemix_count_only,shape_bin,long,fragment_length_ge_250,5120000,,,4681791.0,4604149.901405255,77641.09859474469,4414809.115725379,7983857.549626927,0.8622674054151132,1.248738234243474
/Users/rzhuang/Documents/VscodeProjects/deconvATAC/results/primary/shapemix_primary_ablation_protocol_v1__shard_02_of_05,pbmc_granulocyte_sorted_10k_shapemix_equal_celltype_split_2203_mix_101__atac__highly_variable__shapemix_length,pbmc_granulocyte_sorted_10k_shapemix_equal_celltype_split_2203_mix_101,2203,101,equal_celltype,shapemix_length,total_count,,,5120000,4134899.0,5120000.0,36752089.0,36254041.18222538,498047.8177746236,14574791.703653865,81611707.48880951,2.8466390046198953,3.992466232657217
/Users/rzhuang/Documents/VscodeProjects/deconvATAC/results/primary/shapemix_primary_ablation_protocol_v1__shard_02_of_05,pbmc_granulocyte_sorted_10k_shapemix_equal_celltype_split_2203_mix_101__atac__highly_variable__shapemix_length,pbmc_granulocyte_sorted_10k_shapemix_equal_celltype_split_2203_mix_101,2203,101,equal_celltype,shapemix_length,shape_bin,short,fragment_length_lt_100,5120000,,,20057509.0,19796244.966623075,261264.0333769247,10578942.33408183,44281462.69090723,2.0661996746253575,2.9408711603567093
/Users/rzhuang/Documents/VscodeProjects/deconvATAC/results/primary/shapemix_primary_ablation_protocol_v1__shard_02_of_05,pbmc_granulocyte_sorted_10k_shapemix_equal_celltype_split_2203_mix_101__atac__highly_variable__shapemix_length,pbmc_granulocyte_sorted_10k_shapemix_equal_celltype_split_2203_mix_101,2203,101,equal_celltype,shapemix_length,shape_bin,mono,fragment_length_100_249,5120000,,,12012789.0,11846286.431274468,166502.56872553192,8016732.862929408,24341806.58648899,1.5657681372908998,2.18042635714294
/Users/rzhuang/Documents/VscodeProjects/deconvATAC/results/primary/shapemix_primary_ablation_protocol_v1__shard_02_of_05,pbmc_granulocyte_sorted_10k_shapemix_equal_celltype_split_2203_mix_101__atac__highly_variable__shapemix_length,pbmc_granulocyte_sorted_10k_shapemix_equal_celltype_split_2203_mix_101,2203,101,equal_celltype,shapemix_length,shape_bin,long,fragment_length_ge_250,5120000,,,4681791.0,4611509.784327852,70281.21567214839,4415010.952308473,7972097.776809436,0.8623068266227487,1.2478182347734357
/Users/rzhuang/Documents/VscodeProjects/deconvATAC/results/primary/shapemix_primary_ablation_protocol_v1__shard_03_of_05,pbmc_granulocyte_sorted_10k_shapemix_equal_celltype_split_2203_mix_211__atac__highly_variable__shapemix_count_only,pbmc_granulocyte_sorted_10k_shapemix_equal_celltype_split_2203_mix_211,2203,211,equal_celltype,shapemix_count_only,total_count,,,5120000,4084596.0,5120000.0,35341207.0,34829135.2949668,512071.705033198,14259401.373468207,78483329.61881876,2.785039330755509,3.9151979919507953
/Users/rzhuang/Documents/VscodeProjects/deconvATAC/results/primary/shapemix_primary_ablation_protocol_v1__shard_03_of_05,pbmc_granulocyte_sorted_10k_shapemix_equal_celltype_split_2203_mix_211__atac__highly_variable__shapemix_count_only,pbmc_granulocyte_sorted_10k_shapemix_equal_celltype_split_2203_mix_211,2203,211,equal_celltype,shapemix_count_only,shape_bin,short,fragment_length_lt_100,5120000,,,19309710.0,19037341.087275237,272368.91272476315,10359082.178647604,42690196.00977005,2.0232582380171102,2.8875472131479016
/Users/rzhuang/Documents/VscodeProjects/deconvATAC/results/primary/shapemix_primary_ablation_protocol_v1__shard_03_of_05,pbmc_granulocyte_sorted_10k_shapemix_equal_celltype_split_2203_mix_211__atac__highly_variable__shapemix_count_only,pbmc_granulocyte_sorted_10k_shapemix_equal_celltype_split_2203_mix_211,2203,211,equal_celltype,shapemix_count_only,shape_bin,mono,fragment_length_100_249,5120000,,,11538641.0,11369690.754443653,168950.24555634707,7842981.6664146045,23399403.186715867,1.5318323567216023,2.1378016593934626
/Users/rzhuang/Documents/VscodeProjects/deconvATAC/results/primary/shapemix_primary_ablation_protocol_v1__shard_03_of_05,pbmc_granulocyte_sorted_10k_shapemix_equal_celltype_split_2203_mix_211__atac__highly_variable__shapemix_count_only,pbmc_granulocyte_sorted_10k_shapemix_equal_celltype_split_2203_mix_211,2203,211,equal_celltype,shapemix_count_only,shape_bin,long,fragment_length_ge_250,5120000,,,4492856.0,4422103.453247906,70752.54675209429,4306795.8372651385,7664889.389213025,0.8411710619658473,1.223539418584734
/Users/rzhuang/Documents/VscodeProjects/deconvATAC/results/primary/shapemix_primary_ablation_protocol_v1__shard_03_of_05,pbmc_granulocyte_sorted_10k_shapemix_equal_celltype_split_2203_mix_211__atac__highly_variable__shapemix_length,pbmc_granulocyte_sorted_10k_shapemix_equal_celltype_split_2203_mix_211,2203,211,equal_celltype,shapemix_length,total_count,,,5120000,4084596.0,5120000.0,35341207.0,34825250.958359405,515956.0416405946,14268438.725229291,78541134.10396834,2.7868044385213464,3.9166395359646407
/Users/rzhuang/Documents/VscodeProjects/deconvATAC/results/primary/shapemix_primary_ablation_protocol_v1__shard_03_of_05,pbmc_granulocyte_sorted_10k_shapemix_equal_celltype_split_2203_mix_211__atac__highly_variable__shapemix_length,pbmc_granulocyte_sorted_10k_shapemix_equal_celltype_split_2203_mix_211,2203,211,equal_celltype,shapemix_length,shape_bin,short,fragment_length_lt_100,5120000,,,19309710.0,19018460.977933712,291249.0220662877,10358040.821786577,42673249.59101455,2.02305484800519,2.886974031879232
/Users/rzhuang/Documents/VscodeProjects/deconvATAC/results/primary/shapemix_primary_ablation_protocol_v1__shard_03_of_05,pbmc_granulocyte_sorted_10k_shapemix_equal_celltype_split_2203_mix_211__atac__highly_variable__shapemix_length,pbmc_granulocyte_sorted_10k_shapemix_equal_celltype_split_2203_mix_211,2203,211,equal_celltype,shapemix_length,shape_bin,mono,fragment_length_100_249,5120000,,,11538641.0,11377956.720472967,160684.27952703275,7843734.588246783,23377891.197042946,1.53197941176695,2.136818750952558
/Users/rzhuang/Documents/VscodeProjects/deconvATAC/results/primary/shapemix_primary_ablation_protocol_v1__shard_03_of_05,pbmc_granulocyte_sorted_10k_shapemix_equal_celltype_split_2203_mix_211__atac__highly_variable__shapemix_length,pbmc_granulocyte_sorted_10k_shapemix_equal_celltype_split_2203_mix_211,2203,211,equal_celltype,shapemix_length,shape_bin,long,fragment_length_ge_250,5120000,,,4492856.0,4428833.259952727,64022.740047273226,4307242.642029031,7654306.005464176,0.8412583285212951,1.2226944187703737
/Users/rzhuang/Documents/VscodeProjects/deconvATAC/results/primary/shapemix_primary_ablation_protocol_v1__shard_04_of_05,pbmc_granulocyte_sorted_10k_shapemix_equal_celltype_split_3301_mix_101__atac__highly_variable__shapemix_count_only,pbmc_granulocyte_sorted_10k_shapemix_equal_celltype_split_3301_mix_101,3301,101,equal_celltype,shapemix_count_only,total_count,,,5120000,4111659.0,5120000.0,36886996.0,36386777.39540631,500218.6045936867,14536716.256703353,81797593.54340692,2.8392023938873736,3.997010443937652
/Users/rzhuang/Documents/VscodeProjects/deconvATAC/results/primary/shapemix_primary_ablation_protocol_v1__shard_04_of_05,pbmc_granulocyte_sorted_10k_shapemix_equal_celltype_split_3301_mix_101__atac__highly_variable__shapemix_count_only,pbmc_granulocyte_sorted_10k_shapemix_equal_celltype_split_3301_mix_101,3301,101,equal_celltype,shapemix_count_only,shape_bin,short,fragment_length_lt_100,5120000,,,20196481.0,19917992.606111303,278488.393888697,10580563.638181273,44622740.20517478,2.06651633558228,2.952182065239744
/Users/rzhuang/Documents/VscodeProjects/deconvATAC/results/primary/shapemix_primary_ablation_protocol_v1__shard_04_of_05,pbmc_granulocyte_sorted_10k_shapemix_equal_celltype_split_3301_mix_101__atac__highly_variable__shapemix_count_only,pbmc_granulocyte_sorted_10k_shapemix_equal_celltype_split_3301_mix_101,3301,101,equal_celltype,shapemix_count_only,shape_bin,mono,fragment_length_100_249,5120000,,,12023156.0,11861937.617931096,161218.38206890412,8002689.320604419,24415820.092603732,1.5630252579305506,2.1837387347933053
/Users/rzhuang/Documents/VscodeProjects/deconvATAC/results/primary/shapemix_primary_ablation_protocol_v1__shard_04_of_05,pbmc_granulocyte_sorted_10k_shapemix_equal_celltype_split_3301_mix_101__atac__highly_variable__shapemix_count_only,pbmc_granulocyte_sorted_10k_shapemix_equal_celltype_split_3301_mix_101,3301,101,equal_celltype,shapemix_count_only,shape_bin,long,fragment_length_ge_250,5120000,,,4667359.0,4606847.171363939,60511.8286360614,4394718.071785429,7956913.271816899,0.8583433733955915,1.2466293047260433
/Users/rzhuang/Documents/VscodeProjects/deconvATAC/results/primary/shapemix_primary_ablation_protocol_v1__shard_04_of_05,pbmc_granulocyte_sorted_10k_shapemix_equal_celltype_split_3301_mix_101__atac__highly_variable__shapemix_length,pbmc_granulocyte_sorted_10k_shapemix_equal_celltype_split_3301_mix_101,3301,101,equal_celltype,shapemix_length,total_count,,,5120000,4111659.0,5120000.0,36886996.0,36383722.81881964,503273.18118035793,14546600.598290129,81862440.25246136,2.841132929353541,3.9985944857923337
/Users/rzhuang/Documents/VscodeProjects/deconvATAC/results/primary/shapemix_primary_ablation_protocol_v1__shard_04_of_05,pbmc_granulocyte_sorted_10k_shapemix_equal_celltype_split_3301_mix_101__atac__highly_variable__shapemix_length,pbmc_granulocyte_sorted_10k_shapemix_equal_celltype_split_3301_mix_101,3301,101,equal_celltype,shapemix_length,shape_bin,short,fragment_length_lt_100,5120000,,,20196481.0,19898179.84835896,298301.15164104104,10579542.03155148,44606623.32181372,2.0663168030373984,2.9516488811411397
/Users/rzhuang/Documents/VscodeProjects/deconvATAC/results/primary/shapemix_primary_ablation_protocol_v1__shard_04_of_05,pbmc_granulocyte_sorted_10k_shapemix_equal_celltype_split_3301_mix_101__atac__highly_variable__shapemix_length,pbmc_granulocyte_sorted_10k_shapemix_equal_celltype_split_3301_mix_101,3301,101,equal_celltype,shapemix_length,shape_bin,mono,fragment_length_100_249,5120000,,,12023156.0,11871063.012370726,152092.9876292739,8002928.842170119,24391385.196530048,1.563072039486351,2.182645738821872
/Users/rzhuang/Documents/VscodeProjects/deconvATAC/results/primary/shapemix_primary_ablation_protocol_v1__shard_04_of_05,pbmc_granulocyte_sorted_10k_shapemix_equal_celltype_split_3301_mix_101__atac__highly_variable__shapemix_length,pbmc_granulocyte_sorted_10k_shapemix_equal_celltype_split_3301_mix_101,3301,101,equal_celltype,shapemix_length,shape_bin,long,fragment_length_ge_250,5120000,,,4667359.0,4614479.958089947,52879.04191005323,4394974.418747159,7944087.567021674,0.8583934411615545,1.2456241820605125
/Users/rzhuang/Documents/VscodeProjects/deconvATAC/results/primary/shapemix_primary_ablation_protocol_v1__shard_00_of_05,pbmc_granulocyte_sorted_10k_shapemix_equal_celltype_split_3301_mix_211__atac__highly_variable__shapemix_count_only,pbmc_granulocyte_sorted_10k_shapemix_equal_celltype_split_3301_mix_211,3301,211,equal_celltype,shapemix_count_only,total_count,,,5120000,4104355.0,5120000.0,36277350.0,35768760.7141222,508589.2858778015,14454692.552173166,80598026.95254385,2.823182139096321,3.96759399878172
/Users/rzhuang/Documents/VscodeProjects/deconvATAC/results/primary/shapemix_primary_ablation_protocol_v1__shard_00_of_05,pbmc_granulocyte_sorted_10k_shapemix_equal_celltype_split_3301_mix_211__atac__highly_variable__shapemix_count_only,pbmc_granulocyte_sorted_10k_shapemix_equal_celltype_split_3301_mix_211,3301,211,equal_celltype,shapemix_count_only,shape_bin,short,fragment_length_lt_100,5120000,,,19835210.0,19572367.877304055,262842.1226959452,10501067.892968249,43834363.02876256,2.050989822845361,2.925986847040702
/Users/rzhuang/Documents/VscodeProjects/deconvATAC/results/primary/shapemix_primary_ablation_protocol_v1__shard_00_of_05,pbmc_granulocyte_sorted_10k_shapemix_equal_celltype_split_3301_mix_211__atac__highly_variable__shapemix_count_only,pbmc_granulocyte_sorted_10k_shapemix_equal_celltype_split_3301_mix_211,3301,211,equal_celltype,shapemix_count_only,shape_bin,mono,fragment_length_100_249,5120000,,,11834536.0,11663640.643350417,170895.3566495832,7953158.936801611,24034222.10178285,1.5533513548440645,2.1666065642507557
/Users/rzhuang/Documents/VscodeProjects/deconvATAC/results/primary/shapemix_primary_ablation_protocol_v1__shard_00_of_05,pbmc_granulocyte_sorted_10k_shapemix_equal_celltype_split_3301_mix_211__atac__highly_variable__shapemix_count_only,pbmc_granulocyte_sorted_10k_shapemix_equal_celltype_split_3301_mix_211,3301,211,equal_celltype,shapemix_count_only,shape_bin,long,fragment_length_ge_250,5120000,,,4607604.0,4532752.19346774,74851.80653226003,4369913.995928946,7864302.844178861,0.8534988273298723,1.239353318974732
/Users/rzhuang/Documents/VscodeProjects/deconvATAC/results/primary/shapemix_primary_ablation_protocol_v1__shard_00_of_05,pbmc_granulocyte_sorted_10k_shapemix_equal_celltype_split_3301_mix_211__atac__highly_variable__shapemix_length,pbmc_granulocyte_sorted_10k_shapemix_equal_celltype_split_3301_mix_211,3301,211,equal_celltype,shapemix_length,total_count,,,5120000,4104355.0,5120000.0,36277350.0,35766379.22913885,510970.7708611488,14464473.330855576,80656064.5734297,2.8250924474327297,3.969022248866588
/Users/rzhuang/Documents/VscodeProjects/deconvATAC/results/primary/shapemix_primary_ablation_protocol_v1__shard_00_of_05,pbmc_granulocyte_sorted_10k_shapemix_equal_celltype_split_3301_mix_211__atac__highly_variable__shapemix_length,pbmc_granulocyte_sorted_10k_shapemix_equal_celltype_split_3301_mix_211,3301,211,equal_celltype,shapemix_length,shape_bin,short,fragment_length_lt_100,5120000,,,19835210.0,19552058.77290984,283151.22709015757,10499681.460390838,43814350.16479307,2.0507190352325857,2.9253188316081284
/Users/rzhuang/Documents/VscodeProjects/deconvATAC/results/primary/shapemix_primary_ablation_protocol_v1__shard_00_of_05,pbmc_granulocyte_sorted_10k_shapemix_equal_celltype_split_3301_mix_211__atac__highly_variable__shapemix_length,pbmc_granulocyte_sorted_10k_shapemix_equal_celltype_split_3301_mix_211,3301,211,equal_celltype,shapemix_length,shape_bin,mono,fragment_length_100_249,5120000,,,11834536.0,11673420.31375723,161115.6862427704,7953273.732379699,24009751.11993433,1.55337377585541,2.1655032938354477
/Users/rzhuang/Documents/VscodeProjects/deconvATAC/results/primary/shapemix_primary_ablation_protocol_v1__shard_00_of_05,pbmc_granulocyte_sorted_10k_shapemix_equal_celltype_split_3301_mix_211__atac__highly_variable__shapemix_length,pbmc_granulocyte_sorted_10k_shapemix_equal_celltype_split_3301_mix_211,3301,211,equal_celltype,shapemix_length,shape_bin,long,fragment_length_ge_250,5120000,,,4607604.0,4540900.14247179,66703.85752820969,4370383.906642562,7851843.889016707,0.8535906067661253,1.238371212348533
/Users/rzhuang/Documents/VscodeProjects/deconvATAC/results/primary/shapemix_primary_ablation_protocol_v1__shard_01_of_05,pbmc_granulocyte_sorted_10k_shapemix_equal_celltype_split_4409_mix_101__atac__highly_variable__shapemix_count_only,pbmc_granulocyte_sorted_10k_shapemix_equal_celltype_split_4409_mix_101,4409,101,equal_celltype,shapemix_count_only,total_count,,,5120000,4113182.0,5120000.0,36744401.0,36268249.45662503,476151.54337497056,14514503.86099784,81450579.80445386,2.8348640353511403,3.9885230810485974
/Users/rzhuang/Documents/VscodeProjects/deconvATAC/results/primary/shapemix_primary_ablation_protocol_v1__shard_01_of_05,pbmc_granulocyte_sorted_10k_shapemix_equal_celltype_split_4409_mix_101__atac__highly_variable__shapemix_count_only,pbmc_granulocyte_sorted_10k_shapemix_equal_celltype_split_4409_mix_101,4409,101,equal_celltype,shapemix_count_only,shape_bin,short,fragment_length_lt_100,5120000,,,20138384.0,19847542.346416034,290841.6535839662,10564197.179774337,44509134.30705485,2.063319761674675,2.948421661558375
/Users/rzhuang/Documents/VscodeProjects/deconvATAC/results/primary/shapemix_primary_ablation_protocol_v1__shard_01_of_05,pbmc_granulocyte_sorted_10k_shapemix_equal_celltype_split_4409_mix_101__atac__highly_variable__shapemix_count_only,pbmc_granulocyte_sorted_10k_shapemix_equal_celltype_split_4409_mix_101,4409,101,equal_celltype,shapemix_count_only,shape_bin,mono,fragment_length_100_249,5120000,,,11959847.0,11823073.053254684,136773.94674531557,7982643.196144562,24241575.10227269,1.5591099992469848,2.1759325902156608
/Users/rzhuang/Documents/VscodeProjects/deconvATAC/results/primary/shapemix_primary_ablation_protocol_v1__shard_01_of_05,pbmc_granulocyte_sorted_10k_shapemix_equal_celltype_split_4409_mix_101__atac__highly_variable__shapemix_count_only,pbmc_granulocyte_sorted_10k_shapemix_equal_celltype_split_4409_mix_101,4409,101,equal_celltype,shapemix_count_only,shape_bin,long,fragment_length_ge_250,5120000,,,4646170.0,4597634.056954304,48535.94304569624,4385931.342031105,7915272.317894376,0.8566272152404503,1.243363030087651
/Users/rzhuang/Documents/VscodeProjects/deconvATAC/results/primary/shapemix_primary_ablation_protocol_v1__shard_01_of_05,pbmc_granulocyte_sorted_10k_shapemix_equal_celltype_split_4409_mix_101__atac__highly_variable__shapemix_length,pbmc_granulocyte_sorted_10k_shapemix_equal_celltype_split_4409_mix_101,4409,101,equal_celltype,shapemix_length,total_count,,,5120000,4113182.0,5120000.0,36744401.0,36267824.40921639,476576.59078361094,14523720.077906068,81510069.872092,2.836664077716029,3.989979388655155
/Users/rzhuang/Documents/VscodeProjects/deconvATAC/results/primary/shapemix_primary_ablation_protocol_v1__shard_01_of_05,pbmc_granulocyte_sorted_10k_shapemix_equal_celltype_split_4409_mix_101__atac__highly_variable__shapemix_length,pbmc_granulocyte_sorted_10k_shapemix_equal_celltype_split_4409_mix_101,4409,101,equal_celltype,shapemix_length,shape_bin,short,fragment_length_lt_100,5120000,,,20138384.0,19832325.45931017,306058.54068982974,10563690.921878008,44494738.302143335,2.0632208831792984,2.9479448052223383
/Users/rzhuang/Documents/VscodeProjects/deconvATAC/results/primary/shapemix_primary_ablation_protocol_v1__shard_01_of_05,pbmc_granulocyte_sorted_10k_shapemix_equal_celltype_split_4409_mix_101__atac__highly_variable__shapemix_length,pbmc_granulocyte_sorted_10k_shapemix_equal_celltype_split_4409_mix_101,4409,101,equal_celltype,shapemix_length,shape_bin,mono,fragment_length_100_249,5120000,,,11959847.0,11831660.977356637,128186.0226433631,7982834.234336195,24217929.727670804,1.559147311393788,2.174871122603752
/Users/rzhuang/Documents/VscodeProjects/deconvATAC/results/primary/shapemix_primary_ablation_protocol_v1__shard_01_of_05,pbmc_granulocyte_sorted_10k_shapemix_equal_celltype_split_4409_mix_101__atac__highly_variable__shapemix_length,pbmc_granulocyte_sorted_10k_shapemix_equal_celltype_split_4409_mix_101,4409,101,equal_celltype,shapemix_length,shape_bin,long,fragment_length_ge_250,5120000,,,4646170.0,4603837.972549587,42332.02745041344,4386077.021563675,7904137.671538045,0.8566556682741553,1.2424881846409142
/Users/rzhuang/Documents/VscodeProjects/deconvATAC/results/primary/shapemix_primary_ablation_protocol_v1__shard_02_of_05,pbmc_granulocyte_sorted_10k_shapemix_equal_celltype_split_4409_mix_211__atac__highly_variable__shapemix_count_only,pbmc_granulocyte_sorted_10k_shapemix_equal_celltype_split_4409_mix_211,4409,211,equal_celltype,shapemix_count_only,total_count,,,5120000,4107504.0,5120000.0,36330379.0,35838542.779908806,491836.2200911939,14427926.92683552,80380073.70027967,2.8179544778975627,3.9622257816265183
/Users/rzhuang/Documents/VscodeProjects/deconvATAC/results/primary/shapemix_primary_ablation_protocol_v1__shard_02_of_05,pbmc_granulocyte_sorted_10k_shapemix_equal_celltype_split_4409_mix_211__atac__highly_variable__shapemix_count_only,pbmc_granulocyte_sorted_10k_shapemix_equal_celltype_split_4409_mix_211,4409,211,equal_celltype,shapemix_count_only,shape_bin,short,fragment_length_lt_100,5120000,,,19896782.0,19601288.194000464,295493.80599953607,10498544.307692476,43855218.29584883,2.050496935096187,2.9266828190646104
/Users/rzhuang/Documents/VscodeProjects/deconvATAC/results/primary/shapemix_primary_ablation_protocol_v1__shard_02_of_05,pbmc_granulocyte_sorted_10k_shapemix_equal_celltype_split_4409_mix_211__atac__highly_variable__shapemix_count_only,pbmc_granulocyte_sorted_10k_shapemix_equal_celltype_split_4409_mix_211,4409,211,equal_celltype,shapemix_count_only,shape_bin,mono,fragment_length_100_249,5120000,,,11830279.0,11689130.040859573,141148.9591404274,7940237.11763034,23956365.33313626,1.550827562037176,2.163094451041881
/Users/rzhuang/Documents/VscodeProjects/deconvATAC/results/primary/shapemix_primary_ablation_protocol_v1__shard_02_of_05,pbmc_granulocyte_sorted_10k_shapemix_equal_celltype_split_4409_mix_211__atac__highly_variable__shapemix_count_only,pbmc_granulocyte_sorted_10k_shapemix_equal_celltype_split_4409_mix_211,4409,211,equal_celltype,shapemix_count_only,shape_bin,long,fragment_length_ge_250,5120000,,,4603318.0,4548124.545048783,55193.4549512174,4362950.144466454,7840744.841424381,0.8521387000911044,1.237495647200708
/Users/rzhuang/Documents/VscodeProjects/deconvATAC/results/primary/shapemix_primary_ablation_protocol_v1__shard_02_of_05,pbmc_granulocyte_sorted_10k_shapemix_equal_celltype_split_4409_mix_211__atac__highly_variable__shapemix_length,pbmc_granulocyte_sorted_10k_shapemix_equal_celltype_split_4409_mix_211,4409,211,equal_celltype,shapemix_length,total_count,,,5120000,4107504.0,5120000.0,36330379.0,35838167.673600234,492211.3263997659,14436569.663270129,80430760.77372009,2.819642512357447,3.963474859718074
/Users/rzhuang/Documents/VscodeProjects/deconvATAC/results/primary/shapemix_primary_ablation_protocol_v1__shard_02_of_05,pbmc_granulocyte_sorted_10k_shapemix_equal_celltype_split_4409_mix_211__atac__highly_variable__shapemix_length,pbmc_granulocyte_sorted_10k_shapemix_equal_celltype_split_4409_mix_211,4409,211,equal_celltype,shapemix_length,shape_bin,short,fragment_length_lt_100,5120000,,,19896782.0,19585871.801402982,310910.19859701395,10497730.34108906,43838024.58238382,2.0503379572439573,2.9261090506416263
/Users/rzhuang/Documents/VscodeProjects/deconvATAC/results/primary/shapemix_primary_ablation_protocol_v1__shard_02_of_05,pbmc_granulocyte_sorted_10k_shapemix_equal_celltype_split_4409_mix_211__atac__highly_variable__shapemix_length,pbmc_granulocyte_sorted_10k_shapemix_equal_celltype_split_4409_mix_211,4409,211,equal_celltype,shapemix_length,shape_bin,mono,fragment_length_100_249,5120000,,,11830279.0,11697925.976556014,132353.02344398573,7940547.30128517,23933124.08319629,1.5508881447822598,2.1620449341998595
/Users/rzhuang/Documents/VscodeProjects/deconvATAC/results/primary/shapemix_primary_ablation_protocol_v1__shard_02_of_05,pbmc_granulocyte_sorted_10k_shapemix_equal_celltype_split_4409_mix_211__atac__highly_variable__shapemix_length,pbmc_granulocyte_sorted_10k_shapemix_equal_celltype_split_4409_mix_211,4409,211,equal_celltype,shapemix_length,shape_bin,long,fragment_length_ge_250,5120000,,,4603318.0,4554369.89564126,48948.10435874015,4363142.63924536,7829653.154790257,0.8521762967276094,1.2366200434227856
/Users/rzhuang/Documents/VscodeProjects/deconvATAC/results/primary/shapemix_primary_ablation_protocol_v1__shard_03_of_05,pbmc_granulocyte_sorted_10k_shapemix_equal_celltype_split_5501_mix_101__atac__highly_variable__shapemix_count_only,pbmc_granulocyte_sorted_10k_shapemix_equal_celltype_split_5501_mix_101,5501,101,equal_celltype,shapemix_count_only,total_count,,,5120000,4086505.0,5120000.0,35888867.0,35387784.25042276,501082.7495772392,14366948.29878704,81140562.07179946,2.8060445896068433,3.980925273055038
/Users/rzhuang/Documents/VscodeProjects/deconvATAC/results/primary/shapemix_primary_ablation_protocol_v1__shard_03_of_05,pbmc_granulocyte_sorted_10k_shapemix_equal_celltype_split_5501_mix_101__atac__highly_variable__shapemix_count_only,pbmc_granulocyte_sorted_10k_shapemix_equal_celltype_split_5501_mix_101,5501,101,equal_celltype,shapemix_count_only,shape_bin,short,fragment_length_lt_100,5120000,,,19623152.0,19376135.22810434,247016.77189565825,10439179.94097415,43500705.38670249,2.0389023322215136,2.9148295869296255
/Users/rzhuang/Documents/VscodeProjects/deconvATAC/results/primary/shapemix_primary_ablation_protocol_v1__shard_03_of_05,pbmc_granulocyte_sorted_10k_shapemix_equal_celltype_split_5501_mix_101__atac__highly_variable__shapemix_count_only,pbmc_granulocyte_sorted_10k_shapemix_equal_celltype_split_5501_mix_101,5501,101,equal_celltype,shapemix_count_only,shape_bin,mono,fragment_length_100_249,5120000,,,11685518.0,11526400.112204112,159117.8877958879,7884635.353215126,24192614.01996461,1.539967842424829,2.1737340973022294
/Users/rzhuang/Documents/VscodeProjects/deconvATAC/results/primary/shapemix_primary_ablation_protocol_v1__shard_03_of_05,pbmc_granulocyte_sorted_10k_shapemix_equal_celltype_split_5501_mix_101__atac__highly_variable__shapemix_count_only,pbmc_granulocyte_sorted_10k_shapemix_equal_celltype_split_5501_mix_101,5501,101,equal_celltype,shapemix_count_only,shape_bin,long,fragment_length_ge_250,5120000,,,4580197.0,4485248.910114324,94948.08988567628,4343122.459568708,7849418.247797282,0.8482661053845133,1.238179914843924
/Users/rzhuang/Documents/VscodeProjects/deconvATAC/results/primary/shapemix_primary_ablation_protocol_v1__shard_03_of_05,pbmc_granulocyte_sorted_10k_shapemix_equal_celltype_split_5501_mix_101__atac__highly_variable__shapemix_length,pbmc_granulocyte_sorted_10k_shapemix_equal_celltype_split_5501_mix_101,5501,101,equal_celltype,shapemix_length,total_count,,,5120000,4086505.0,5120000.0,35888867.0,35384593.29694388,504273.7030561194,14375426.043402355,81193670.92902803,2.807700399102023,3.982227875615079
/Users/rzhuang/Documents/VscodeProjects/deconvATAC/results/primary/shapemix_primary_ablation_protocol_v1__shard_03_of_05,pbmc_granulocyte_sorted_10k_shapemix_equal_celltype_split_5501_mix_101__atac__highly_variable__shapemix_length,pbmc_granulocyte_sorted_10k_shapemix_equal_celltype_split_5501_mix_101,5501,101,equal_celltype,shapemix_length,shape_bin,short,fragment_length_lt_100,5120000,,,19623152.0,19356999.769803613,266152.2301963866,10437947.56563549,43483171.88909861,2.0386616339131813,2.914242098657826
/Users/rzhuang/Documents/VscodeProjects/deconvATAC/results/primary/shapemix_primary_ablation_protocol_v1__shard_03_of_05,pbmc_granulocyte_sorted_10k_shapemix_equal_celltype_split_5501_mix_101__atac__highly_variable__shapemix_length,pbmc_granulocyte_sorted_10k_shapemix_equal_celltype_split_5501_mix_101,5501,101,equal_celltype,shapemix_length,shape_bin,mono,fragment_length_100_249,5120000,,,11685518.0,11534239.324690854,151278.67530914582,7885205.155784476,24171873.177462246,1.5400791319891554,2.1728021032696687
/Users/rzhuang/Documents/VscodeProjects/deconvATAC/results/primary/shapemix_primary_ablation_protocol_v1__shard_03_of_05,pbmc_granulocyte_sorted_10k_shapemix_equal_celltype_split_5501_mix_101__atac__highly_variable__shapemix_length,pbmc_granulocyte_sorted_10k_shapemix_equal_celltype_split_5501_mix_101,5501,101,equal_celltype,shapemix_length,shape_bin,long,fragment_length_ge_250,5120000,,,4580197.0,4493354.202449404,86842.7975505963,4343616.409696104,7837797.911500852,0.8483625800187703,1.237263070082515
/Users/rzhuang/Documents/VscodeProjects/deconvATAC/results/primary/shapemix_primary_ablation_protocol_v1__shard_04_of_05,pbmc_granulocyte_sorted_10k_shapemix_equal_celltype_split_5501_mix_211__atac__highly_variable__shapemix_count_only,pbmc_granulocyte_sorted_10k_shapemix_equal_celltype_split_5501_mix_211,5501,211,equal_celltype,shapemix_count_only,total_count,,,5120000,4096184.0,5120000.0,36076356.0,35581357.62125065,494998.3787493482,14401786.235919343,81637631.51496354,2.812848874202997,3.9931002874040513
/Users/rzhuang/Documents/VscodeProjects/deconvATAC/results/primary/shapemix_primary_ablation_protocol_v1__shard_04_of_05,pbmc_granulocyte_sorted_10k_shapemix_equal_celltype_split_5501_mix_211__atac__highly_variable__shapemix_count_only,pbmc_granulocyte_sorted_10k_shapemix_equal_celltype_split_5501_mix_211,5501,211,equal_celltype,shapemix_count_only,shape_bin,short,fragment_length_lt_100,5120000,,,19729863.0,19477548.347167984,252314.65283201635,10472182.208373535,43816711.00322684,2.045348087572956,2.9253976426834254
/Users/rzhuang/Documents/VscodeProjects/deconvATAC/results/primary/shapemix_primary_ablation_protocol_v1__shard_04_of_05,pbmc_granulocyte_sorted_10k_shapemix_equal_celltype_split_5501_mix_211__atac__highly_variable__shapemix_count_only,pbmc_granulocyte_sorted_10k_shapemix_equal_celltype_split_5501_mix_211,5501,211,equal_celltype,shapemix_count_only,shape_bin,mono,fragment_length_100_249,5120000,,,11749424.0,11592548.520079214,156875.47992078587,7902803.147005062,24317210.82874253,1.5435162396494262,2.1793244916690986
/Users/rzhuang/Documents/VscodeProjects/deconvATAC/results/primary/shapemix_primary_ablation_protocol_v1__shard_04_of_05,pbmc_granulocyte_sorted_10k_shapemix_equal_celltype_split_5501_mix_211__atac__highly_variable__shapemix_count_only,pbmc_granulocyte_sorted_10k_shapemix_equal_celltype_split_5501_mix_211,5501,211,equal_celltype,shapemix_count_only,shape_bin,long,fragment_length_ge_250,5120000,,,4597069.0,4511260.754003446,85808.24599655438,4356487.794049115,7877325.84309491,0.8508765222752177,1.240379056470027
/Users/rzhuang/Documents/VscodeProjects/deconvATAC/results/primary/shapemix_primary_ablation_protocol_v1__shard_04_of_05,pbmc_granulocyte_sorted_10k_shapemix_equal_celltype_split_5501_mix_211__atac__highly_variable__shapemix_length,pbmc_granulocyte_sorted_10k_shapemix_equal_celltype_split_5501_mix_211,5501,211,equal_celltype,shapemix_length,total_count,,,5120000,4096184.0,5120000.0,36076356.0,35578595.28852953,497760.71147046983,14410508.507540297,81692901.60847585,2.814552442878964,3.994451757801744
/Users/rzhuang/Documents/VscodeProjects/deconvATAC/results/primary/shapemix_primary_ablation_protocol_v1__shard_04_of_05,pbmc_granulocyte_sorted_10k_shapemix_equal_celltype_split_5501_mix_211__atac__highly_variable__shapemix_length,pbmc_granulocyte_sorted_10k_shapemix_equal_celltype_split_5501_mix_211,5501,211,equal_celltype,shapemix_length,shape_bin,short,fragment_length_lt_100,5120000,,,19729863.0,19459204.235915188,270658.76408481225,10470893.706772132,43800052.31494617,2.045096427103932,2.92484148592072
/Users/rzhuang/Documents/VscodeProjects/deconvATAC/results/primary/shapemix_primary_ablation_protocol_v1__shard_04_of_05,pbmc_granulocyte_sorted_10k_shapemix_equal_celltype_split_5501_mix_211__atac__highly_variable__shapemix_length,pbmc_granulocyte_sorted_10k_shapemix_equal_celltype_split_5501_mix_211,5501,211,equal_celltype,shapemix_length,shape_bin,mono,fragment_length_100_249,5120000,,,11749424.0,11600202.957142208,149221.04285779223,7903026.142965883,24296051.455486696,1.543559793548024,2.178376126820101
/Users/rzhuang/Documents/VscodeProjects/deconvATAC/results/primary/shapemix_primary_ablation_protocol_v1__shard_04_of_05,pbmc_granulocyte_sorted_10k_shapemix_equal_celltype_split_5501_mix_211__atac__highly_variable__shapemix_length,pbmc_granulocyte_sorted_10k_shapemix_equal_celltype_split_5501_mix_211,5501,211,equal_celltype,shapemix_length,shape_bin,long,fragment_length_ge_250,5120000,,,4597069.0,4519188.095472117,77880.90452788305,4356952.691962097,7865885.809983194,0.850967322648847,1.239478044284102
/Users/rzhuang/Documents/VscodeProjects/deconvATAC/results/primary/shapemix_primary_ablation_protocol_v1__shard_00_of_05,pbmc_granulocyte_sorted_10k_shapemix_observed_abundance_split_1103_mix_101__atac__highly_variable__shapemix_count_only,pbmc_granulocyte_sorted_10k_shapemix_observed_abundance_split_1103_mix_101,1103,101,observed_abundance,shapemix_count_only,total_count,,,5120000,4050988.0,5120000.0,33963322.0,33453531.050171304,509790.9498286955,13970123.803785024,76651965.37694614,2.7285398054267627,3.8692488919278367
/Users/rzhuang/Documents/VscodeProjects/deconvATAC/results/primary/shapemix_primary_ablation_protocol_v1__shard_00_of_05,pbmc_granulocyte_sorted_10k_shapemix_observed_abundance_split_1103_mix_101__atac__highly_variable__shapemix_count_only,pbmc_granulocyte_sorted_10k_shapemix_observed_abundance_split_1103_mix_101,1103,101,observed_abundance,shapemix_count_only,shape_bin,short,fragment_length_lt_100,5120000,,,18319167.0,18074353.47151656,244813.52848343924,10055947.059025995,40473941.8504961,1.964052159966015,2.811595057556301
/Users/rzhuang/Documents/VscodeProjects/deconvATAC/results/primary/shapemix_primary_ablation_protocol_v1__shard_00_of_05,pbmc_granulocyte_sorted_10k_shapemix_observed_abundance_split_1103_mix_101__atac__highly_variable__shapemix_count_only,pbmc_granulocyte_sorted_10k_shapemix_observed_abundance_split_1103_mix_101,1103,101,observed_abundance,shapemix_count_only,shape_bin,mono,fragment_length_100_249,5120000,,,11194972.0,11014474.523377985,180497.47662201524,7724075.988679828,23137555.414110977,1.5086085915390288,2.125806621454207
/Users/rzhuang/Documents/VscodeProjects/deconvATAC/results/primary/shapemix_primary_ablation_protocol_v1__shard_00_of_05,pbmc_granulocyte_sorted_10k_shapemix_observed_abundance_split_1103_mix_101__atac__highly_variable__shapemix_count_only,pbmc_granulocyte_sorted_10k_shapemix_observed_abundance_split_1103_mix_101,1103,101,observed_abundance,shapemix_count_only,shape_bin,long,fragment_length_ge_250,5120000,,,4449183.0,4364703.055276742,84479.9447232578,4302664.741223749,7612782.840734799,0.8403642072702634,1.21937346558838
/Users/rzhuang/Documents/VscodeProjects/deconvATAC/results/primary/shapemix_primary_ablation_protocol_v1__shard_00_of_05,pbmc_granulocyte_sorted_10k_shapemix_observed_abundance_split_1103_mix_101__atac__highly_variable__shapemix_length,pbmc_granulocyte_sorted_10k_shapemix_observed_abundance_split_1103_mix_101,1103,101,observed_abundance,shapemix_length,total_count,,,5120000,4050988.0,5120000.0,33963322.0,33454537.31745158,508784.68254841864,13974236.159524208,76680100.77650766,2.7293429999070717,3.8699589381428394
/Users/rzhuang/Documents/VscodeProjects/deconvATAC/results/primary/shapemix_primary_ablation_protocol_v1__shard_00_of_05,pbmc_granulocyte_sorted_10k_shapemix_observed_abundance_split_1103_mix_101__atac__highly_variable__shapemix_length,pbmc_granulocyte_sorted_10k_shapemix_observed_abundance_split_1103_mix_101,1103,101,observed_abundance,shapemix_length,shape_bin,short,fragment_length_lt_100,5120000,,,18319167.0,18067525.62197846,251641.37802153823,10055085.118605183,40465840.63723667,1.9638838122275748,2.811313660810598
/Users/rzhuang/Documents/VscodeProjects/deconvATAC/results/primary/shapemix_primary_ablation_protocol_v1__shard_00_of_05,pbmc_granulocyte_sorted_10k_shapemix_observed_abundance_split_1103_mix_101__atac__highly_variable__shapemix_length,pbmc_granulocyte_sorted_10k_shapemix_observed_abundance_split_1103_mix_101,1103,101,observed_abundance,shapemix_length,shape_bin,mono,fragment_length_100_249,5120000,,,11194972.0,11019075.990134712,175896.0098652877,7724005.553632164,23128468.90797112,1.508594834693782,2.12538916050405
/Users/rzhuang/Documents/VscodeProjects/deconvATAC/results/primary/shapemix_primary_ablation_protocol_v1__shard_00_of_05,pbmc_granulocyte_sorted_10k_shapemix_observed_abundance_split_1103_mix_101__atac__highly_variable__shapemix_length,pbmc_granulocyte_sorted_10k_shapemix_observed_abundance_split_1103_mix_101,1103,101,observed_abundance,shapemix_length,shape_bin,long,fragment_length_ge_250,5120000,,,4449183.0,4367935.705338409,81247.29466159083,4302742.863635385,7608446.958725397,0.8403794655537862,1.2190261673262204
/Users/rzhuang/Documents/VscodeProjects/deconvATAC/results/primary/shapemix_primary_ablation_protocol_v1__shard_01_of_05,pbmc_granulocyte_sorted_10k_shapemix_observed_abundance_split_1103_mix_211__atac__highly_variable__shapemix_count_only,pbmc_granulocyte_sorted_10k_shapemix_observed_abundance_split_1103_mix_211,1103,211,observed_abundance,shapemix_count_only,total_count,,,5120000,4036611.0,5120000.0,33955595.0,33456321.357365325,499273.6426346749,13920260.714943163,76558142.90700749,2.718800920887337,3.866880174834087
/Users/rzhuang/Documents/VscodeProjects/deconvATAC/results/primary/shapemix_primary_ablation_protocol_v1__shard_01_of_05,pbmc_granulocyte_sorted_10k_shapemix_observed_abundance_split_1103_mix_211__atac__highly_variable__shapemix_count_only,pbmc_granulocyte_sorted_10k_shapemix_observed_abundance_split_1103_mix_211,1103,211,observed_abundance,shapemix_count_only,shape_bin,short,fragment_length_lt_100,5120000,,,18320043.0,18075928.93189023,244114.06810976565,10024436.116212323,40462500.26684524,1.9578976789477192,2.811197624388618
/Users/rzhuang/Documents/VscodeProjects/deconvATAC/results/primary/shapemix_primary_ablation_protocol_v1__shard_01_of_05,pbmc_granulocyte_sorted_10k_shapemix_observed_abundance_split_1103_mix_211__atac__highly_variable__shapemix_count_only,pbmc_granulocyte_sorted_10k_shapemix_observed_abundance_split_1103_mix_211,1103,211,observed_abundance,shapemix_count_only,shape_bin,mono,fragment_length_100_249,5120000,,,11190369.0,11014905.088526107,175463.91147389263,7696727.423833827,23082234.178220738,1.5032670749675443,2.1232637290110095
/Users/rzhuang/Documents/VscodeProjects/deconvATAC/results/primary/shapemix_primary_ablation_protocol_v1__shard_01_of_05,pbmc_granulocyte_sorted_10k_shapemix_observed_abundance_split_1103_mix_211__atac__highly_variable__shapemix_count_only,pbmc_granulocyte_sorted_10k_shapemix_observed_abundance_split_1103_mix_211,1103,211,observed_abundance,shapemix_count_only,shape_bin,long,fragment_length_ge_250,5120000,,,4445183.0,4365487.336948975,79695.66305102501,4291674.887205237,7597535.104185551,0.8382177514072727,1.2181517044425298
/Users/rzhuang/Documents/VscodeProjects/deconvATAC/results/primary/shapemix_primary_ablation_protocol_v1__shard_01_of_05,pbmc_granulocyte_sorted_10k_shapemix_observed_abundance_split_1103_mix_211__atac__highly_variable__shapemix_length,pbmc_granulocyte_sorted_10k_shapemix_observed_abundance_split_1103_mix_211,1103,211,observed_abundance,shapemix_length,total_count,,,5120000,4036611.0,5120000.0,33955595.0,33455617.09788123,499977.90211876854,13924594.696697868,76587869.65881313,2.719647401698802,3.867630837184042
/Users/rzhuang/Documents/VscodeProjects/deconvATAC/results/primary/shapemix_primary_ablation_protocol_v1__shard_01_of_05,pbmc_granulocyte_sorted_10k_shapemix_observed_abundance_split_1103_mix_211__atac__highly_variable__shapemix_length,pbmc_granulocyte_sorted_10k_shapemix_observed_abundance_split_1103_mix_211,1103,211,observed_abundance,shapemix_length,shape_bin,short,fragment_length_lt_100,5120000,,,18320043.0,18068534.33070273,251508.6692972742,10023692.289590592,40455181.380475394,1.9577524003106623,2.8109433671588087
/Users/rzhuang/Documents/VscodeProjects/deconvATAC/results/primary/shapemix_primary_ablation_protocol_v1__shard_01_of_05,pbmc_granulocyte_sorted_10k_shapemix_observed_abundance_split_1103_mix_211__atac__highly_variable__shapemix_length,pbmc_granulocyte_sorted_10k_shapemix_observed_abundance_split_1103_mix_211,1103,211,observed_abundance,shapemix_length,shape_bin,mono,fragment_length_100_249,5120000,,,11190369.0,11018784.538916271,171584.46108372696,7696773.627016881,23073882.010179203,1.5032760990267344,2.122879549129702
/Users/rzhuang/Documents/VscodeProjects/deconvATAC/results/primary/shapemix_primary_ablation_protocol_v1__shard_01_of_05,pbmc_granulocyte_sorted_10k_shapemix_observed_abundance_split_1103_mix_211__atac__highly_variable__shapemix_length,pbmc_granulocyte_sorted_10k_shapemix_observed_abundance_split_1103_mix_211,1103,211,observed_abundance,shapemix_length,shape_bin,long,fragment_length_ge_250,5120000,,,4445183.0,4368298.228262208,76884.7717377916,4291684.051649436,7593087.793552248,0.8382195413377805,1.2177951222098788
/Users/rzhuang/Documents/VscodeProjects/deconvATAC/results/primary/shapemix_primary_ablation_protocol_v1__shard_02_of_05,pbmc_granulocyte_sorted_10k_shapemix_observed_abundance_split_2203_mix_101__atac__highly_variable__shapemix_count_only,pbmc_granulocyte_sorted_10k_shapemix_observed_abundance_split_2203_mix_101,2203,101,observed_abundance,shapemix_count_only,total_count,,,5120000,4055678.0,5120000.0,33785926.0,33268566.185788915,517359.81421108544,13946482.375358876,76341780.83303252,2.7239223389372804,3.861412185839743
/Users/rzhuang/Documents/VscodeProjects/deconvATAC/results/primary/shapemix_primary_ablation_protocol_v1__shard_02_of_05,pbmc_granulocyte_sorted_10k_shapemix_observed_abundance_split_2203_mix_101__atac__highly_variable__shapemix_count_only,pbmc_granulocyte_sorted_10k_shapemix_observed_abundance_split_2203_mix_101,2203,101,observed_abundance,shapemix_count_only,shape_bin,short,fragment_length_lt_100,5120000,,,18226071.0,17956837.120585658,269233.87941434234,10039674.020576164,40202674.085646376,1.960873832143782,2.802157165890737
/Users/rzhuang/Documents/VscodeProjects/deconvATAC/results/primary/shapemix_primary_ablation_protocol_v1__shard_02_of_05,pbmc_granulocyte_sorted_10k_shapemix_observed_abundance_split_2203_mix_101__atac__highly_variable__shapemix_count_only,pbmc_granulocyte_sorted_10k_shapemix_observed_abundance_split_2203_mix_101,2203,101,observed_abundance,shapemix_count_only,shape_bin,mono,fragment_length_100_249,5120000,,,11148720.0,10977055.83148942,171664.16851057857,7719949.690439163,23215636.766973794,1.507802673913899,2.1293905362919148
/Users/rzhuang/Documents/VscodeProjects/deconvATAC/results/primary/shapemix_primary_ablation_protocol_v1__shard_02_of_05,pbmc_granulocyte_sorted_10k_shapemix_observed_abundance_split_2203_mix_101__atac__highly_variable__shapemix_count_only,pbmc_granulocyte_sorted_10k_shapemix_observed_abundance_split_2203_mix_101,2203,101,observed_abundance,shapemix_count_only,shape_bin,long,fragment_length_ge_250,5120000,,,4411135.0,4334673.233713842,76461.766286158,4293404.46552453,7549534.724414385,0.8385555596727597,1.2142975339109376
/Users/rzhuang/Documents/VscodeProjects/deconvATAC/results/primary/shapemix_primary_ablation_protocol_v1__shard_02_of_05,pbmc_granulocyte_sorted_10k_shapemix_observed_abundance_split_2203_mix_101__atac__highly_variable__shapemix_length,pbmc_granulocyte_sorted_10k_shapemix_observed_abundance_split_2203_mix_101,2203,101,observed_abundance,shapemix_length,total_count,,,5120000,4055678.0,5120000.0,33785926.0,33267354.329979613,518571.6700203866,13951108.418300856,76370247.46105753,2.724825862949386,3.862132048135822
/Users/rzhuang/Documents/VscodeProjects/deconvATAC/results/primary/shapemix_primary_ablation_protocol_v1__shard_02_of_05,pbmc_granulocyte_sorted_10k_shapemix_observed_abundance_split_2203_mix_101__atac__highly_variable__shapemix_length,pbmc_granulocyte_sorted_10k_shapemix_observed_abundance_split_2203_mix_101,2203,101,observed_abundance,shapemix_length,shape_bin,short,fragment_length_lt_100,5120000,,,18226071.0,17950280.710132256,275790.28986774385,10039215.640935136,40195360.8376106,1.9607843048701437,2.801902284805061
/Users/rzhuang/Documents/VscodeProjects/deconvATAC/results/primary/shapemix_primary_ablation_protocol_v1__shard_02_of_05,pbmc_granulocyte_sorted_10k_shapemix_observed_abundance_split_2203_mix_101__atac__highly_variable__shapemix_length,pbmc_granulocyte_sorted_10k_shapemix_observed_abundance_split_2203_mix_101,2203,101,observed_abundance,shapemix_length,shape_bin,mono,fragment_length_100_249,5120000,,,11148720.0,10980163.981090603,168556.01890939474,7720102.987145703,23206423.471951462,1.5078326146768952,2.1289679622684603
/Users/rzhuang/Documents/VscodeProjects/deconvATAC/results/primary/shapemix_primary_ablation_protocol_v1__shard_02_of_05,pbmc_granulocyte_sorted_10k_shapemix_observed_abundance_split_2203_mix_101__atac__highly_variable__shapemix_length,pbmc_granulocyte_sorted_10k_shapemix_observed_abundance_split_2203_mix_101,2203,101,observed_abundance,shapemix_length,shape_bin,long,fragment_length_ge_250,5120000,,,4411135.0,4336909.638756751,74225.36124324892,4293319.520257243,7545169.670044033,0.8385389688002428,1.213946436701585
/Users/rzhuang/Documents/VscodeProjects/deconvATAC/results/primary/shapemix_primary_ablation_protocol_v1__shard_03_of_05,pbmc_granulocyte_sorted_10k_shapemix_observed_abundance_split_2203_mix_211__atac__highly_variable__shapemix_count_only,pbmc_granulocyte_sorted_10k_shapemix_observed_abundance_split_2203_mix_211,2203,211,observed_abundance,shapemix_count_only,total_count,,,5120000,4019828.0,5120000.0,33294360.0,32792142.838977635,502217.1610223651,13786851.79137832,74815658.10921387,2.6927444905035784,3.82262125045836
/Users/rzhuang/Documents/VscodeProjects/deconvATAC/results/primary/shapemix_primary_ablation_protocol_v1__shard_03_of_05,pbmc_granulocyte_sorted_10k_shapemix_observed_abundance_split_2203_mix_211__atac__highly_variable__shapemix_count_only,pbmc_granulocyte_sorted_10k_shapemix_observed_abundance_split_2203_mix_211,2203,211,observed_abundance,shapemix_count_only,shape_bin,short,fragment_length_lt_100,5120000,,,17934820.0,17695659.54820009,239160.45179991052,9919632.68600758,39440977.23439252,1.9374282589858551,2.7754847983896953
/Users/rzhuang/Documents/VscodeProjects/deconvATAC/results/primary/shapemix_primary_ablation_protocol_v1__shard_03_of_05,pbmc_granulocyte_sorted_10k_shapemix_observed_abundance_split_2203_mix_211__atac__highly_variable__shapemix_count_only,pbmc_granulocyte_sorted_10k_shapemix_observed_abundance_split_2203_mix_211,2203,211,observed_abundance,shapemix_count_only,shape_bin,mono,fragment_length_100_249,5120000,,,10999161.0,10821490.552479828,177670.44752017222,7638435.822312943,22888693.30861195,1.4918819965454966,2.1143433760480512
/Users/rzhuang/Documents/VscodeProjects/deconvATAC/results/primary/shapemix_primary_ablation_protocol_v1__shard_03_of_05,pbmc_granulocyte_sorted_10k_shapemix_observed_abundance_split_2203_mix_211__atac__highly_variable__shapemix_count_only,pbmc_granulocyte_sorted_10k_shapemix_observed_abundance_split_2203_mix_211,2203,211,observed_abundance,shapemix_count_only,shape_bin,long,fragment_length_ge_250,5120000,,,4360379.0,4274992.738297723,85386.26170227677,4248319.544547039,7450548.406882463,0.8297499110443436,1.2063105884137928
/Users/rzhuang/Documents/VscodeProjects/deconvATAC/results/primary/shapemix_primary_ablation_protocol_v1__shard_03_of_05,pbmc_granulocyte_sorted_10k_shapemix_observed_abundance_split_2203_mix_211__atac__highly_variable__shapemix_length,pbmc_granulocyte_sorted_10k_shapemix_observed_abundance_split_2203_mix_211,2203,211,observed_abundance,shapemix_length,total_count,,,5120000,4019828.0,5120000.0,33294360.0,32790510.07240069,503849.9275993109,13791077.197089164,74841670.55550556,2.6935697650564774,3.8232857309351314
/Users/rzhuang/Documents/VscodeProjects/deconvATAC/results/primary/shapemix_primary_ablation_protocol_v1__shard_03_of_05,pbmc_granulocyte_sorted_10k_shapemix_observed_abundance_split_2203_mix_211__atac__highly_variable__shapemix_length,pbmc_granulocyte_sorted_10k_shapemix_observed_abundance_split_2203_mix_211,2203,211,observed_abundance,shapemix_length,shape_bin,short,fragment_length_lt_100,5120000,,,17934820.0,17688424.36048331,246395.63951668888,9919105.974087864,39434413.871458754,1.937325385564036,2.7752538549237777
/Users/rzhuang/Documents/VscodeProjects/deconvATAC/results/primary/shapemix_primary_ablation_protocol_v1__shard_03_of_05,pbmc_granulocyte_sorted_10k_shapemix_observed_abundance_split_2203_mix_211__atac__highly_variable__shapemix_length,pbmc_granulocyte_sorted_10k_shapemix_observed_abundance_split_2203_mix_211,2203,211,observed_abundance,shapemix_length,shape_bin,mono,fragment_length_100_249,5120000,,,10999161.0,10824744.696085462,174416.30391453765,7638465.653058046,22879317.720025208,1.4918878228628996,2.113910296628602
/Users/rzhuang/Documents/VscodeProjects/deconvATAC/results/primary/shapemix_primary_ablation_protocol_v1__shard_03_of_05,pbmc_granulocyte_sorted_10k_shapemix_observed_abundance_split_2203_mix_211__atac__highly_variable__shapemix_length,pbmc_granulocyte_sorted_10k_shapemix_observed_abundance_split_2203_mix_211,2203,211,observed_abundance,shapemix_length,shape_bin,long,fragment_length_ge_250,5120000,,,4360379.0,4277341.0158319045,83037.98416809551,4248308.988802746,7446404.098828681,0.8297478493755364,1.2059750414301602
/Users/rzhuang/Documents/VscodeProjects/deconvATAC/results/primary/shapemix_primary_ablation_protocol_v1__shard_04_of_05,pbmc_granulocyte_sorted_10k_shapemix_observed_abundance_split_3301_mix_101__atac__highly_variable__shapemix_count_only,pbmc_granulocyte_sorted_10k_shapemix_observed_abundance_split_3301_mix_101,3301,101,observed_abundance,shapemix_count_only,total_count,,,5120000,4032249.0,5120000.0,33472337.0,32965223.288245942,507113.7117540576,13851327.320751544,74908892.17940825,2.7053373673342858,3.8250023534359654
/Users/rzhuang/Documents/VscodeProjects/deconvATAC/results/primary/shapemix_primary_ablation_protocol_v1__shard_04_of_05,pbmc_granulocyte_sorted_10k_shapemix_observed_abundance_split_3301_mix_101__atac__highly_variable__shapemix_count_only,pbmc_granulocyte_sorted_10k_shapemix_observed_abundance_split_3301_mix_101,3301,101,observed_abundance,shapemix_count_only,shape_bin,short,fragment_length_lt_100,5120000,,,18044771.0,17805493.800825395,239277.1991746053,9976164.170268886,39819219.246910535,1.9484695645056416,2.7887615995567305
/Users/rzhuang/Documents/VscodeProjects/deconvATAC/results/primary/shapemix_primary_ablation_protocol_v1__shard_04_of_05,pbmc_granulocyte_sorted_10k_shapemix_observed_abundance_split_3301_mix_101__atac__highly_variable__shapemix_count_only,pbmc_granulocyte_sorted_10k_shapemix_observed_abundance_split_3301_mix_101,3301,101,observed_abundance,shapemix_count_only,shape_bin,mono,fragment_length_100_249,5120000,,,11057056.0,10866334.036333738,190721.9636662621,7666691.977315809,22698006.56854855,1.497400776819494,2.105517610451083
/Users/rzhuang/Documents/VscodeProjects/deconvATAC/results/primary/shapemix_primary_ablation_protocol_v1__shard_04_of_05,pbmc_granulocyte_sorted_10k_shapemix_observed_abundance_split_3301_mix_101__atac__highly_variable__shapemix_count_only,pbmc_granulocyte_sorted_10k_shapemix_observed_abundance_split_3301_mix_101,3301,101,observed_abundance,shapemix_count_only,shape_bin,long,fragment_length_ge_250,5120000,,,4370510.0,4293395.451086796,77114.54891320411,4259180.52429204,7464433.943790198,0.831871196150789,1.2074341616198057
/Users/rzhuang/Documents/VscodeProjects/deconvATAC/results/primary/shapemix_primary_ablation_protocol_v1__shard_04_of_05,pbmc_granulocyte_sorted_10k_shapemix_observed_abundance_split_3301_mix_101__atac__highly_variable__shapemix_length,pbmc_granulocyte_sorted_10k_shapemix_observed_abundance_split_3301_mix_101,3301,101,observed_abundance,shapemix_length,total_count,,,5120000,4032249.0,5120000.0,33472337.0,32967267.54227507,505069.45772492886,13855619.156509412,74935513.59691755,2.7061756165057447,3.825681965270762
/Users/rzhuang/Documents/VscodeProjects/deconvATAC/results/primary/shapemix_primary_ablation_protocol_v1__shard_04_of_05,pbmc_granulocyte_sorted_10k_shapemix_observed_abundance_split_3301_mix_101__atac__highly_variable__shapemix_length,pbmc_granulocyte_sorted_10k_shapemix_observed_abundance_split_3301_mix_101,3301,101,observed_abundance,shapemix_length,shape_bin,short,fragment_length_lt_100,5120000,,,18044771.0,17798558.898439232,246212.10156076777,9975164.951375594,39809635.642461315,1.9482744045655456,2.7884259827756277
/Users/rzhuang/Documents/VscodeProjects/deconvATAC/results/primary/shapemix_primary_ablation_protocol_v1__shard_04_of_05,pbmc_granulocyte_sorted_10k_shapemix_observed_abundance_split_3301_mix_101__atac__highly_variable__shapemix_length,pbmc_granulocyte_sorted_10k_shapemix_observed_abundance_split_3301_mix_101,3301,101,observed_abundance,shapemix_length,shape_bin,mono,fragment_length_100_249,5120000,,,11057056.0,10871570.975287167,185485.02471283264,7666937.8778999075,22690321.300372437,1.4974488042773255,2.105161128982528
/Users/rzhuang/Documents/VscodeProjects/deconvATAC/results/primary/shapemix_primary_ablation_protocol_v1__shard_04_of_05,pbmc_granulocyte_sorted_10k_shapemix_observed_abundance_split_3301_mix_101__atac__highly_variable__shapemix_length,pbmc_granulocyte_sorted_10k_shapemix_observed_abundance_split_3301_mix_101,3301,101,observed_abundance,shapemix_length,shape_bin,long,fragment_length_ge_250,5120000,,,4370510.0,4297137.668548695,73372.33145130519,4259372.2533318605,7460081.439374009,0.831908643228879,1.2070820834258689
/Users/rzhuang/Documents/VscodeProjects/deconvATAC/results/primary/shapemix_primary_ablation_protocol_v1__shard_00_of_05,pbmc_granulocyte_sorted_10k_shapemix_observed_abundance_split_3301_mix_211__atac__highly_variable__shapemix_count_only,pbmc_granulocyte_sorted_10k_shapemix_observed_abundance_split_3301_mix_211,3301,211,observed_abundance,shapemix_count_only,total_count,,,5120000,4055649.0,5120000.0,34034236.0,33537705.897460748,496530.1025392525,13967201.418818882,76054012.11114995,2.7279690271130628,3.854127558924195
/Users/rzhuang/Documents/VscodeProjects/deconvATAC/results/primary/shapemix_primary_ablation_protocol_v1__shard_00_of_05,pbmc_granulocyte_sorted_10k_shapemix_observed_abundance_split_3301_mix_211__atac__highly_variable__shapemix_count_only,pbmc_granulocyte_sorted_10k_shapemix_observed_abundance_split_3301_mix_211,3301,211,observed_abundance,shapemix_count_only,shape_bin,short,fragment_length_lt_100,5120000,,,18358913.0,18131628.023869205,227284.97613079473,10068227.718476882,40435250.72042759,1.966450726265016,2.810250861815278
/Users/rzhuang/Documents/VscodeProjects/deconvATAC/results/primary/shapemix_primary_ablation_protocol_v1__shard_00_of_05,pbmc_granulocyte_sorted_10k_shapemix_observed_abundance_split_3301_mix_211__atac__highly_variable__shapemix_count_only,pbmc_granulocyte_sorted_10k_shapemix_observed_abundance_split_3301_mix_211,3301,211,observed_abundance,shapemix_count_only,shape_bin,mono,fragment_length_100_249,5120000,,,11235456.0,11045376.490203695,190079.50979630463,7736293.086195222,23024040.963848654,1.5109947433975044,2.120585532524376
/Users/rzhuang/Documents/VscodeProjects/deconvATAC/results/primary/shapemix_primary_ablation_protocol_v1__shard_00_of_05,pbmc_granulocyte_sorted_10k_shapemix_observed_abundance_split_3301_mix_211__atac__highly_variable__shapemix_count_only,pbmc_granulocyte_sorted_10k_shapemix_observed_abundance_split_3301_mix_211,3301,211,observed_abundance,shapemix_count_only,shape_bin,long,fragment_length_ge_250,5120000,,,4439867.0,4360701.383387838,79165.61661216244,4301831.8609305825,7581948.879809355,0.8402015353380043,1.2169015533673069
/Users/rzhuang/Documents/VscodeProjects/deconvATAC/results/primary/shapemix_primary_ablation_protocol_v1__shard_00_of_05,pbmc_granulocyte_sorted_10k_shapemix_observed_abundance_split_3301_mix_211__atac__highly_variable__shapemix_length,pbmc_granulocyte_sorted_10k_shapemix_observed_abundance_split_3301_mix_211,3301,211,observed_abundance,shapemix_length,total_count,,,5120000,4055649.0,5120000.0,34034236.0,33538765.504957948,495470.4950420521,13971448.92661968,76088326.3556741,2.7287986184804063,3.8549969184608432
/Users/rzhuang/Documents/VscodeProjects/deconvATAC/results/primary/shapemix_primary_ablation_protocol_v1__shard_00_of_05,pbmc_granulocyte_sorted_10k_shapemix_observed_abundance_split_3301_mix_211__atac__highly_variable__shapemix_length,pbmc_granulocyte_sorted_10k_shapemix_observed_abundance_split_3301_mix_211,3301,211,observed_abundance,shapemix_length,shape_bin,short,fragment_length_lt_100,5120000,,,18358913.0,18124637.69359111,234275.30640888587,10067262.420591287,40426316.23820088,1.966262191521736,2.80994037130214
/Users/rzhuang/Documents/VscodeProjects/deconvATAC/results/primary/shapemix_primary_ablation_protocol_v1__shard_00_of_05,pbmc_granulocyte_sorted_10k_shapemix_observed_abundance_split_3301_mix_211__atac__highly_variable__shapemix_length,pbmc_granulocyte_sorted_10k_shapemix_observed_abundance_split_3301_mix_211,3301,211,observed_abundance,shapemix_length,shape_bin,mono,fragment_length_100_249,5120000,,,11235456.0,11049956.313484129,185499.68651587144,7736446.346724567,23018342.03472371,1.511024677094642,2.1203230717645307
/Users/rzhuang/Documents/VscodeProjects/deconvATAC/results/primary/shapemix_primary_ablation_protocol_v1__shard_00_of_05,pbmc_granulocyte_sorted_10k_shapemix_observed_abundance_split_3301_mix_211__atac__highly_variable__shapemix_length,pbmc_granulocyte_sorted_10k_shapemix_observed_abundance_split_3301_mix_211,3301,211,observed_abundance,shapemix_length,shape_bin,long,fragment_length_ge_250,5120000,,,4439867.0,4364171.497882704,75695.50211729575,4301856.954795858,7577301.401283287,0.840206436483566,1.2165285364257354
/Users/rzhuang/Documents/VscodeProjects/deconvATAC/results/primary/shapemix_primary_ablation_protocol_v1__shard_01_of_05,pbmc_granulocyte_sorted_10k_shapemix_observed_abundance_split_4409_mix_101__atac__highly_variable__shapemix_count_only,pbmc_granulocyte_sorted_10k_shapemix_observed_abundance_split_4409_mix_101,4409,101,observed_abundance,shapemix_count_only,total_count,,,5120000,4030704.0,5120000.0,33217870.0,32715261.704698235,502608.2953017652,13783800.101266254,74047606.18681638,2.692148457278565,3.802949261213272
/Users/rzhuang/Documents/VscodeProjects/deconvATAC/results/primary/shapemix_primary_ablation_protocol_v1__shard_01_of_05,pbmc_granulocyte_sorted_10k_shapemix_observed_abundance_split_4409_mix_101__atac__highly_variable__shapemix_count_only,pbmc_granulocyte_sorted_10k_shapemix_observed_abundance_split_4409_mix_101,4409,101,observed_abundance,shapemix_count_only,shape_bin,short,fragment_length_lt_100,5120000,,,17903543.0,17664934.252485286,238608.74751471356,9927271.159730611,39336468.02396159,1.9389201483848857,2.7718051718924976
/Users/rzhuang/Documents/VscodeProjects/deconvATAC/results/primary/shapemix_primary_ablation_protocol_v1__shard_01_of_05,pbmc_granulocyte_sorted_10k_shapemix_observed_abundance_split_4409_mix_101__atac__highly_variable__shapemix_count_only,pbmc_granulocyte_sorted_10k_shapemix_observed_abundance_split_4409_mix_101,4409,101,observed_abundance,shapemix_count_only,shape_bin,mono,fragment_length_100_249,5120000,,,10973952.0,10788328.186366413,185623.8136335872,7639978.767311517,22522560.20558462,1.4921833529905306,2.097364427121154
/Users/rzhuang/Documents/VscodeProjects/deconvATAC/results/primary/shapemix_primary_ablation_protocol_v1__shard_01_of_05,pbmc_granulocyte_sorted_10k_shapemix_observed_abundance_split_4409_mix_101__atac__highly_variable__shapemix_count_only,pbmc_granulocyte_sorted_10k_shapemix_observed_abundance_split_4409_mix_101,4409,101,observed_abundance,shapemix_count_only,shape_bin,long,fragment_length_ge_250,5120000,,,4340375.0,4261999.265846536,78375.73415346444,4243606.502916278,7401051.270241893,0.8288293951008356,1.2022968960365488
/Users/rzhuang/Documents/VscodeProjects/deconvATAC/results/primary/shapemix_primary_ablation_protocol_v1__shard_01_of_05,pbmc_granulocyte_sorted_10k_shapemix_observed_abundance_split_4409_mix_101__atac__highly_variable__shapemix_length,pbmc_granulocyte_sorted_10k_shapemix_observed_abundance_split_4409_mix_101,4409,101,observed_abundance,shapemix_length,total_count,,,5120000,4030704.0,5120000.0,33217870.0,32715554.341402628,502315.6585973725,13787834.173784122,74070047.98316905,2.6929363620672113,3.803525502308707
/Users/rzhuang/Documents/VscodeProjects/deconvATAC/results/primary/shapemix_primary_ablation_protocol_v1__shard_01_of_05,pbmc_granulocyte_sorted_10k_shapemix_observed_abundance_split_4409_mix_101__atac__highly_variable__shapemix_length,pbmc_granulocyte_sorted_10k_shapemix_observed_abundance_split_4409_mix_101,4409,101,observed_abundance,shapemix_length,shape_bin,short,fragment_length_lt_100,5120000,,,17903543.0,17657979.045117836,245563.95488216355,9926771.729081629,39329878.88492797,1.9388226033362557,2.7715730135994066
/Users/rzhuang/Documents/VscodeProjects/deconvATAC/results/primary/shapemix_primary_ablation_protocol_v1__shard_01_of_05,pbmc_granulocyte_sorted_10k_shapemix_observed_abundance_split_4409_mix_101__atac__highly_variable__shapemix_length,pbmc_granulocyte_sorted_10k_shapemix_observed_abundance_split_4409_mix_101,4409,101,observed_abundance,shapemix_length,shape_bin,mono,fragment_length_100_249,5120000,,,10973952.0,10792658.562787997,181293.4372120034,7640103.931458826,22512343.31544486,1.492207799113052,2.096888660324583
/Users/rzhuang/Documents/VscodeProjects/deconvATAC/results/primary/shapemix_primary_ablation_protocol_v1__shard_01_of_05,pbmc_granulocyte_sorted_10k_shapemix_observed_abundance_split_4409_mix_101__atac__highly_variable__shapemix_length,pbmc_granulocyte_sorted_10k_shapemix_observed_abundance_split_4409_mix_101,4409,101,observed_abundance,shapemix_length,shape_bin,long,fragment_length_ge_250,5120000,,,4340375.0,4264916.733496789,75458.26650321111,4243657.058332834,7396704.219910466,0.8288392692056317,1.2019437561513695
/Users/rzhuang/Documents/VscodeProjects/deconvATAC/results/primary/shapemix_primary_ablation_protocol_v1__shard_02_of_05,pbmc_granulocyte_sorted_10k_shapemix_observed_abundance_split_4409_mix_211__atac__highly_variable__shapemix_count_only,pbmc_granulocyte_sorted_10k_shapemix_observed_abundance_split_4409_mix_211,4409,211,observed_abundance,shapemix_count_only,total_count,,,5120000,4046197.0,5120000.0,33879146.0,33393125.81221085,486020.1877891496,13925006.25028978,75966163.8668593,2.719727783259722,3.851901008624957
/Users/rzhuang/Documents/VscodeProjects/deconvATAC/results/primary/shapemix_primary_ablation_protocol_v1__shard_02_of_05,pbmc_granulocyte_sorted_10k_shapemix_observed_abundance_split_4409_mix_211__atac__highly_variable__shapemix_count_only,pbmc_granulocyte_sorted_10k_shapemix_observed_abundance_split_4409_mix_211,4409,211,observed_abundance,shapemix_count_only,shape_bin,short,fragment_length_lt_100,5120000,,,18265986.0,18028055.02094488,237930.97905511784,10024296.83595839,40169143.28691144,1.957870475773123,2.8009883609584834
/Users/rzhuang/Documents/VscodeProjects/deconvATAC/results/primary/shapemix_primary_ablation_protocol_v1__shard_02_of_05,pbmc_granulocyte_sorted_10k_shapemix_observed_abundance_split_4409_mix_211__atac__highly_variable__shapemix_count_only,pbmc_granulocyte_sorted_10k_shapemix_observed_abundance_split_4409_mix_211,4409,211,observed_abundance,shapemix_count_only,shape_bin,mono,fragment_length_100_249,5120000,,,11183328.0,11013893.77305849,169434.22694150917,7714472.36003886,23054196.419717617,1.50673288282009,2.121973783585956
/Users/rzhuang/Documents/VscodeProjects/deconvATAC/results/primary/shapemix_primary_ablation_protocol_v1__shard_02_of_05,pbmc_granulocyte_sorted_10k_shapemix_observed_abundance_split_4409_mix_211__atac__highly_variable__shapemix_count_only,pbmc_granulocyte_sorted_10k_shapemix_observed_abundance_split_4409_mix_211,4409,211,observed_abundance,shapemix_count_only,shape_bin,long,fragment_length_ge_250,5120000,,,4429832.0,4351177.01820749,78654.98179250956,4289228.450298478,7556870.7361996705,0.8377399316989215,1.2148873674806229
/Users/rzhuang/Documents/VscodeProjects/deconvATAC/results/primary/shapemix_primary_ablation_protocol_v1__shard_02_of_05,pbmc_granulocyte_sorted_10k_shapemix_observed_abundance_split_4409_mix_211__atac__highly_variable__shapemix_length,pbmc_granulocyte_sorted_10k_shapemix_observed_abundance_split_4409_mix_211,4409,211,observed_abundance,shapemix_length,total_count,,,5120000,4046197.0,5120000.0,33879146.0,33393858.133297473,485287.8667025268,13929413.966056949,75998487.1093132,2.7205886652454976,3.852720404277701
/Users/rzhuang/Documents/VscodeProjects/deconvATAC/results/primary/shapemix_primary_ablation_protocol_v1__shard_02_of_05,pbmc_granulocyte_sorted_10k_shapemix_observed_abundance_split_4409_mix_211__atac__highly_variable__shapemix_length,pbmc_granulocyte_sorted_10k_shapemix_observed_abundance_split_4409_mix_211,4409,211,observed_abundance,shapemix_length,shape_bin,short,fragment_length_lt_100,5120000,,,18265986.0,18020926.26853172,245059.73146827891,10023553.488296008,40160943.38179467,1.957725290682814,2.800702457287595
/Users/rzhuang/Documents/VscodeProjects/deconvATAC/results/primary/shapemix_primary_ablation_protocol_v1__shard_02_of_05,pbmc_granulocyte_sorted_10k_shapemix_observed_abundance_split_4409_mix_211__atac__highly_variable__shapemix_length,pbmc_granulocyte_sorted_10k_shapemix_observed_abundance_split_4409_mix_211,4409,211,observed_abundance,shapemix_length,shape_bin,mono,fragment_length_100_249,5120000,,,11183328.0,11018453.253351692,164874.7466483079,7714783.099348398,23047844.77912854,1.506793574091484,2.1216814519205145
/Users/rzhuang/Documents/VscodeProjects/deconvATAC/results/primary/shapemix_primary_ablation_protocol_v1__shard_02_of_05,pbmc_granulocyte_sorted_10k_shapemix_observed_abundance_split_4409_mix_211__atac__highly_variable__shapemix_length,pbmc_granulocyte_sorted_10k_shapemix_observed_abundance_split_4409_mix_211,4409,211,observed_abundance,shapemix_length,shape_bin,long,fragment_length_ge_250,5120000,,,4429832.0,4354478.61141407,75353.38858592976,4289458.2601977205,7552602.934098642,0.8377848164448672,1.214544260439339
/Users/rzhuang/Documents/VscodeProjects/deconvATAC/results/primary/shapemix_primary_ablation_protocol_v1__shard_03_of_05,pbmc_granulocyte_sorted_10k_shapemix_observed_abundance_split_5501_mix_101__atac__highly_variable__shapemix_count_only,pbmc_granulocyte_sorted_10k_shapemix_observed_abundance_split_5501_mix_101,5501,101,observed_abundance,shapemix_count_only,total_count,,,5120000,4028739.0,5120000.0,33482237.0,32990154.95112352,492082.04887647927,13837994.098677868,74965891.53544456,2.702733222398021,3.8264573289815367
/Users/rzhuang/Documents/VscodeProjects/deconvATAC/results/primary/shapemix_primary_ablation_protocol_v1__shard_03_of_05,pbmc_granulocyte_sorted_10k_shapemix_observed_abundance_split_5501_mix_101__atac__highly_variable__shapemix_count_only,pbmc_granulocyte_sorted_10k_shapemix_observed_abundance_split_5501_mix_101,5501,101,observed_abundance,shapemix_count_only,shape_bin,short,fragment_length_lt_100,5120000,,,18048537.0,17832986.343902007,215550.65609799323,9972003.201504592,39786693.02822323,1.9476568752938657,2.7876223707803125
/Users/rzhuang/Documents/VscodeProjects/deconvATAC/results/primary/shapemix_primary_ablation_protocol_v1__shard_03_of_05,pbmc_granulocyte_sorted_10k_shapemix_observed_abundance_split_5501_mix_101__atac__highly_variable__shapemix_count_only,pbmc_granulocyte_sorted_10k_shapemix_observed_abundance_split_5501_mix_101,5501,101,observed_abundance,shapemix_count_only,shape_bin,mono,fragment_length_100_249,5120000,,,11046901.0,10859011.21081696,187889.78918304108,7657320.065706176,22748612.137444805,1.4955703253332375,2.1078634462637016
/Users/rzhuang/Documents/VscodeProjects/deconvATAC/results/primary/shapemix_primary_ablation_protocol_v1__shard_03_of_05,pbmc_granulocyte_sorted_10k_shapemix_observed_abundance_split_5501_mix_101__atac__highly_variable__shapemix_count_only,pbmc_granulocyte_sorted_10k_shapemix_observed_abundance_split_5501_mix_101,5501,101,observed_abundance,shapemix_count_only,shape_bin,long,fragment_length_ge_250,5120000,,,4386799.0,4298157.396404556,88641.603595444,4259927.711044506,7492269.356704176,0.8320171310633802,1.209683371271708
/Users/rzhuang/Documents/VscodeProjects/deconvATAC/results/primary/shapemix_primary_ablation_protocol_v1__shard_03_of_05,pbmc_granulocyte_sorted_10k_shapemix_observed_abundance_split_5501_mix_101__atac__highly_variable__shapemix_length,pbmc_granulocyte_sorted_10k_shapemix_observed_abundance_split_5501_mix_101,5501,101,observed_abundance,shapemix_length,total_count,,,5120000,4028739.0,5120000.0,33482237.0,32990259.9136213,491977.08637870103,13842153.992433405,74996377.8128512,2.703545701647149,3.8272353000008374
/Users/rzhuang/Documents/VscodeProjects/deconvATAC/results/primary/shapemix_primary_ablation_protocol_v1__shard_03_of_05,pbmc_granulocyte_sorted_10k_shapemix_observed_abundance_split_5501_mix_101__atac__highly_variable__shapemix_length,pbmc_granulocyte_sorted_10k_shapemix_observed_abundance_split_5501_mix_101,5501,101,observed_abundance,shapemix_length,shape_bin,short,fragment_length_lt_100,5120000,,,18048537.0,17826041.27557371,222495.72442628816,9971202.964855894,39779693.38975089,1.9475005790734168,2.7873771479987637
/Users/rzhuang/Documents/VscodeProjects/deconvATAC/results/primary/shapemix_primary_ablation_protocol_v1__shard_03_of_05,pbmc_granulocyte_sorted_10k_shapemix_observed_abundance_split_5501_mix_101__atac__highly_variable__shapemix_length,pbmc_granulocyte_sorted_10k_shapemix_observed_abundance_split_5501_mix_101,5501,101,observed_abundance,shapemix_length,shape_bin,mono,fragment_length_100_249,5120000,,,11046901.0,10862840.70361297,184060.2963870298,7657353.048515775,22740754.131548844,1.4955767672882374,2.1074993573707523
/Users/rzhuang/Documents/VscodeProjects/deconvATAC/results/primary/shapemix_primary_ablation_protocol_v1__shard_03_of_05,pbmc_granulocyte_sorted_10k_shapemix_observed_abundance_split_5501_mix_101__atac__highly_variable__shapemix_length,pbmc_granulocyte_sorted_10k_shapemix_observed_abundance_split_5501_mix_101,5501,101,observed_abundance,shapemix_length,shape_bin,long,fragment_length_ge_250,5120000,,,4386799.0,4301377.934434612,85421.06556538772,4260092.735753598,7487994.1828747345,0.8320493624518746,1.2093381925014697
/Users/rzhuang/Documents/VscodeProjects/deconvATAC/results/primary/shapemix_primary_ablation_protocol_v1__shard_04_of_05,pbmc_granulocyte_sorted_10k_shapemix_observed_abundance_split_5501_mix_211__atac__highly_variable__shapemix_count_only,pbmc_granulocyte_sorted_10k_shapemix_observed_abundance_split_5501_mix_211,5501,211,observed_abundance,shapemix_count_only,total_count,,,5120000,4056141.0,5120000.0,34100786.0,33602120.58408223,498665.4159177691,13989638.79220948,77161384.67941093,2.732351326603414,3.882084870942088
/Users/rzhuang/Documents/VscodeProjects/deconvATAC/results/primary/shapemix_primary_ablation_protocol_v1__shard_04_of_05,pbmc_granulocyte_sorted_10k_shapemix_observed_abundance_split_5501_mix_211__atac__highly_variable__shapemix_count_only,pbmc_granulocyte_sorted_10k_shapemix_observed_abundance_split_5501_mix_211,5501,211,observed_abundance,shapemix_count_only,shape_bin,short,fragment_length_lt_100,5120000,,,18371564.0,18157096.501439832,214467.49856016785,10062687.25788756,40424238.47963007,1.9653686050561645,2.8098681602617495
/Users/rzhuang/Documents/VscodeProjects/deconvATAC/results/primary/shapemix_primary_ablation_protocol_v1__shard_04_of_05,pbmc_granulocyte_sorted_10k_shapemix_observed_abundance_split_5501_mix_211__atac__highly_variable__shapemix_count_only,pbmc_granulocyte_sorted_10k_shapemix_observed_abundance_split_5501_mix_211,5501,211,observed_abundance,shapemix_count_only,shape_bin,mono,fragment_length_100_249,5120000,,,11260733.0,11064887.148188036,195845.8518119641,7741261.885377259,23552053.79769724,1.5119652119877458,2.144763508492893
/Users/rzhuang/Documents/VscodeProjects/deconvATAC/results/primary/shapemix_primary_ablation_protocol_v1__shard_04_of_05,pbmc_granulocyte_sorted_10k_shapemix_observed_abundance_split_5501_mix_211__atac__highly_variable__shapemix_count_only,pbmc_granulocyte_sorted_10k_shapemix_observed_abundance_split_5501_mix_211,5501,211,observed_abundance,shapemix_count_only,shape_bin,long,fragment_length_ge_250,5120000,,,4468489.0,4380136.934454369,88352.06554563064,4314555.933194833,7646423.574871901,0.8426867057021158,1.2220646891499518
/Users/rzhuang/Documents/VscodeProjects/deconvATAC/results/primary/shapemix_primary_ablation_protocol_v1__shard_04_of_05,pbmc_granulocyte_sorted_10k_shapemix_observed_abundance_split_5501_mix_211__atac__highly_variable__shapemix_length,pbmc_granulocyte_sorted_10k_shapemix_observed_abundance_split_5501_mix_211,5501,211,observed_abundance,shapemix_length,total_count,,,5120000,4056141.0,5120000.0,34100786.0,33602905.43968244,497880.56031756103,13993303.964049503,77181071.27940425,2.733067180478419,3.8825800679778184
/Users/rzhuang/Documents/VscodeProjects/deconvATAC/results/primary/shapemix_primary_ablation_protocol_v1__shard_04_of_05,pbmc_granulocyte_sorted_10k_shapemix_observed_abundance_split_5501_mix_211__atac__highly_variable__shapemix_length,pbmc_granulocyte_sorted_10k_shapemix_observed_abundance_split_5501_mix_211,5501,211,observed_abundance,shapemix_length,shape_bin,short,fragment_length_lt_100,5120000,,,18371564.0,18149948.963371012,221615.03662898764,10061577.682372794,40413790.614001326,1.965151891088436,2.8095050238960484
/Users/rzhuang/Documents/VscodeProjects/deconvATAC/results/primary/shapemix_primary_ablation_protocol_v1__shard_04_of_05,pbmc_granulocyte_sorted_10k_shapemix_observed_abundance_split_5501_mix_211__atac__highly_variable__shapemix_length,pbmc_granulocyte_sorted_10k_shapemix_observed_abundance_split_5501_mix_211,5501,211,observed_abundance,shapemix_length,shape_bin,mono,fragment_length_100_249,5120000,,,11260733.0,11069179.359936977,191553.6400630232,7741090.2836747635,23541525.066079605,1.5119316960302271,2.1442840563854113
/Users/rzhuang/Documents/VscodeProjects/deconvATAC/results/primary/shapemix_primary_ablation_protocol_v1__shard_04_of_05,pbmc_granulocyte_sorted_10k_shapemix_observed_abundance_split_5501_mix_211__atac__highly_variable__shapemix_length,pbmc_granulocyte_sorted_10k_shapemix_observed_abundance_split_5501_mix_211,5501,211,observed_abundance,shapemix_length,shape_bin,long,fragment_length_ge_250,5120000,,,4468489.0,4383777.116374462,84711.88362553809,4314704.107528616,7641938.032551089,0.8427156460016828,1.2217061929869368
